label,view,area,perimeter,solidity,eccentricity,bbox_ratio,contrast,correlation,energy,homogeneity
glioma,axial,17058.0,1057.850901170082,0.8435367421620018,0.6447635447120857,1.1666666666666667,390.9948801198803,0.8062458622809549,0.25806308246336906,0.46840408324302707
glioma,axial,16414.0,895.5899705197331,0.8901301518438178,0.7746900121611238,1.375,167.16298317823907,0.8264571723431043,0.23983384827233997,0.5382728251256973
glioma,axial,3036.0,415.68228688765845,0.8042384105960265,0.41427101184981563,0.8888888888888888,514.7772887323945,0.8997169423740552,0.2444163678513544,0.34398794822630807
glioma,axial,2624.0,485.8366158202092,0.6865515436944009,0.8362854295555464,0.6136363636363636,234.2754515599343,0.9461642060503582,0.38995324940391674,0.4832256457370047
glioma,axial,3560.0,522.872149726142,0.7507380851961197,0.7126247306793012,1.0972222222222223,454.33660287081335,0.8718246953903591,0.45188664587000466,0.537263991763113
glioma,axial,3718.0,406.99599538664313,0.8504117108874657,0.45234112649800523,1.0,854.0952660406886,0.5981733704218276,0.21987776299949208,0.47626729388243233
glioma,axial,9164.0,761.6427483683689,0.8367421475529584,0.5338904992608275,1.1428571428571428,732.08959740991,0.7210274086210201,0.3170507992782446,0.5688638470289691
glioma,axial,10312.0,702.1808075912434,0.8786639400136332,0.6120648943911897,1.3076923076923077,382.1786836093661,0.8532161465551533,0.2229565010640673,0.37955703254794737
glioma,axial,3848.0,427.5168106668145,0.8427507665352606,0.5501517886634195,1.1940298507462686,412.4933098591549,0.707707704483212,0.2559763799394146,0.44018511667339166
glioma,axial,5169.0,628.1391770309007,0.8018926466025442,0.759603243585896,1.3,575.7834712755599,0.8302541066360002,0.30086237985315933,0.41320959000100194
glioma,axial,593.0,222.17261889578035,0.6349036402569593,0.8492365028881375,1.3666666666666667,945.3212079615648,0.7312166598789328,0.4558622083193156,0.49487854416020044
glioma,axial,8952.0,909.5605332682102,0.7997855802733852,0.8041599588463872,1.5,321.77865497076016,0.8522729600923935,0.2979112117376563,0.4938990250169912
glioma,axial,5476.0,580.4762261269984,0.8303260045489007,0.7668705089406805,1.4545454545454546,336.3629068716094,0.8229333620184384,0.3323686444296099,0.5350631455174033
glioma,axial,11478.0,852.8326112068523,0.823622273249139,0.49910333654225153,1.0140845070422535,228.50995532245537,0.8990278216769788,0.4115766711392953,0.5975229493621922
glioma,axial,19249.0,1386.9240610230004,0.7219638436726427,0.7427131961734702,1.3333333333333333,422.2218190614417,0.7475033317328329,0.38658272092462204,0.5896881934042065
glioma,axial,5708.0,576.8071785686863,0.8253325621746674,0.4338688462282957,1.0,332.16195175438605,0.8592944993283717,0.32163633456087776,0.4573979224391838
glioma,axial,6575.0,696.3168465605643,0.8206440339490764,0.6773985463670191,1.12,137.47026699029124,0.9149699025487457,0.37710238350254244,0.568543509655999
glioma,axial,810.0,207.72287142747453,0.7130281690140845,0.6561974984165448,1.28125,2422.6061827956987,0.43379643822105973,0.31848635176994616,0.4259288405092693
glioma,axial,5549.0,520.0792565073284,0.839358644683104,0.7103317053201502,1.0909090909090908,1006.7981321839083,0.6333074477155827,0.287349225147841,0.4852749653843348
glioma,axial,4331.0,599.9198769408944,0.8163996229971725,0.6522561178922692,0.8181818181818182,205.31092767295598,0.9053800494048845,0.6800133641685014,0.7656006359561681
glioma,axial,1312.0,376.747258045114,0.6993603411513859,0.7482096449924939,1.4,779.0027472527474,0.7518479792349869,0.2901805356805444,0.4036003977709556
glioma,axial,6900.0,650.0325753131025,0.7798372513562387,0.8371503639545098,1.5340909090909092,186.9466700473293,0.8479628771792185,0.37003240712283997,0.5826514103701907
glioma,axial,1987.0,297.9482681718907,0.7506611258027956,0.7741976036612697,1.5,722.0605791962174,0.8378470153621912,0.3449295568059156,0.4567662162407557
glioma,axial,782.0,151.3319984622144,0.8275132275132275,0.7305177737436781,0.7,892.4495192307694,0.7548926890810838,0.24653978658790288,0.3797385166173662
glioma,axial,1218.0,252.80003589374988,0.7315315315315315,0.7733947575276745,1.0416666666666667,541.4764437689969,0.8516056218980764,0.44436339241797057,0.5408379394790546
glioma,axial,1724.0,303.67009357883865,0.767586821015138,0.5252840957834937,0.8571428571428571,797.5670454545455,0.806091741225467,0.2526077832307634,0.3622296635961858
glioma,axial,1366.0,275.83556979968256,0.7375809935205183,0.4987655345288486,1.0,973.4991134751773,0.7397514883239404,0.30427987065964035,0.41604391083092557
glioma,axial,4115.0,490.18585822512665,0.7724798197859959,0.7192547829773288,1.1,349.544591484465,0.8988785941480966,0.3386164857413961,0.4620424272288583
glioma,axial,10088.0,768.193000900063,0.8592844974446338,0.6123435887247758,1.1333333333333333,288.24857884330197,0.9332898340001393,0.3382352038152284,0.4689831358014814
glioma,axial,8973.0,740.5716805565035,0.8542460015232293,0.7873444009755922,1.0,315.0834033613446,0.9101294998040923,0.3301401090514222,0.4830059093200939
glioma,axial,2766.0,411.3036072312181,0.7638773819386909,0.7453775224283322,0.7,641.3447106690778,0.8547724763239046,0.2876261868871172,0.44046928084570897
glioma,axial,559.0,181.0304832720494,0.6850490196078431,0.45451541685725666,1.0,941.0776209677418,0.7256224795952892,0.2960982533946654,0.35182719179737
glioma,axial,6000.0,589.3340905032674,0.8278145695364238,0.44830052133881126,0.9166666666666666,410.95741626794256,0.8972549919703205,0.22249832769333755,0.3305045373151371
glioma,axial,5632.0,707.222438151586,0.752438209752839,0.8076675552185882,1.4204545454545454,202.32596982758625,0.9072331963741973,0.44368304414136644,0.5430675826517058
glioma,axial,10538.0,875.4417382415922,0.8427029188324671,0.6552226741674444,1.2857142857142858,215.09396896896894,0.7336940630525033,0.30164874149750864,0.6217683610044192
glioma,axial,6818.0,658.7899346259832,0.8151602104256337,0.47374946006565627,0.8571428571428571,201.83211336336336,0.9127906922576005,0.31177534335608326,0.4893987849493763
glioma,axial,2941.0,457.58787847867995,0.7491085073866531,0.5996822671580798,0.8888888888888888,362.19432218309856,0.8457665854331667,0.28070191594203897,0.424117915517294
glioma,axial,3101.0,422.6234123846127,0.7876555753111506,0.4932721374407004,0.8,342.13488924050637,0.8352677204282403,0.30900609004468826,0.4499848194219379
glioma,axial,2408.0,301.11374439273465,0.8554174067495559,0.482304174961169,1.0,420.1243506493506,0.8226947617962808,0.16530119654544462,0.2943136961953227
glioma,axial,4379.0,823.891485709898,0.6010156464452374,0.8422015162677261,1.1666666666666667,280.9941729323308,0.929042876718233,0.527920833221518,0.6224421330077411
glioma,axial,1526.0,292.73506473629425,0.7882231404958677,0.6295251641544638,0.7142857142857143,582.2072727272727,0.7319383198182982,0.2037494612881384,0.3689144713686771
glioma,axial,12823.0,862.8265145524424,0.8717791828132436,0.5477217245784576,1.125,371.9215422349845,0.8839847153846502,0.5454440815574422,0.7377977046962293
glioma,axial,2510.0,344.0904037956216,0.8091553836234687,0.5555852895979769,0.9264705882352942,395.44498239436615,0.8755722894397104,0.3778107650753437,0.4805311602161244
glioma,axial,4029.0,743.0447686219222,0.7242495056624124,0.8006747291595776,1.2,395.789029535865,0.8863571732088928,0.39826320086373124,0.4831237337950725
glioma,axial,5404.0,633.819371877506,0.8143459915611815,0.7683748598856983,1.5555555555555556,368.7732645875251,0.8922436744599379,0.26972338033159393,0.3892438255936032
glioma,axial,8654.0,835.9686501761734,0.7881602914389799,0.8093702422623881,1.3846153846153846,287.7549892125135,0.8714249177775959,0.370076888844476,0.5495286773489116
glioma,axial,9152.0,698.1097397793778,0.8546082734148847,0.7044392696595048,1.3076923076923077,259.73943460879497,0.8563289629200146,0.3073662292232638,0.5360281015945516
glioma,axial,8882.0,651.683332908185,0.8635877491492465,0.7287882920647332,1.4166666666666667,409.65874613003086,0.8205931520900059,0.27693220479112735,0.49651401641837245
glioma,axial,8248.0,779.5777772109133,0.8229894232688086,0.7934056022784416,1.6363636363636365,167.74982923497265,0.8995514811513421,0.6360563867400598,0.7407395888197309
glioma,axial,2488.0,372.9249275747777,0.7809165097300691,0.7000562218227845,1.2857142857142858,552.4742424242424,0.7479780428855308,0.29817426456995155,0.5198752895319854
glioma,axial,2238.0,350.36857838867365,0.7651282051282051,0.7073263586501313,1.1428571428571428,361.5204545454545,0.7907255437327432,0.30050460371141774,0.4620344148999123
glioma,axial,2086.0,292.3563850798539,0.780980906027705,0.6314484471759337,1.0,413.43311688311684,0.8234481251640895,0.25040646245898107,0.4033097284592643
glioma,axial,1181.0,255.17871555019022,0.7330850403476101,0.6075957463067875,1.2,780.4780982905983,0.742201637657571,0.2690385943323726,0.3676510230956739
glioma,axial,3728.0,453.7300141024109,0.8137961143855054,0.5310676023702275,1.1764705882352942,252.8,0.7668725210444362,0.2916755165810509,0.5304989323720735
glioma,axial,3764.0,433.8305191657993,0.8103336921420883,0.3421528334409388,1.1111111111111112,265.4519366197183,0.7814251129656391,0.28806959738561294,0.5517714045538262
glioma,axial,10948.0,785.7787873376901,0.8483533514141806,0.500205306231807,1.125,181.49229002624676,0.8558271163875726,0.3678867692023082,0.6431341211873923
glioma,axial,12602.0,907.8975823643079,0.8231759095956627,0.6334178103198129,1.25,216.91870078740158,0.8572566696563493,0.34792935205833175,0.6152499858543361
glioma,axial,13014.0,858.1341263970173,0.850143715704207,0.6569253001314774,1.0588235294117647,181.2983024691358,0.8717293844470366,0.296687957375338,0.5628127171486471
glioma,axial,10922.0,912.5960671741427,0.7632958278006848,0.5495786134394397,1.0555555555555556,241.04283216783213,0.89386314255447,0.46401483328639764,0.6311458333574953
glioma,axial,8394.0,747.3706704297267,0.8067275348390197,0.711499980319697,0.8125,236.75817686250758,0.8308291395960055,0.31955791262771227,0.5470778356611729
glioma,axial,9689.0,835.5777772109134,0.7900358773646445,0.843786573364563,1.5384615384615385,200.13489077669908,0.7256098495939408,0.36782820925014925,0.5578075687594275
glioma,axial,6875.0,721.8021279348029,0.7907752472969864,0.8101372023589454,1.5227272727272727,806.7232927653821,0.6446074221748138,0.36710890645256916,0.4746938395707903
glioma,axial,4498.0,521.4284989122459,0.7863636363636364,0.8670869795592077,1.875,611.4789682539682,0.6233787034760825,0.341313686634239,0.4622003780224521
glioma,axial,3475.0,481.1147904132612,0.7944673068129858,0.9073106437899251,2.4166666666666665,939.8631205673761,0.5671502750977675,0.3071753118328157,0.43119546939345127
glioma,axial,5318.0,696.8731957466684,0.7757840991976659,0.8078170640958668,1.1818181818181819,396.24823165340405,0.5948887506329142,0.3516240214232726,0.5930087315542814
glioma,axial,5315.0,927.6316010800756,0.49854610261701526,0.9326547875848342,1.4285714285714286,360.4063626126126,0.7744695570038098,0.6567338070947917,0.7010933141458222
glioma,axial,7697.0,973.986940139403,0.6321971252566735,0.813469681503535,1.5384615384615385,295.1691140776699,0.7916717605929389,0.48573993499195567,0.6190233408180174
glioma,axial,14443.0,1074.1057351660208,0.7679179072735006,0.8097904372898521,1.375,306.114307444524,0.7041030239868878,0.31326918553620703,0.5198382167638568
glioma,axial,20438.0,1459.3088373338505,0.7626119402985074,0.8090899119563646,1.6180555555555556,329.46395687645685,0.6671059799098609,0.3676563779863356,0.6056265234173038
glioma,axial,19941.0,1417.2377695219852,0.731109074243813,0.7093953774798268,1.34375,376.16724901001623,0.7385797317912731,0.3859814416172536,0.595947784543927
glioma,axial,20048.0,1324.035713374682,0.7725030826140568,0.7213132329740358,1.368421052631579,526.1473191543556,0.657258177140376,0.3250619025619263,0.5497957450316123
glioma,axial,19498.0,1286.071247280615,0.8338536543642817,0.6991113524087866,1.2,512.4902384696018,0.6990769177410809,0.3273347070217691,0.542258570621579
glioma,axial,10782.0,835.7970773009196,0.8232419638085058,0.6598763761561796,1.2416666666666667,178.3793675364883,0.8621592780561721,0.366640653294688,0.5675707309746497
glioma,axial,6088.0,658.0742058734451,0.784637195514886,0.9465679027798973,1.1428571428571428,360.24275056306305,0.7119741728828617,0.5328590984744549,0.6424176061191536
glioma,axial,6268.0,599.9909447527598,0.854183701281003,0.8479989942856135,1.5625,215.82624604430382,0.8780769118393672,0.33608747177597764,0.502450287513804
glioma,axial,6462.0,706.103643124968,0.7922030158146377,0.6962997095885306,1.3636363636363635,273.705459770115,0.8842586392636592,0.33718834954205595,0.4894858572647716
glioma,axial,3244.0,494.5290039756342,0.7474654377880184,0.8443323349499974,0.7272727272727273,378.11745689655174,0.8175495195672815,0.3518846992641887,0.49208579578398476
glioma,axial,1231.0,229.350288425444,0.7810913705583756,0.699011027831263,0.8333333333333334,699.2909574468085,0.7701459548170537,0.23060703839352334,0.38563656577447336
glioma,axial,3099.0,369.3980156401965,0.8412052117263844,0.36258036821675865,1.0,381.06026785714283,0.846238195757434,0.17123623687919196,0.32283462215325054
glioma,axial,2826.0,343.19090885901,0.8203193033381713,0.7024782823692419,0.7777777777777778,457.35588531187125,0.8854495178547483,0.23706426162321154,0.41631740791337163
glioma,axial,2416.0,387.16756826189703,0.790058862001308,0.6238692958093361,0.875,760.6598639455783,0.7658514323358865,0.2214965127464961,0.4256801420430227
glioma,axial,4597.0,574.0559159102154,0.7565832784726794,0.5855982904172325,1.2125,525.3427553152267,0.7868705774528254,0.3736281587945572,0.5488386316633592
glioma,axial,3086.0,420.2741699796952,0.8032274856845393,0.4419916321634349,1.125,675.5004409171077,0.8192665885978343,0.24237219820719066,0.34994122456226634
glioma,axial,3875.0,500.008188695463,0.7951980299610096,0.638623677429302,1.2222222222222223,474.56994238156204,0.8745698692194868,0.3193257422654374,0.42903633240132844
glioma,axial,3313.0,429.20310216782974,0.7873098859315589,0.7928881968659295,1.375,326.53228715728716,0.902492041634932,0.3405646293368862,0.47525438455363994
glioma,axial,956.0,265.9066376115481,0.633532140490391,0.722735314961656,0.8333333333333334,530.6345744680849,0.7115698535807534,0.3895184474054746,0.544245526229292
glioma,axial,1811.0,423.31580054003786,0.6095590710198586,0.9064806819962262,1.6666666666666667,403.6002659574467,0.8238886074683156,0.4409640235117695,0.5684100683783601
glioma,axial,3661.0,633.7249634685276,0.6198780900778869,0.6773710748726238,1.0,298.20128004179736,0.8797625174246305,0.464680721863375,0.6195906678174158
glioma,axial,3189.0,351.5756851698602,0.8311180609851446,0.48966915227769087,0.8888888888888888,392.86949823943667,0.8756046794946465,0.23969371933244443,0.3820064478477672
glioma,axial,2912.0,413.2447327281724,0.7540134645261523,0.4640237285380938,0.8,487.7994462025317,0.8920474921474236,0.3537845902148422,0.46304665492822494
glioma,axial,4143.0,498.77164466275354,0.7700743494423792,0.6020515379987984,1.2,437.1070675105485,0.9064926515290779,0.4060269574221491,0.4964101046942181
glioma,axial,5972.0,489.6000717874997,0.8439796495195026,0.5300554516659972,0.9166666666666666,338.3833732057416,0.9151190767646576,0.23647048681271993,0.3455738863834538
glioma,axial,6198.0,621.2630226914019,0.814026792750197,0.2629988434126628,1.0,290.2071271929825,0.9240250321722362,0.26952018693477975,0.38094747709902815
glioma,axial,5843.0,628.3107499061546,0.7906630581867389,0.43175659271520006,1.1818181818181819,336.4144562334218,0.8988575352500563,0.2948872770257959,0.4057588486426808
glioma,axial,3900.0,495.69448019647814,0.7804682809685811,0.5350210446813146,1.2222222222222223,355.9686299615878,0.8654101737126662,0.3201872486865563,0.4431820068452483
glioma,axial,5620.0,597.961507501237,0.7961467629975917,0.7907175784312095,1.0833333333333333,541.3629554655872,0.7099148837270653,0.3779813071898701,0.5281871222528948
glioma,axial,5294.0,545.7361107568208,0.8221773567324119,0.7971028720903919,1.3,616.1714946445959,0.6846178901754147,0.3099512587406558,0.46662705991023157
glioma,axial,3788.0,514.6356056934324,0.7875259875259876,0.6691804592301654,1.1111111111111112,757.1524647887325,0.5655184598292357,0.26764880466270263,0.5032726334987797
glioma,axial,1086.0,254.5573952066306,0.736271186440678,0.5338550800156922,1.1,1175.494123931624,0.6652969324375141,0.2997237615267703,0.433089766734457
glioma,axial,1990.0,380.7117241391813,0.6761807679238871,0.8960414793094179,1.3928571428571428,879.635,0.7835374445679671,0.45654229004913205,0.5420029884682939
glioma,axial,2922.0,337.1198410471445,0.8496656004652515,0.8147461320753894,1.6666666666666667,716.8444148936171,0.7072540688847566,0.1589286577164393,0.30912381913769327
glioma,axial,4334.0,533.848809129029,0.7804790203493607,0.8088590794245621,0.7843137254901961,257.3918689320388,0.8289074113763137,0.4194470858418133,0.6364621970004735
glioma,axial,7263.0,917.8092706097393,0.7210364340315696,0.7274012793731295,1.1538461538461537,421.04563106796115,0.6559376149040639,0.35400026170636156,0.6063430051031511
glioma,axial,7388.0,825.6194077712559,0.7582101806239737,0.5945350378774357,1.1666666666666667,358.12434210526317,0.6465427422971328,0.24848586969190517,0.534362189809277
glioma,axial,7241.0,798.193000900063,0.8001104972375691,0.8118555632310958,1.0769230769230769,373.42545076282937,0.7257710245208719,0.32362378537478687,0.5674946984112801
glioma,axial,4771.0,576.7838379715732,0.8040107853050219,0.7242370706115054,1.2,248.15822784810132,0.7064372709323842,0.3115227753814005,0.5737761830831042
glioma,axial,2000.0,376.06096654409885,0.7059654076950229,0.8991767691473804,0.8888888888888888,375.68683978873236,0.7456063628574893,0.49693068508699784,0.6450471316767176
glioma,axial,3204.0,512.1147904132612,0.7444237918215614,0.8953260365459405,0.9411764705882353,239.58649425287356,0.8126034250896141,0.47769456917256653,0.6333861034335343
glioma,axial,2395.0,326.3269478283311,0.8007355399531929,0.5389648009981419,1.1607142857142858,419.0240559440559,0.6631194578612436,0.2748876243571988,0.6217339548673821
glioma,axial,4890.0,470.2447327281724,0.8380462724935732,0.7074298334501333,1.3333333333333333,248.04988262910797,0.6277946723786089,0.23951726716035276,0.593582302282714
glioma,axial,6706.0,639.1747109368334,0.8409831953850012,0.7224189763978569,1.2727272727272727,319.4475574712644,0.682800788214455,0.2640361111958262,0.5604578054403162
glioma,axial,7506.0,623.0975464705581,0.8359505512863348,0.7574680028628193,1.4545454545454546,173.92483836206895,0.763651768831252,0.28810325623514327,0.5891959225459531
glioma,axial,6674.0,601.5056633785213,0.8442757748260594,0.739878680460587,1.5,205.30516877637135,0.7704433906169167,0.24677572846878384,0.5710703895157362
glioma,axial,5945.0,549.6417023478423,0.848074179743224,0.6763888354336711,1.4,287.9051763110307,0.7801927104050725,0.28065498292182356,0.5481009265956458
glioma,axial,4047.0,460.5523445727473,0.7752873563218391,0.6819695039788091,1.2222222222222223,489.4351792573624,0.7630630225556946,0.29504756946879857,0.5357770779560002
glioma,axial,858.0,247.97160876900364,0.6514806378132119,0.7975660936932415,1.175,486.40811965811963,0.7473006276953813,0.4243178323546118,0.583260484071185
glioma,axial,4264.0,493.9076836320746,0.785411678025419,0.4219442974123116,1.0114942528735633,172.8915882967607,0.8673056181749478,0.38045896654094846,0.6014307316394871
glioma,axial,4806.0,671.5889244992065,0.7298405466970387,0.6664744972576906,0.8461538461538461,187.8069285083848,0.8975981842122865,0.4062925574668004,0.5585449647519817
glioma,axial,8404.0,748.7493500861672,0.8171917541812524,0.7697491787582994,0.9375,104.5969160104987,0.9364772379720774,0.4092045705893395,0.5869104778198968
glioma,axial,8779.0,765.1990975544729,0.8470667695870321,0.7050705509669697,0.875,122.83598143982005,0.9071351791535718,0.34194260962726736,0.5743204145028771
glioma,axial,3974.0,568.541197284454,0.7550826524795744,0.8315106765855185,0.75,188.62368421052633,0.8539226668907957,0.3537939955050524,0.5584933124450355
glioma,axial,2358.0,529.4284989122459,0.6107226107226107,0.9363580835573345,1.375,413.38275613275624,0.6649543926790655,0.4903723290929815,0.6764345887068497
glioma,axial,3422.0,480.4934700697016,0.7855831037649219,0.8382059698736961,0.9,216.20886075949366,0.8015895300192167,0.3412874071801394,0.5664400901860852
glioma,axial,5830.0,695.3462838120872,0.7136736442649039,0.8812657182182383,0.9572649572649573,210.42354441776718,0.8436509951037288,0.5167073893323071,0.6314323318741318
glioma,axial,9984.0,1009.1585130146568,0.7570518653321201,0.8781836630040121,1.0,451.4173951048951,0.7356396919890047,0.47472324377197905,0.5961109448428504
glioma,axial,7397.0,680.1869042456532,0.8257423532038402,0.6617492455173788,0.8,276.08464635854347,0.9249204412425511,0.3054447047131445,0.46708900458461566
glioma,axial,5952.0,715.8437584951455,0.8293158701407273,0.6862051671961923,0.7339449541284404,292.89572072072065,0.9390582087081191,0.26319897297491623,0.4026768251801487
glioma,axial,2374.0,462.8366158202092,0.7034074074074074,0.800546200220564,0.7,533.0827305605786,0.8924127126337771,0.38833144612897497,0.500954138165844
glioma,axial,2869.0,432.7888886054567,0.798497077650988,0.600113828320848,1.125,508.6664462081128,0.7964565371945022,0.289578163785436,0.4524684087612869
glioma,axial,6014.0,680.4173516239528,0.7931944078079662,0.7239517995709921,1.0833333333333333,438.728947368421,0.8866733652268494,0.3390756313897974,0.48021142766864117
glioma,axial,5465.0,704.7726906832801,0.7587116479244759,0.6379826625834591,0.8461538461538461,380.4708737864079,0.8988164078005038,0.34447891463245284,0.4782308499527314
glioma,axial,2480.0,416.65284963613556,0.7259953161592506,0.8591718378690353,1.6666666666666667,1011.3981382978723,0.5041059758620142,0.2492597403826881,0.47036459542554016
glioma,axial,4174.0,477.3158005400378,0.8280103154136084,0.7591052616995231,1.5,651.1840277777778,0.609476407888085,0.257962368124358,0.49957437617502065
glioma,axial,6288.0,549.6061684419096,0.849500135098622,0.6212978835729982,1.0,465.76359649122804,0.7197612276733584,0.26649590517057464,0.518429890594601
glioma,axial,6340.0,604.7483040656406,0.8203933747412008,0.5325045738290933,1.0833333333333333,572.3813765182186,0.6956494344892828,0.31162579537089014,0.5241972358581322
glioma,axial,5397.0,552.8782463805517,0.8342865976194157,0.7208247340401955,1.0909090909090908,643.2825670498083,0.7054027483484436,0.3035713213547991,0.5172389570399454
glioma,axial,5357.0,533.4640328181786,0.8259327782917052,0.7828238273281902,0.8461538461538461,1006.3601059135042,0.5993121156032539,0.3545238259511983,0.5387210161390144
glioma,axial,3332.0,450.3807716974934,0.815068493150685,0.5559861672537931,1.25,522.3853174603175,0.628309102467148,0.27779566977525155,0.6346217317055964
glioma,axial,4488.0,499.94321753800733,0.8201754385964912,0.7041019670064103,1.3333333333333333,320.775234741784,0.6569690512217475,0.28808132686925647,0.6313526785368254
glioma,axial,7210.0,644.2457787486989,0.836038961038961,0.7722585916828985,1.6,388.44402689873414,0.693613428004036,0.23911183556767593,0.5488011852876641
glioma,axial,9775.0,799.6843789287115,0.8482297813259285,0.5282683675856162,1.2142857142857142,377.61009538950725,0.7082022403222239,0.30838608446879195,0.5960508429857543
glioma,axial,7305.0,620.2985565973347,0.8346663619744058,0.6283567993654936,0.9454545454545454,679.4241164241164,0.6740999354890937,0.3254864922840302,0.5761528099868115
glioma,axial,5123.0,642.796031280393,0.7568326192938396,0.6059610392827602,0.8461538461538461,703.8004192409533,0.6900889328937272,0.38644873470751373,0.5727617146390739
glioma,axial,2043.0,277.8355697996826,0.8294762484774665,0.45967430276826754,1.1666666666666667,779.1645136778116,0.48041903824133086,0.14951850981254267,0.37015038727573024
glioma,axial,3072.0,465.2508293825822,0.7235044747998116,0.8148282175127817,0.9,561.076828410689,0.6026472092192681,0.3900323885063709,0.5465156050840069
glioma,axial,7524.0,786.5067093990478,0.7851403527079203,0.7363578821692328,1.4166666666666667,420.65340557275545,0.734865520917196,0.36812954327029596,0.5626884447047226
glioma,axial,10446.0,829.3645737753169,0.8570725303577289,0.6500338808262441,1.0666666666666667,269.97275472689074,0.8320179846223204,0.2796205682965261,0.5243342124275213
glioma,axial,8350.0,729.1158364337878,0.8426682813603794,0.7263808202230473,1.2307692307692308,471.1013349514563,0.7253529505125257,0.32431375203803126,0.5377315486770434
glioma,axial,6857.0,714.8670990922585,0.8093720491029273,0.8708336396706381,1.0267857142857142,416.91584084084093,0.7291625681715214,0.4352814136834785,0.5979822977678604
glioma,axial,5272.0,714.7077195258245,0.6558845483951231,0.8388050862851455,1.1538461538461537,395.43050161812295,0.8172937345302135,0.5214122634726781,0.6206617695626654
glioma,axial,1967.0,456.2741699796952,0.6478919631093544,0.9550382717236611,0.4166666666666667,335.7797368421052,0.901483382471673,0.3903922755496889,0.47789360130848196
glioma,axial,1688.0,385.6761902332486,0.6909537453950061,0.9559045107605779,0.36363636363636365,381.14583333333337,0.856467813620768,0.2969364349621751,0.41901013131331116
glioma,axial,2450.0,595.7899346259832,0.5848651229410361,0.9586369936814874,0.4666666666666667,164.43637454981993,0.902542684582858,0.5646227008167624,0.6402846450114187
glioma,axial,2787.0,819.6843789287116,0.4002585092632486,0.9779119638837848,0.36363636363636365,182.36455357142862,0.8745441301489839,0.6940197151056713,0.7316572961798216
glioma,axial,3313.0,574.120887067671,0.6000724506429994,0.9519812073103228,0.39849624060150374,199.03585858585865,0.8150717213322731,0.6900086066309825,0.7665765115655789
glioma,axial,4554.0,609.2985565973347,0.7289899151592765,0.9581205958199756,0.3684210526315789,260.3080573951435,0.8649844074613122,0.5787529238344057,0.674934037548478
glioma,axial,7706.0,863.5128060534576,0.6843086759612823,0.8752398593037962,0.5238095238095238,489.41521502449655,0.6553715455278087,0.4293821176270114,0.6086754349485998
glioma,axial,657.0,216.48632739476508,0.6341698841698842,0.6752688849604305,0.8,869.9703525641028,0.5721998146460295,0.3255153475869127,0.449365284686801
glioma,axial,4300.0,524.6000717874997,0.8151658767772512,0.6519079132538992,0.8181818181818182,206.0332308420057,0.904826927488442,0.6773547995588999,0.7659792407984046
glioma,axial,3865.0,581.4345955666558,0.7926579163248565,0.6561584398892261,0.7840909090909091,348.5072729422895,0.8924010788352491,0.688339747310469,0.7655134964870038
glioma,axial,2104.0,307.5340546095176,0.7889013873265842,0.5079718065301831,1.1636363636363636,680.5985795454545,0.7568449187254296,0.31693113571098985,0.48422077637543554
glioma,axial,11277.0,1065.3361825443205,0.6950385208012326,0.9170818192386193,1.6666666666666667,306.74987394957986,0.8566373732299433,0.4926110144309942,0.6381756780375988
glioma,axial,6297.0,771.8082245892128,0.6854996734160679,0.6713297709056327,0.9333333333333333,233.77813625450185,0.8651071083704914,0.4856177622568781,0.647773476927356
glioma,axial,4759.0,611.9320702497141,0.7648666023786563,0.8964251494951186,1.2727272727272727,355.2296798029556,0.7950996359917635,0.45642622286383194,0.6248689959969724
glioma,axial,7486.0,751.1869042456533,0.7209862274872387,0.8162234969448784,1.5833333333333333,269.993975069252,0.8492895514569607,0.44076445681729354,0.6060003912217722
glioma,axial,8261.0,756.9564568673536,0.7865371798533752,0.7519649457886094,1.3076923076923077,185.22601370645344,0.8472634307665868,0.36613541996670096,0.5864748298659147
glioma,axial,9406.0,889.7321061434639,0.7945598918736273,0.7542386770732381,1.3846153846153846,162.40628371089537,0.8552280244174956,0.321507459621791,0.542759977128557
glioma,axial,10095.0,814.3351365237941,0.8491042139793086,0.8319827387254825,1.6363636363636365,213.30683269476373,0.8130725706772299,0.15295949856233418,0.4349097014548599
glioma,axial,2424.0,287.22034611053283,0.8393351800554016,0.7869069573442409,1.5,535.6776004728132,0.8072000101217185,0.21436533586279183,0.3466965516326619
glioma,axial,1624.0,309.0132393293463,0.7988194786030497,0.8025456620611954,1.6,968.8309294871797,0.7831924819818834,0.265015483441393,0.3687058435952371
glioma,axial,1798.0,372.13203435596427,0.6686500557828189,0.6268731114447859,0.921875,359.6865898058252,0.9135747964363816,0.6926795797962729,0.7466110056306184
glioma,axial,693.0,154.47413408594534,0.7691453940066593,0.35406751964351324,1.0,451.9848790322581,0.886443955334037,0.2060709242929963,0.33007739491234933
glioma,axial,1162.0,299.22034611053283,0.6609783845278726,0.6455188203144385,1.0,407.86524822695037,0.8914193219709089,0.39561449578845537,0.4584343854566736
glioma,axial,987.0,220.0365799264593,0.7178181818181818,0.556660142731092,1.0,573.300641025641,0.8858260753679578,0.2647152620344691,0.33121808296569
glioma,axial,2217.0,303.2203461105329,0.8035520115984052,0.5354560450643662,1.1428571428571428,313.40082644628103,0.8380006466194929,0.4253274190076902,0.5871534864623734
glioma,axial,6097.0,620.3340905032675,0.8344053647187628,0.6969321863183473,1.0,485.94254385964894,0.5491953327788994,0.28850773136143976,0.5823016343135137
glioma,axial,8292.0,688.5239533417508,0.8398663020358553,0.5918655945144072,0.8666666666666667,190.37120232708463,0.7732227525005452,0.29903797237089697,0.6319749499572233
glioma,axial,8498.0,669.1391770309007,0.8538987138263665,0.3525954067459205,1.0,296.3339768339768,0.6842024087396724,0.2831433566618312,0.6285337931124929
glioma,axial,10441.0,909.619407771256,0.7685117032239069,0.5234642844805821,1.125,324.62942913385825,0.8031610577587253,0.39218081610025685,0.6462590762292726
glioma,axial,1776.0,318.56958851545033,0.7538200339558574,0.5557269387408068,1.3125,360.92715669014086,0.7358803568334321,0.650843964332281,0.7551984470020348
glioma,axial,2003.0,391.13203435596427,0.7176639197420279,0.8246595136872366,1.5,458.6072472848786,0.6984383296675579,0.6129273988071477,0.6973216920681219
glioma,axial,2351.0,404.89549032325476,0.7222734254992319,0.9293166026104724,1.0,484.02198743575093,0.6349331960898238,0.6477207770933197,0.7236457594590071
glioma,axial,732.0,219.41525958289964,0.6841121495327103,0.693665083276623,0.8,1225.0625,0.687064512679174,0.2738632715242657,0.3816041966646447
glioma,axial,4984.0,572.6772362537752,0.8208168642951251,0.5188666462207651,0.9090909090909091,480.357040229885,0.851825834303836,0.21908592301506666,0.3952426575958803
glioma,axial,4645.0,507.9787514439401,0.8254842722587524,0.5067778601446218,0.9090909090909091,389.06336206896555,0.8867050918693024,0.27656806958364705,0.3993458355616897
glioma,axial,4493.0,468.5229073212244,0.8437558685446009,0.2821155480275792,1.0,367.67310126582277,0.8916290579847984,0.23567733892684808,0.38424121854610227
glioma,axial,3120.0,415.48127676088177,0.7938931297709924,0.3925024069439609,1.125,406.3304673721341,0.8766039248607386,0.24729883611383824,0.35904367656228675
glioma,axial,1376.0,287.63455967290594,0.7338666666666667,0.7245249072896133,1.0,647.1312056737589,0.806498219451713,0.2803314988913313,0.3987123918394811
glioma,axial,10264.0,1151.780879378743,0.6003041291379109,0.6164497439083191,1.295774647887324,335.99224688355133,0.8275935268506253,0.5718651425504053,0.7064485884542087
glioma,axial,7120.0,948.6082604829627,0.7261601223865375,0.8023740819500266,1.0,404.87401960784314,0.6876688421579558,0.4483761877017618,0.6277041915463234
glioma,axial,5481.0,692.5533905932738,0.7686159023979806,0.7026938591237136,1.2727272727272727,480.8424671592776,0.7095409841884347,0.3823730079297578,0.5909378380741287
glioma,axial,5905.0,682.1869042456533,0.7706865048290263,0.7709989364049378,0.9230769230769231,733.8959344660195,0.6965464527180373,0.3462984899361802,0.5505215409175896
glioma,axial,4505.0,499.18585822512665,0.8252427184466019,0.6261374022560919,0.9090909090909091,308.3257183908046,0.5323031191579383,0.30046899582613823,0.5753511220319237
glioma,axial,9984.0,755.4001076812496,0.8520225294418843,0.7958691452943347,1.5833333333333333,453.50020775623267,0.5323315424529371,0.27056249183736086,0.5957508393354112
glioma,axial,10109.0,847.9209229614208,0.8200697655552851,0.7932135885293882,1.4615384615384615,354.18280531425654,0.5385760960506997,0.3218131457818261,0.6686815149282905
glioma,axial,16405.0,1212.4732675341681,0.7854543713492291,0.89984004820216,1.875,159.99416010498692,0.8625334956414327,0.4353764132402408,0.666301576656546
glioma,axial,14214.0,1300.1006845321376,0.6846820809248555,0.8964768197988451,1.9333333333333333,263.396225731672,0.83069314664293,0.4484872680182439,0.650140289355428
glioma,axial,2391.0,448.48737341529164,0.7518867924528302,0.7488175292338496,1.046875,436.9402557319224,0.7085130258418166,0.3930221119216609,0.5488852562747426
glioma,axial,1995.0,440.9310242291875,0.6605960264900662,0.737693752005183,1.2,463.58553791887124,0.7032184383483203,0.4842288200479329,0.6152046027470548
glioma,axial,3600.0,642.1391770309007,0.5886200130804448,0.5060360517983128,0.9166666666666666,365.5966507177034,0.74931399035838,0.5059048434531297,0.6277815231667747
glioma,axial,4975.0,777.920922961421,0.6353767560664112,0.8126333016613132,1.0769230769230769,298.2571081830791,0.7795003512303882,0.5204993962402125,0.6442417145464019
glioma,axial,8721.0,696.6894295625948,0.8003120124804992,0.46730497646358976,1.2477064220183487,274.9250132485427,0.8710263982250128,0.38492289260611057,0.5457270789328538
glioma,axial,4279.0,634.5117600329311,0.6457893148204045,0.7819415484919456,1.0,568.5948464912282,0.6851708705107775,0.48154494919816254,0.624015121648147
glioma,axial,3895.0,545.7422074112308,0.7292641827373151,0.8243823618130539,0.625,355.30569039913695,0.7374965860335225,0.41506546450533116,0.552309418344297
glioma,axial,1826.0,308.634559672906,0.7649769585253456,0.4750159910404603,0.7741935483870968,534.8151455026455,0.686045271571623,0.3199517125434843,0.4888741932947222
glioma,axial,866.0,207.20205614730318,0.7046379170056957,0.705980995993369,0.6666666666666666,872.1037234042554,0.6564560201170466,0.33848538362220526,0.5084073520210409
glioma,axial,1603.0,332.91883092036784,0.7445424988388295,0.48504158036833905,0.8727272727272727,822.5117424242422,0.8081663309558041,0.2897350936148272,0.3882755438160233
glioma,axial,1344.0,341.50461735799473,0.7007299270072993,0.3384142431992987,1.0,882.1857269503546,0.7945041970426427,0.3023728761514182,0.3925273249117226
glioma,axial,2510.0,506.4640328181787,0.6978037253266611,0.6974756550897661,1.0,389.22241784037567,0.7383424770313866,0.5087817858230694,0.6297407544023668
glioma,axial,693.0,192.27312395916866,0.6943887775551102,0.6166959209168442,0.8,605.9383012820514,0.596319497656455,0.3336168396495174,0.4201541222628833
glioma,axial,1508.0,441.8599564173221,0.5497630331753555,0.9066820577299768,0.8888888888888888,297.52970950704224,0.7701892288465765,0.5826809859584745,0.6446670662190649
glioma,axial,3483.0,418.8183258569795,0.8029045643153527,0.758914744700362,1.34375,435.38906926406924,0.6776069000770802,0.30762578508876787,0.6271213763081765
glioma,axial,1413.0,329.19090885901,0.7082706766917293,0.2789526226359785,1.0,1805.1613475177305,0.5688829831409847,0.2711961881946784,0.3568551319136529
glioma,axial,4490.0,546.6295090390227,0.7190903267136451,0.7636695238173126,0.8461538461538461,516.0174315975287,0.6846771887967542,0.452972581325082,0.5719047569000749
glioma,axial,4072.0,485.144227664784,0.7716505590297518,0.8258377993670816,1.625,527.1079059829061,0.7788818456898786,0.3280429217681522,0.440378672547074
glioma,axial,3041.0,489.9076836320746,0.7501233349777997,0.8278593289390592,1.375,1212.0916305916307,0.6373640521365748,0.3785506755751119,0.448435375489502
glioma,axial,841.0,174.61626970967632,0.7852474323062558,0.4572867325011039,1.25,1152.1572580645163,0.8145997683866764,0.1698772664012415,0.2557119608473435
glioma,axial,1153.0,267.1848122046001,0.695835847917924,0.5330297851706204,1.2,847.0715811965811,0.822868560303326,0.283751160331514,0.36477111177435545
glioma,axial,1894.0,265.0071426749364,0.821335646140503,0.6111261368266528,0.8571428571428571,600.8912878787879,0.8246946901899382,0.21039953357408145,0.31595121186536496
glioma,axial,1532.0,269.04877323527904,0.7698492462311558,0.6476124437276835,1.0,975.0970744680852,0.7087802277101285,0.2206409615627161,0.3462225634910429
glioma,axial,3606.0,508.78383797157323,0.7561333612916754,0.8971730593051004,1.640625,514.3377267573696,0.7808948717031706,0.425090034039388,0.5615925252213869
glioma,axial,913.0,249.3147545195113,0.6688644688644688,0.8166637544101208,0.8333333333333334,431.67074468085116,0.7259080729205843,0.42360334248088494,0.556882518741407
glioma,axial,6341.0,523.7066735052979,0.8694638694638694,0.5253801284675567,0.9166666666666666,188.67236842105265,0.7688719845062207,0.23603426276469622,0.7503487600633331
glioma,axial,7398.0,609.9259735953042,0.8667838312829526,0.5028291830799682,0.8571428571428571,191.59938063063066,0.814250042910058,0.27776367706530614,0.7275102156098031
glioma,axial,4870.0,451.35133444597056,0.8552862662451703,0.43462097906865965,0.9090909090909091,224.46968390804602,0.7990574200490729,0.2691129733519815,0.6893454109869335
glioma,axial,4963.0,578.0142853498728,0.7686231996283104,0.594535104499927,1.2,294.42550105485236,0.7743153024971074,0.2873032073346447,0.46960532281269884
glioma,axial,4842.0,604.9259735953042,0.7742244963223537,0.5989867294371182,1.0909090909090908,316.1002155172414,0.8120840964353415,0.3646113188304111,0.5115762455646449
glioma,axial,4912.0,694.3879143724298,0.6933935629587803,0.6080370568793477,1.0833333333333333,313.86224696356277,0.8239696651534961,0.44898361033759815,0.563338283740268
glioma,axial,1190.0,288.1848122046001,0.7194679564691656,0.6223408410664573,1.2,894.4818376068378,0.7790735418485781,0.26065557198370215,0.37015783526257795
glioma,axial,4153.0,500.56453788156693,0.7875971932486251,0.7315055887964494,1.1,310.8181818181818,0.909232672610235,0.3458385856708385,0.4707678399891154
glioma,axial,6279.0,600.9909447527598,0.8110307414104883,0.16434430692905427,1.0833333333333333,378.41497975708495,0.9275729651956205,0.3212297879795817,0.4486699561249455
glioma,axial,7724.0,641.6538956566621,0.8415776857703203,0.598697097145798,0.8571428571428571,303.7603228228228,0.9054498189592081,0.22727555971937508,0.37520853934288045
glioma,axial,10137.0,725.8021279348029,0.8395726354149412,0.6463599842258868,1.3846153846153846,239.67313915857605,0.9150324465616513,0.27803514596764745,0.42421466681625264
glioma,axial,9878.0,784.8914857098979,0.8431205189484465,0.6596037465749558,1.2142857142857142,325.9985426603074,0.9232507005339607,0.30391892641532614,0.4409820194788361
glioma,axial,7946.0,789.5483399593904,0.8168174342105263,0.7065279471448176,1.2673267326732673,314.96928094660194,0.9100309527956413,0.34440644139137455,0.48196685232413405
glioma,axial,2666.0,401.8954903232549,0.7848101265822784,0.5454724455786961,1.0,412.8313492063493,0.820665140823329,0.258406177725763,0.48802137478839214
glioma,axial,3737.0,405.303607231218,0.8393980233602875,0.7166254817649461,1.4193548387096775,403.76767676767673,0.8728977368962296,0.2733884136799888,0.44378467032141705
glioma,axial,5707.0,656.6305550595491,0.8147037830121342,0.8036787846010816,0.8461538461538461,373.83031774051193,0.8854421306242809,0.32028759989560995,0.46565516033368864
glioma,axial,9845.0,858.7138161802343,0.7617021276595745,0.7017974763115437,1.2,212.09967320261435,0.930616352409038,0.3855252721404894,0.535146521079055
glioma,axial,4179.0,486.9015869776647,0.7821448624368332,0.8308556546726801,0.6923076923076923,235.54298484531043,0.8880632096654121,0.47271646861215877,0.6144950143685215
glioma,axial,5770.0,617.2335854398791,0.7845003399048266,0.8615091252754608,1.3695652173913044,289.8267269736843,0.8678958618133031,0.48370643756468307,0.6000550305712817
glioma,axial,2217.0,364.36857838867365,0.7392464154718239,0.8794170629481054,1.5686274509803921,638.9522727272728,0.7966814733196724,0.4200217059522928,0.5029904509427238
glioma,axial,5908.0,577.2274887854692,0.8082079343365253,0.7878826352114834,1.4875,359.762447257384,0.7756214474589919,0.3310661612710396,0.5397773000682548
glioma,axial,7107.0,658.6894295625948,0.8195341328413284,0.7841514198597089,1.4545454545454546,325.8538074712644,0.765183173402964,0.320086469273304,0.5186258942010082
glioma,axial,8440.0,776.1513703397204,0.7740988718701275,0.7883454472715296,1.2142857142857142,267.47184684684686,0.8658245935114253,0.39957531633903787,0.5657638265293704
glioma,axial,2602.0,388.9898987322333,0.8028386300524529,0.4697922901940192,1.1428571428571428,475.39659090909095,0.7478988315790757,0.19069452820220179,0.3955777503702535
glioma,axial,5119.0,658.1747109368333,0.7973520249221184,0.7371528636792909,1.1818181818181819,274.8022767462423,0.8677381448067747,0.3767710942277081,0.49318293319712353
glioma,axial,2270.0,417.55234457274724,0.7362958157638664,0.5899188687841097,1.0,587.3958333333334,0.808803994748489,0.34610119666112493,0.43848400139734284
glioma,axial,1778.0,321.66399692442883,0.7546689303904923,0.8425788325404632,1.8,596.2873931623931,0.7161060882556158,0.2999457223296588,0.4879788989574657
glioma,axial,514.0,187.06601717798213,0.6163069544364509,0.7532260675031383,1.0,600.7066532258063,0.38177720049906183,0.33739755208887795,0.4754227648828125
glioma,axial,959.0,216.99494936611666,0.6964415395787945,0.7206235517277233,1.0,849.0532051282051,0.33803334238924104,0.2831773848583261,0.43616380305327324
glioma,axial,6960.0,869.9980874276962,0.6819517930629042,0.4946922787217542,0.8125,339.1130375529982,0.7355479866520509,0.42050929274755355,0.6219063913722311
glioma,axial,9353.0,983.8031739553294,0.6599633079311318,0.6545068330317935,0.9784172661870504,254.2817256273139,0.8274024080823976,0.4758483496424151,0.6594795091166956
glioma,axial,6210.0,753.8376618407357,0.7781954887218046,0.9022004703065634,1.5454545454545454,586.9874070317783,0.7712984762764443,0.4254568763373127,0.5802559239755498
glioma,axial,5160.0,551.0914498161482,0.8097928436911488,0.5724873625829191,0.9895833333333334,518.1095394736842,0.7657516066011321,0.3876554679611543,0.5900435218140607
glioma,axial,3168.0,480.4934700697015,0.757532281205165,0.8042076901134692,1.2121212121212122,730.6823943661971,0.7985967986552376,0.3666181855072847,0.5391644517536138
glioma,axial,2577.0,383.7533546995239,0.7919483712354026,0.7153511671319877,0.8888888888888888,431.3318661971831,0.876589066365205,0.36077399617028055,0.46969018441048394
glioma,axial,3910.0,487.42240225783604,0.7921393841166937,0.4172149368757893,1.2222222222222223,540.7640845070422,0.8664406602477818,0.3181704863861147,0.4457679846398116
glioma,axial,2683.0,365.50461735799473,0.7877275396359366,0.5805539944847763,0.8888888888888888,397.0930897887324,0.8770692464457278,0.34280897462249993,0.45132294899496994
glioma,axial,6631.0,730.358477120907,0.7995900156758712,0.6823502476834736,1.5454545454545454,655.4912947937796,0.7665017403897929,0.3955000103205239,0.621103539035977
glioma,axial,5221.0,548.2274887854692,0.8142545227698066,0.7207351569675737,1.3,748.275681596884,0.6467578285113754,0.3117588183172304,0.5970319953323742
glioma,axial,897.0,232.07211383239203,0.7018779342723005,0.47723639394685535,1.0,729.1711538461539,0.7711400659391195,0.310245814610342,0.44281201093886613
glioma,axial,3810.0,480.7361107568208,0.7675261885576148,0.5890157302144519,1.2222222222222223,317.0185659411012,0.8437839301988714,0.32458420225026685,0.5010632252672945
glioma,axial,6779.0,645.239682094289,0.8009215500945179,0.6739834249415,1.25,212.28315789473683,0.9352730827956818,0.3570086478912366,0.5479251407667474
glioma,axial,8285.0,762.920922961421,0.8460988562091504,0.5379570995758558,1.1538461538461537,203.1640776699029,0.9243945306765461,0.2843768383941605,0.47071307947440366
glioma,axial,8028.0,642.8965363437815,0.8580589995724669,0.39562088026214587,1.0769230769230769,200.8899965325937,0.9093229249260162,0.2610651343376205,0.47123678326679114
glioma,axial,3830.0,688.1808075912433,0.6999269005847953,0.6073592878833143,1.0,245.187306501548,0.8939281425985648,0.5962315048520592,0.6953027547187055
glioma,axial,764.0,196.61626970967632,0.7283126787416587,0.8279821879423442,2.0,800.4121376811594,0.7999173711585011,0.20580539379088575,0.30308419373695955
glioma,axial,1067.0,263.4213562373095,0.7094414893617021,0.6013105741858774,1.2,682.4690170940172,0.7463479567721024,0.3029272437931963,0.4060062784439363
glioma,axial,1969.0,317.2914139223983,0.7676413255360623,0.6216449866177586,1.3333333333333333,475.8507313829788,0.7971218882833265,0.25294538268494465,0.4110967426905442
glioma,axial,576.0,196.7228714274745,0.680047225501771,0.5344967143756768,1.0,1246.5090725806451,0.5506518741992598,0.2578094206056436,0.3698959092242804
glioma,axial,9986.0,743.2874093090415,0.8507411824842392,0.571405806044321,1.1428571428571428,345.3856278153153,0.831142166266206,0.25684009138372743,0.5760860286420801
glioma,axial,1176.0,243.3858223313768,0.7092882991556092,0.4723910452064311,1.0,1124.2056737588657,0.7710182454579552,0.36842000041958856,0.45502452219625084
glioma,axial,13611.0,886.9808434849932,0.8912388685175484,0.5341495060187175,1.125,289.20961952620246,0.8878635556430077,0.5087463581048012,0.7069332724333353
glioma,axial,13621.0,740.5239533417509,0.8945882043872324,0.44477125407918583,1.0859375,360.0417539267016,0.9274300519353911,0.47295323068858086,0.6322654764437893
glioma,axial,11190.0,710.5006127446379,0.866568574304964,0.6331819184719868,1.1333333333333333,208.91411270390506,0.9045107195856034,0.2720153408186355,0.48013066845680274
glioma,axial,5868.0,766.6427483683689,0.7585315408479835,0.27965773355502277,1.03125,744.3378542510122,0.8342371942975859,0.344677567347098,0.48332736924937225
glioma,axial,1153.0,309.3624817342638,0.6503102086858432,0.7816478534589896,1.0,645.6529255319149,0.7993143177350654,0.39111245740941053,0.48387869230847463
glioma,axial,1442.0,283.62846301849606,0.7561615102254851,0.7748825789057229,1.0833333333333333,269.0581306990881,0.6089401977343859,0.3885073028916973,0.6050301275164198
glioma,axial,2000.0,418.6883835420683,0.6666666666666666,0.7517378306831649,0.890625,437.36230788611743,0.5831761159104706,0.4137213754023113,0.6063132248281585
glioma,axial,2393.0,361.2264427649427,0.7347252072459318,0.8414329069257067,1.0,331.12773865414715,0.7615699854950557,0.4602630146199038,0.6316541515849492
glioma,axial,2013.0,323.19090885901,0.746384872080089,0.7181082788664612,0.8125,550.561507936508,0.6677031734784056,0.3493787444047205,0.5479313592387387
glioma,axial,1174.0,257.7645019878171,0.8046607265250172,0.7970593464954762,1.5,687.3884408602152,0.6238216045984614,0.12042796987110106,0.2892251712589082
glioma,axial,2076.0,357.0904037956217,0.783987915407855,0.5426496161547714,1.0,546.3561688311688,0.8222903456446403,0.23752091544906775,0.3472299840194453
glioma,axial,2952.0,465.76554800834367,0.793761763915031,0.5514953509686769,0.8888888888888888,425.3864436619719,0.8142060271858094,0.26258888211168896,0.40345937037026813
glioma,axial,1998.0,351.12593770155434,0.7559591373439274,0.6356363566724337,1.1428571428571428,312.634375,0.837198438933181,0.3503139848447236,0.49664489350619156
glioma,axial,1019.0,268.66399692442883,0.7165963431786216,0.6101921757877734,1.125,311.17361111111114,0.7469269474374458,0.3492350027694791,0.5299135653287516
glioma,axial,3873.0,634.6538956566621,0.7093406593406594,0.8344442352780435,0.8333333333333334,231.28486842105266,0.833257728970148,0.4240352215483679,0.5932735454868812
glioma,axial,4017.0,713.222438151586,0.7112252124645893,0.9264668987874403,1.0,217.19122807017553,0.8247052852010548,0.4974116950391565,0.6367106268120627
glioma,axial,512.0,185.40916292848974,0.6432160804020101,0.3490832220960581,1.032258064516129,2517.20060483871,0.45453351313613655,0.34699536973208267,0.4269012590039194
glioma,axial,930.0,185.27312395916866,0.7948717948717948,0.5571275105579032,1.25,707.1774193548388,0.7003919394067405,0.1515871632233755,0.24972878590648848
glioma,axial,1777.0,411.10259710444143,0.6387491013659238,0.8807176486883022,1.6666666666666667,710.9595744680851,0.4528575881334611,0.4253698577718691,0.5786523964608472
glioma,axial,2578.0,446.76554800834367,0.6860031931878658,0.5328733390269002,1.234375,529.1652777777778,0.8469834330722616,0.42217205663315105,0.5145669666847481
glioma,axial,1580.0,308.7766952966369,0.764392839864538,0.5836346885690623,1.0625,747.8696808510638,0.6526151542695778,0.28538948548300963,0.4886302496119001
glioma,axial,1167.0,271.97770542341357,0.6975493126120741,0.7264912926464011,1.0909090909090908,498.46054964539,0.706186659841768,0.3652081482348744,0.5414132753503555
glioma,axial,3099.0,409.167568261897,0.7956354300385109,0.5651908552307265,1.0140845070422535,315.2869718309859,0.8250362524030278,0.32778438198370674,0.4936379920256953
glioma,axial,2681.0,450.9665581351203,0.7950771055753262,0.42493888555306086,1.0,509.7792658730159,0.7810749868672471,0.25683040604954965,0.4102026522492563
glioma,axial,4659.0,677.9026329981913,0.7872592091922946,0.775826055281629,1.2,289.60996835443035,0.8678262063508966,0.32054465917242075,0.44747077288667036
glioma,axial,1658.0,300.5279579551077,0.7784037558685446,0.7226405530305169,1.2444444444444445,506.01899696048633,0.7988425214859862,0.2882290314340237,0.3810096817199476
glioma,axial,799.0,221.5512985522207,0.6829059829059829,0.7789530035808625,1.46875,978.2264784946236,0.33233673429725996,0.3211718790330262,0.46370413380030934
glioma,axial,1434.0,285.3269478283311,0.7290289781392985,0.7986455779594137,1.1666666666666667,741.0577507598784,0.44098305669692506,0.35916324904006747,0.5231804391306283
glioma,axial,1305.0,275.7289680818844,0.7225913621262459,0.7035821243890763,0.7142857142857143,607.5613636363637,0.8060272867644668,0.3086949335241364,0.4188058109773876
glioma,axial,1950.0,377.30360723121805,0.7394766780432309,0.5273494298512219,1.1428571428571428,684.3309659090909,0.7900285612658571,0.35815836774656007,0.4723575393790993
glioma,axial,2507.0,542.4345955666557,0.6946522582432807,0.7107639639795652,1.125,493.8785273368606,0.8254133466539466,0.36207446687573025,0.4981272565162883
glioma,axial,1676.0,473.2508293825822,0.6110098432373314,0.919484389330089,1.6666666666666667,496.81648936170205,0.7600806161490843,0.4507284356238749,0.5630916764466998
glioma,axial,2288.0,445.7300141024109,0.6707710348871299,0.943649666254005,2.0,418.6682180851065,0.7881013007620499,0.4154811689257013,0.5310682688235592
glioma,axial,3009.0,601.2041481883563,0.648771021992238,0.9270361032616711,1.4444444444444444,385.97345612134353,0.8327012624321816,0.5193077939055586,0.6073159448928351
glioma,axial,1252.0,255.7645019878171,0.7606318347509113,0.5419432851635869,0.8541666666666666,907.6912630149388,0.3974119123203692,0.3258426557977552,0.5230752925057937
glioma,axial,6787.0,599.6061684419096,0.864035646085296,0.6327969593968231,0.8461538461538461,238.74569726390118,0.7163970000775584,0.2161438089548153,0.5323258609588132
glioma,axial,8381.0,670.8670990922585,0.8673289868570837,0.5924377853121898,0.825,168.48569812540404,0.7805157953477814,0.28996322626255994,0.6491347047241289
glioma,axial,10269.0,724.7310601229374,0.862796168711141,0.6292455293510201,1.2857142857142858,178.24774774774778,0.7787782221080525,0.3239169139555712,0.6511105555611617
glioma,axial,2904.0,419.68228688765845,0.7521367521367521,0.628155507251702,0.8,215.6568433544304,0.8943918286884872,0.3603890804885644,0.613111045999554
glioma,axial,5129.0,556.98484809835,0.7990341174637794,0.41263281896262705,1.0909090909090908,191.39846743295018,0.8895392359698893,0.3307191089449429,0.6152909637234648
glioma,axial,5775.0,543.4701294725885,0.8289077077651787,0.479382024805078,1.0909090909090908,235.99700670498086,0.8713157359698893,0.2694556262389837,0.549375588873651
glioma,axial,8617.0,781.1513703397204,0.8260161042944786,0.7410021059350914,1.4166666666666667,314.96965944272443,0.8497023487911909,0.2909324687493318,0.5168106148093949
glioma,axial,6186.0,588.8549057834388,0.8187954996690933,0.5495433676009004,1.1818181818181819,336.54155614500445,0.8410771075640466,0.2618027117950636,0.47026857733993355
glioma,axial,5338.0,543.120887067671,0.8143401983218916,0.43396113066405395,1.0,573.2257053291537,0.7874646768043063,0.2440327868684242,0.4802041772534701
glioma,axial,4859.0,823.613311116846,0.6328470955978119,0.6339633098974476,1.0833333333333333,379.1811740890688,0.8218734733167631,0.4441271961285772,0.6561674647980453
glioma,axial,4278.0,699.050865276332,0.6666666666666666,0.7777966907476244,0.8461538461538461,217.99735216240074,0.860834593961831,0.47189284254221003,0.6463563763620169
glioma,axial,898.0,237.5512985522207,0.7104430379746836,0.8302207846466828,1.3055555555555556,781.730235042735,0.7708857973950234,0.40055714933968617,0.46767077695134374
glioma,axial,3001.0,360.7117241391813,0.8104239805563057,0.5954416166933214,1.125,359.29188712522046,0.7988521881808963,0.27897124531729317,0.5296214720820354
glioma,axial,3470.0,464.03762594698577,0.7933241883859168,0.5046376322580851,1.1111111111111112,364.8475352112676,0.7988610942200671,0.3169752945947928,0.5227621257960943
glioma,axial,2493.0,412.06706319850866,0.8016077170418007,0.5506525670461662,0.90625,745.1381448412698,0.7395669652507982,0.29993395358264424,0.46076395232230977
glioma,axial,3652.0,542.1625176280137,0.7780144865786109,0.6664636739193032,1.1111111111111112,1155.8376760563383,0.6845054768741681,0.2869280835919331,0.46005312145106664
glioma,axial,3784.0,891.6316010800757,0.6231884057971014,0.8503947031545684,0.9166666666666666,558.8302631578948,0.8852872960228562,0.46800288533535644,0.5557864055585724
glioma,axial,2487.0,513.4284989122459,0.6463097713097713,0.9073770053048146,1.2222222222222223,482.37948143405896,0.9155296131086601,0.5323978314602577,0.5904340233820878
glioma,axial,989.0,228.65790027001893,0.7261380323054332,0.8332609424069521,1.2,761.303952991453,0.8551967243675965,0.3724012870017007,0.4637286642699566
glioma,axial,5697.0,996.0996385116111,0.6004426644182125,0.8993965088493445,1.7272727272727273,587.8928463399877,0.8638597477107597,0.5112380905348735,0.6152613539886224
glioma,axial,7103.0,579.3696244092002,0.8659027185176155,0.7369129665781308,1.5,473.47457805907175,0.9081613616934254,0.20506396941250193,0.3008539048618874
glioma,axial,7288.0,731.9737008100568,0.7448896156991006,0.6103671231872149,1.0714285714285714,354.21036036036026,0.9312586719151557,0.40848908199533135,0.49618323519850366
glioma,axial,3865.0,623.2691193458119,0.7209475844058945,0.7384249675533653,1.1,465.5497698504029,0.898450040017854,0.38070400008902117,0.46594888340258633
glioma,axial,1449.0,346.1970055134198,0.6851063829787234,0.6161646828656295,1.3333333333333333,837.8244680851064,0.8078806397828929,0.43247343308195857,0.5085085273820161
glioma,axial,2170.0,347.5756851698602,0.8048961424332344,0.5898628910256979,1.3333333333333333,128.93987917907975,0.8572391464744825,0.9354165997499653,0.9494645459579147
glioma,axial,2165.0,309.5990257669732,0.7757076316732354,0.4355364238251302,1.1428571428571428,125.94271982351084,0.8778497802777495,0.9321261301827253,0.9496348647847596
glioma,axial,4467.0,510.83661582020915,0.8401354147075418,0.6668932994180568,0.8181818181818182,452.3191251596424,0.8633879089233647,0.22210366299394774,0.401071370120144
glioma,axial,4639.0,514.4284989122459,0.8289849892780558,0.35090326033851504,1.0,393.5367088607594,0.8883024810455118,0.21092674256872246,0.36324672313685824
glioma,axial,2651.0,350.01933598375615,0.8009063444108762,0.4035477977815525,1.0,607.1187996031746,0.8268654881428992,0.27433134261234815,0.48742978672874193
glioma,axial,4532.0,698.2874093090415,0.705589288494473,0.766503267200432,0.8461538461538461,610.5345322153574,0.8537031800803777,0.44110795135825653,0.5404023379088876
glioma,axial,5882.0,712.8376618407356,0.7187194525904204,0.733615600548386,0.7384615384615385,421.21512345679,0.9043216168676235,0.5026768349452413,0.5775256374898093
glioma,axial,7490.0,868.9980874276962,0.7718466611706513,0.7734346440899723,0.7426470588235294,328.9467236467237,0.9295343435099924,0.42305868774672006,0.5150039560371762
glioma,axial,6715.0,719.9797974644666,0.7837301587301587,0.7174485191896397,0.8666666666666667,446.8043794440853,0.9134960661436899,0.407542371752567,0.5036072390608881
glioma,axial,4532.0,699.0447686219222,0.6734026745913819,0.679475405429407,0.9230769230769231,309.99393203883494,0.9217660453422409,0.4874416647860098,0.5660845517104536
glioma,axial,1989.0,416.4751801064719,0.6737804878048781,0.7967799773146691,1.2321428571428572,1046.4568181818183,0.8524614741750702,0.4225880516674612,0.49762504833533155
glioma,axial,2053.0,325.2914139223983,0.762630014858841,0.6396807023388451,1.1851851851851851,914.4536931818183,0.8323418682948652,0.33325801113947184,0.4577489328506689
glioma,axial,4444.0,501.39296500631326,0.828331780055918,0.663339511328256,1.2222222222222223,721.9412612035852,0.8299095754685298,0.22828973571647548,0.3966161393543373
glioma,axial,4073.0,464.39296500631315,0.8221639079531692,0.6734292110775111,1.2222222222222223,624.8946862996157,0.8178616310972779,0.2923382018968341,0.472461303468596
glioma,axial,7116.0,639.4406922210657,0.8105706800318943,0.6476595865692678,0.8839285714285714,565.563756063756,0.8423290825867179,0.3450410354145926,0.5362456540898345
glioma,axial,24218.0,1269.343325219257,0.8587638736215027,0.7727518785185346,1.5263157894736843,370.1052180863211,0.8607446965558699,0.28044539403170055,0.4988779660308675
glioma,axial,19486.0,988.9392129246505,0.8814003980459563,0.7865267750461726,1.4705882352941178,303.74596296296295,0.8346523068327375,0.24708346362566735,0.4785447690652703
glioma,axial,16371.0,995.9869401394029,0.8664655446173388,0.8055981891857532,1.5238095238095237,185.51488681102364,0.8202366218981519,0.2939782541093464,0.5739827107023137
glioma,axial,13243.0,809.1280297426074,0.8675401244677367,0.7453972522272985,1.3333333333333333,200.75630252100848,0.8266879561035733,0.2730742821634951,0.6027741313919417
glioma,axial,1105.0,242.17871555019025,0.7184655396618985,0.6892788740423319,1.2,1062.480235042735,0.763290961690436,0.30380814410279805,0.39762676451162154
glioma,axial,3355.0,460.3158005400378,0.8022477283596365,0.4434780513093816,1.0,563.0025430359938,0.9024270728695377,0.26164873178487696,0.3535375115738471
glioma,axial,2311.0,345.2975105768082,0.7672642762284196,0.30218501778236295,1.0,463.13541666666663,0.9111536801393143,0.3470134718300131,0.43687268945580116
glioma,axial,738.0,185.7228714274745,0.7068965517241379,0.543380747276651,1.25,1160.704032258065,0.8042864963770527,0.2598339039622871,0.35230544897457067
glioma,axial,1968.0,480.4579361637688,0.6693877551020408,0.8896599099058586,0.55,301.9841772151899,0.8689167940655304,0.37543028051172395,0.4713101960014643
glioma,axial,3213.0,587.3401871576773,0.7640903686087991,0.6952077961438692,0.8125,252.1800281293952,0.9420391265398629,0.3566108386437376,0.4731532071090801
glioma,axial,914.0,237.86500705120545,0.6945288753799392,0.4524280767715193,1.0,817.5897435897436,0.7333179356416248,0.276798776115265,0.4069340559651795
glioma,axial,3082.0,392.30360723121805,0.7931034482758621,0.3676365657015441,1.0,489.2979264475743,0.7556419826056071,0.3288411270302741,0.562059764020256
glioma,axial,2325.0,364.88939366884495,0.7701225571381252,0.680965487889897,1.2857142857142858,775.068686868687,0.6847081876953887,0.33469152437448046,0.4180268201646844
glioma,axial,7930.0,787.1280297426075,0.7581261950286807,0.6559536905800728,0.8253968253968254,413.15346759539676,0.8121252243019088,0.3462738388175702,0.5224650544374262
glioma,axial,9660.0,866.596067174143,0.8212888964461826,0.7166270263885312,1.2142857142857142,372.37592739798623,0.7989685430537355,0.3145385987455296,0.5220292354340794
glioma,axial,10000.0,731.636651713959,0.836050497450046,0.8050539764708459,1.3571428571428572,298.50373399715505,0.827219096533516,0.37079202922041815,0.5819162859396229
glioma,axial,11510.0,960.5016587651645,0.8008627887559143,0.806307497852489,1.1764705882352942,328.04717592592584,0.8216692529915004,0.43120878736893076,0.6268210506172177
glioma,axial,9100.0,812.642748368369,0.78125,0.8402081748892756,1.4615384615384615,322.6744379151763,0.809899749311616,0.38417423251410493,0.6238063329822484
glioma,axial,7007.0,751.0803025278549,0.7689015691868759,0.7853530869299681,1.4545454545454546,489.32246767241384,0.7495750907820953,0.3228599568094157,0.5681775553187989
glioma,axial,531.0,157.8528137423857,0.6704545454545454,0.7612195247978407,1.0,1211.7580645161293,0.6989145087821488,0.34196647926126544,0.4398230831021248
glioma,axial,5692.0,593.2335854398791,0.8046366977664687,0.6917653926673143,1.1818181818181819,451.44694960212206,0.8989352890428077,0.3161603850295753,0.40523688590980095
glioma,axial,5982.0,655.6305550595491,0.8281877336286861,0.7350268743520167,1.1720430107526882,486.12020676691725,0.9041589708056684,0.38342606723423334,0.4497948578327429
glioma,axial,4930.0,510.1503243191939,0.8360183143971511,0.7414393548798375,1.3333333333333333,662.5805457746478,0.8546216775365572,0.23001833835849728,0.40654040741962827
glioma,axial,3169.0,390.7533546995239,0.8250455610518094,0.47706877705703826,1.125,937.1507936507936,0.5026035564407937,0.24190693192341517,0.47136894207665825
glioma,axial,2489.0,310.048773235279,0.8324414715719064,0.6678253162931928,1.5,1009.9027777777777,0.6336830918516357,0.20322699366763103,0.4441507996742873
glioma,axial,8038.0,647.6183617507294,0.8570210043714682,0.6066470068532079,1.0769230769230769,607.1302011095701,0.7637567095823404,0.2636593216591096,0.5367738509147812
glioma,axial,9200.0,684.6305550595491,0.86198819450951,0.513046186321453,1.0714285714285714,670.3005255255256,0.7405852475283288,0.272291879294429,0.5422550901936055
glioma,axial,10450.0,758.8792924010784,0.8681565174046689,0.507505533385739,1.0666666666666667,519.7513786764706,0.8051565048127705,0.280711347667431,0.5458055623401327
glioma,axial,10528.0,722.2518754031088,0.8597092928303119,0.6076734718592728,1.2142857142857142,552.3410174880764,0.830655605974561,0.26652891729934586,0.48948696966713945
glioma,axial,9688.0,712.4356415871823,0.8507200561995083,0.6513430924111716,1.1428571428571428,405.4972550675676,0.8580980573694779,0.2753234982114532,0.41401790387669357
glioma,axial,7674.0,736.8021279348029,0.8140447650365971,0.5468724064437407,1.25,767.1271929824561,0.8212145550129605,0.2792466947488592,0.42737628967754565
glioma,axial,4019.0,768.9858941188766,0.7027452351809756,0.5175973592835242,0.9090909090909091,1170.911206896552,0.6832707120558196,0.3394742654008807,0.47097015867612557
glioma,axial,1178.0,224.072113832392,0.7570694087403599,0.5765516993341652,1.2,1133.2601495726494,0.7234573429514217,0.260258964960866,0.366888836516907
glioma,axial,1469.0,291.3919189857867,0.7378201908588649,0.8078529474844788,1.6,975.183092948718,0.5539461664235996,0.32859269269619334,0.4736539916576972
glioma,axial,3646.0,514.0792565073284,0.7893483437973587,0.4435334445890214,1.1111111111111112,467.18468309859145,0.6634071369621849,0.29240933187500323,0.4666692567814435
glioma,axial,3379.0,413.71782079359116,0.7867287543655413,0.5559796118873449,1.25,587.594246031746,0.6243357280465284,0.2750377902983782,0.4346334200672145
glioma,axial,2078.0,424.62341238461266,0.6503912363067292,0.7949322770799012,1.125,309.2938563563564,0.8070283814263501,0.7342239763225122,0.777771298829066
glioma,axial,1505.0,321.8772003600252,0.6193415637860082,0.8637850531314804,0.875,683.1672335600906,0.6229328536147966,0.48580653773351706,0.5904286417475566
glioma,axial,3280.0,709.636651713959,0.5934503347204632,0.7282222311662395,0.9659090909090909,704.3341170323928,0.6798923987088535,0.4933024962135195,0.6052743236447811
glioma,axial,7015.0,801.9270196158308,0.7281503010172307,0.7935386721474003,1.2307692307692308,518.4829338592233,0.7766207071333832,0.4185708883929827,0.5694851113620014
glioma,axial,1186.0,286.7411613907042,0.6459694989106753,0.8122361126196581,1.4878048780487805,506.93384308510633,0.8566633370753229,0.5084737257123939,0.5568624085175076
glioma,axial,1821.0,415.23863607376245,0.7209026128266033,0.6894047706143559,1.3333333333333333,723.1213430851064,0.8945970786695763,0.3077678288190232,0.3661690575607396
glioma,axial,3056.0,486.6650429449553,0.722117202268431,0.915139175825615,1.8571428571428572,744.788111888112,0.7733456343957021,0.3921099123754086,0.4810898550694014
glioma,axial,5890.0,706.2518754031087,0.7400427189345395,0.7673326970627578,1.4545454545454546,434.83351293103453,0.8722638210624968,0.4158245029210152,0.5105367958386692
glioma,axial,6666.0,930.1524163602469,0.6109990834097159,0.9394676773008989,2.6666666666666665,471.50044014084506,0.8850077698186691,0.45663306375908186,0.5419897623627212
glioma,axial,2622.0,355.747258045114,0.7840909090909091,0.667388732366847,0.8888888888888888,659.6144366197183,0.8792797401236134,0.3367939656480503,0.4261845334556817
glioma,axial,1821.0,296.67009357883865,0.7249203821656051,0.5964287661953777,1.1428571428571428,667.4204545454546,0.8667865286111789,0.41652997930164015,0.5101421373015659
glioma,coronal,5786.0,614.0975464705581,0.8143560872624912,0.6775659967299601,0.7857142857142857,328.13073300573296,0.9458496404104619,0.3613976693055269,0.46750111748418066
glioma,coronal,5553.0,569.8843430349616,0.7964716006884681,0.687803751551723,0.7857142857142857,430.884828009828,0.9197056459973211,0.38767099976991615,0.5354709114119771
glioma,coronal,3241.0,610.2691193458119,0.7234375,0.763695883799744,0.7272727272727273,471.5465158045977,0.7216056021951218,0.33009588442379717,0.49219027504402135
glioma,coronal,904.0,274.5279579551077,0.6869300911854104,0.2785831640889412,1.0,594.1974358974359,0.7556183136991075,0.29696373332212267,0.39448188543002327
glioma,coronal,3160.0,484.28636328851496,0.7009760425909495,0.48962479963423094,1.0,177.04889240506327,0.7870613570160881,0.43176444164337735,0.6156996427914221
glioma,coronal,5292.0,929.8092706097393,0.5930740782248123,0.6471492189097893,1.5,575.385380116959,0.8571160569861789,0.561137139555958,0.6207422729317155
glioma,coronal,7137.0,659.5828278447966,0.8177131072410633,0.7598025483490131,0.6875,293.1161417322834,0.654549856870967,0.31795612587664546,0.6205967042013454
glioma,coronal,4975.0,557.2630226914019,0.81933465085639,0.5843977123062016,1.0,457.66105015673986,0.914619548126241,0.29516116226195,0.4056311605187414
glioma,coronal,5347.0,683.9026329981912,0.7508776857182979,0.8085245933231212,1.2727272727272727,628.487787356322,0.636830767751483,0.3889183663260526,0.5613143959168141
glioma,coronal,6192.0,588.4467888754755,0.8128117616172224,0.7737442040326349,1.0,558.7176064227036,0.49847469052933446,0.3777511495278738,0.6100950171308162
glioma,coronal,7414.0,695.352380466497,0.7971185893989894,0.829098767568244,0.9916666666666667,253.37556022408967,0.771983130035974,0.44534933534319743,0.68509772871757
glioma,coronal,5594.0,736.3229432149742,0.665793858605094,0.7056629995840068,0.624113475177305,476.5856643356645,0.6913481681496908,0.5029201141427877,0.6139552435406825
glioma,coronal,1493.0,284.69953083036154,0.7544214249621021,0.7931369500983296,0.625,613.8420634920636,0.8929203960212134,0.31119461545362065,0.39967762722697314
glioma,coronal,1902.0,295.7056274847714,0.7788697788697788,0.5653972965314451,1.0,636.3120129870131,0.762874678001482,0.31006332018346044,0.5028687473715754
glioma,coronal,816.0,211.0304832720494,0.7371273712737128,0.5838828506759969,1.1764705882352942,1017.5907142857144,0.8691813201363768,0.31483272202416146,0.4219746745228866
glioma,coronal,7044.0,557.2335854398791,0.8448069081314464,0.566512410778317,0.8660714285714286,428.3454608454609,0.8130187654985943,0.3495357560699601,0.6778593549682216
glioma,coronal,4093.0,583.7777413171634,0.7447234352256187,0.7702696902366496,1.0909090909090908,511.17923850574715,0.7844829849376863,0.4436617165557056,0.5478968069298783
glioma,coronal,5617.0,593.9554108468271,0.7547702230583176,0.6225163758593848,1.3068181818181819,622.7559386973181,0.816542807110642,0.4182837833542615,0.5209304079787369
glioma,coronal,11871.0,1003.5727265770298,0.8251198999096406,0.7455884017869223,1.1875,307.04175300455864,0.9436892252170868,0.34414068805178977,0.4736675560710623
glioma,coronal,6248.0,581.5056633785213,0.8055698813821558,0.5011275558872613,0.9230769230769231,330.81593851132686,0.9236016787230111,0.3250472575904422,0.4729319180889132
glioma,coronal,5257.0,486.8010819142764,0.842063110683966,0.700940431274132,1.2,265.9164029535865,0.9151729733803707,0.2600596749268262,0.41474820065458556
glioma,coronal,5291.0,581.6417023478423,0.770945650590121,0.6761052731712186,1.1839080459770115,514.2164014146773,0.8104745637157696,0.3542260569492432,0.47105661120162523
glioma,coronal,2890.0,364.4396462005392,0.7924321360021935,0.6370088326979721,1.125,410.0817901234567,0.8455540078419403,0.3051040454217258,0.4708420719924347
glioma,coronal,6419.0,768.5006127446379,0.7070161912104858,0.8387813104455504,0.9333333333333333,330.6027911164466,0.7892979274300236,0.47040557138627587,0.6352356599555306
glioma,coronal,4604.0,560.3696244092002,0.8217026592896662,0.6873642686425971,0.8522727272727273,331.60043103448277,0.9240211778487373,0.2741465530946098,0.41262688860800395
glioma,coronal,2739.0,373.23253941935263,0.8013458162668227,0.6617235267431848,1.2857142857142858,510.2719696969698,0.8408512674389026,0.2329065333348863,0.3738549863168063
glioma,coronal,14224.0,880.0041840821061,0.8923462986198244,0.46845335819238165,1.1875,670.1323559883963,0.8664940289672527,0.2312212372086215,0.49018677054537574
glioma,coronal,1828.0,398.3746750430836,0.6678845451223968,0.7091832198523838,1.1851851851851851,451.7903409090909,0.796708327559595,0.40892708012177614,0.49627399851987924
glioma,coronal,6454.0,676.4234482783626,0.8292432224078119,0.6715341393559258,1.302325581395349,484.7824302134647,0.8521485489275056,0.2764796991487876,0.42625594349340995
glioma,coronal,5918.0,640.1036431249679,0.8021143941447547,0.720580854393223,0.8461538461538461,310.72197705207407,0.8787021755446464,0.29732862333367094,0.5063282638066744
glioma,coronal,5706.0,640.2813126546316,0.7382585069219821,0.7528245447224226,1.1666666666666667,396.3517857142857,0.8442185039784039,0.41173127410090804,0.5493739771035756
glioma,coronal,4462.0,623.3401871576773,0.7614334470989761,0.8155150885573654,0.7692307692307693,384.6610436893204,0.9370345130039847,0.3998001547237407,0.5186325134738916
glioma,coronal,3578.0,506.28636328851496,0.8038643001572681,0.8337251284060908,0.5833333333333334,673.5541782246878,0.9128792510074624,0.48575716661339385,0.5970455640166156
glioma,coronal,3688.0,527.9076836320746,0.8038360941586749,0.6847776256071479,1.375,464.3021284271286,0.9134216338161819,0.2637358708368646,0.34022280357323426
glioma,coronal,2649.0,399.88939366884495,0.7389121338912134,0.5907247803181523,0.8888888888888888,463.8875440140845,0.9372353975132145,0.3455824992957437,0.44281025466408713
glioma,coronal,4866.0,587.2691193458119,0.7804330392943063,0.5174711216648169,0.8333333333333334,414.0303947368421,0.8426936491273694,0.30238499679727604,0.4492285136848321
glioma,coronal,3143.0,368.19700551341987,0.8559368191721133,0.6143492194733213,0.7777777777777778,420.24446680080484,0.8952513731278403,0.15077238853470593,0.25670358045222064
glioma,coronal,9779.0,788.8853890554882,0.81308722042072,0.7153959594112473,1.0,473.3193897637796,0.879501022448788,0.36091991861131567,0.5630996770905117
glioma,coronal,1658.0,242.92997820866105,0.819574888779041,0.5149706987941538,1.0,736.7442375886525,0.7796850530007826,0.200174085495095,0.3918084584854542
glioma,coronal,4794.0,678.1452736853106,0.7553174728218056,0.685951116485337,1.032258064516129,673.900657894737,0.894910523872326,0.4081367258155642,0.49029973381775066
glioma,coronal,4565.0,490.80108191427644,0.8247515808491418,0.6378044016370056,1.3333333333333333,394.0517899061034,0.8955737737487747,0.28006693399179916,0.47685295315896936
glioma,coronal,5961.0,724.7726906832802,0.7708521919048235,0.8608470438366655,0.5413533834586466,651.4811728395061,0.8006739705050864,0.3265752815251166,0.5027343109925775
glioma,coronal,4950.0,546.5706345359769,0.8496395468589083,0.6040659841226634,1.2222222222222223,527.8257042253522,0.8180010314800251,0.15335078261271481,0.39304390010316526
glioma,coronal,7496.0,915.6316010800756,0.669704279460377,0.7299070806669997,1.2203389830508475,376.13422035480863,0.7657992595636959,0.5230013729806047,0.6408207446652383
glioma,coronal,3181.0,478.73001410241096,0.7676158301158301,0.7397430338945252,0.9,471.3203234880451,0.8591326497860929,0.37435675328338314,0.4979512893470535
glioma,coronal,5912.0,645.0031380615796,0.8058887677208287,0.760458020907098,1.4,421.42698915009044,0.8491151166203237,0.27227204971681007,0.4203523726024372
glioma,coronal,8894.0,681.222438151586,0.8001799370220423,0.7180091588898183,0.8235294117647058,187.53234126984125,0.8617511545272112,0.37938944202025615,0.6255963469421129
glioma,coronal,11018.0,949.0813485483815,0.7737902942622376,0.5127913937310761,0.8888888888888888,235.1195367132867,0.8362812838370102,0.35560999049363645,0.5804481245408379
glioma,coronal,818.0,220.95941546018392,0.5712290502793296,0.972080551077623,2.4,461.783187134503,0.8708129072189487,0.7603126435284164,0.7816540127621684
glioma,coronal,1768.0,335.91883092036784,0.7620689655172413,0.5799346542402075,0.8571428571428571,1010.3166666666666,0.8206032318590585,0.23720711968837277,0.35521656264988877
glioma,coronal,5903.0,505.2152954766495,0.8527882114995666,0.4522818379907206,1.0212765957446808,366.4798245614035,0.9450744491024452,0.2993158365184949,0.4117038751312791
glioma,coronal,1519.0,241.2436867076458,0.8420177383592018,0.5720558785311342,0.8333333333333334,677.5005319148936,0.5014096790429876,0.11569301784267884,0.3090893029425236
glioma,coronal,3081.0,458.8305191657993,0.6796823295830576,0.846497001781714,1.1,426.4273590333718,0.6608405903123753,0.4912300008896204,0.6486359522861133
glioma,coronal,4800.0,579.0264786586924,0.8199521694567817,0.584452027638644,1.2916666666666667,545.7400234741783,0.8368518491198964,0.23688883860416804,0.4532979359611342
glioma,coronal,697.0,201.58683245815342,0.6071428571428571,0.8296581224771983,0.6666666666666666,633.126329787234,0.766135103925403,0.40237409381208367,0.4982257023227496
glioma,coronal,3864.0,436.65284963613556,0.823003194888179,0.5337419604140318,1.1111111111111112,441.11566901408446,0.6975070686191416,0.26824195219369246,0.49604966152963964
glioma,coronal,3901.0,804.8792924010784,0.5716588511137163,0.6707467536675386,1.0,590.392363704257,0.6709857830399312,0.5696863854755818,0.6570716059542846
glioma,coronal,6334.0,713.1158364337878,0.7290515653775322,0.849172533045592,1.6022727272727273,443.3429118773946,0.7492447626475958,0.451408808461609,0.5891350550589454
glioma,coronal,2826.0,430.58178182427014,0.7394034536891679,0.7989340635990461,1.5714285714285714,672.5809917355372,0.6887444412588266,0.33223082675415333,0.5041798360621114
glioma,coronal,1524.0,355.2264427649427,0.6623207301173403,0.8661339423372579,1.565217391304348,957.7095153664304,0.8076216150150112,0.4421415596372977,0.5089467691883238
glioma,coronal,344.0,102.74011537017762,0.709278350515464,0.5221685625945448,1.0,2057.6684782608695,0.618834361485916,0.23350247605154256,0.30424915608261677
glioma,coronal,2589.0,462.38686835190333,0.6872843111229094,0.7902479338926198,0.9,788.4808368495078,0.7227866293836062,0.4763082317488567,0.5756339070091949
glioma,coronal,1833.0,304.59902576697317,0.8018372703412073,0.7978542989581863,1.6,703.9094551282051,0.8458584025329,0.2022001161547712,0.31241719463179113
glioma,coronal,1839.0,324.6051224213831,0.7496942519364044,0.6836106764045018,1.0,864.0977272727275,0.873602024240814,0.31764025937122464,0.3936317779986476
glioma,coronal,1532.0,310.36248173426384,0.6925858951175407,0.42117795904717215,0.8571428571428571,794.5306818181816,0.845863261635049,0.33284367013142446,0.41817826728366825
glioma,coronal,3055.0,414.23863607376245,0.779535595815259,0.7519774947887452,0.9230769230769231,492.24982419127986,0.8534200341223704,0.3903934863846423,0.5160856500425491
glioma,coronal,4799.0,553.120887067671,0.7589751700142338,0.7277383383263454,0.8461538461538461,413.24216681376873,0.8706681268038471,0.4231484818001518,0.5914595541903349
glioma,coronal,6450.0,655.1097397793777,0.8065524571714393,0.6886285790337381,1.1666666666666667,543.7048872180451,0.8652188522465702,0.3439944249694832,0.5077966443490098
glioma,coronal,7845.0,655.2752160002217,0.8520690778755294,0.649175595255165,1.108910891089109,480.2410714285713,0.8600507480192342,0.2753598129649877,0.47881772654052235
glioma,coronal,7705.0,681.8904396893715,0.8430900536163694,0.7881511768157127,1.6,476.5588409810128,0.8482676424998812,0.18873459407506876,0.36928029361700865
glioma,coronal,5192.0,718.1869042456532,0.7457627118644068,0.7884156979284388,1.3974358974358974,472.7746383363472,0.8436265565186434,0.3552880643177522,0.4839243751291399
glioma,coronal,830.0,223.69343417595167,0.7280701754385965,0.6439747036939345,0.8,1495.7852564102568,0.7271154319235617,0.21901619827313185,0.3076688726562392
glioma,coronal,1327.0,252.35028842544403,0.7842789598108747,0.7150343662919942,1.325,552.0961538461538,0.591092355818145,0.30452091580986757,0.5072463102308351
glioma,coronal,4069.0,446.10869375885125,0.8466500208073242,0.5960735405769789,0.9,370.85637860082295,0.8350060522333466,0.3462547258583742,0.5163438852201112
glioma,coronal,10619.0,883.1696603029502,0.7945974259203831,0.44840319418969815,0.9852941176470589,227.13344226579522,0.8403227329865021,0.3795210977694871,0.6203057749610054
glioma,coronal,8463.0,670.0325753131024,0.8154750433609559,0.101788259156307,0.9910714285714286,361.1685971685972,0.863474758877718,0.2754560425484503,0.4850124477115241
glioma,coronal,2066.0,324.49852070358486,0.7734930737551479,0.3038358866324386,1.0,237.81401785714286,0.8548593330455739,0.7316732079249267,0.8088813571713602
glioma,coronal,335.0,134.67514421272202,0.6568627450980392,0.5624682532511609,1.0,1090.0978260869565,0.68446073934728,0.2546788330889013,0.33091053127354997
glioma,coronal,883.0,218.34419177103413,0.7255546425636812,0.618821608747364,1.0,476.28461538461545,0.37128729580538833,0.31197342222306385,0.5049509491396063
glioma,coronal,524.0,159.16042558696057,0.6616161616161617,0.8862113716204313,0.6,589.5779914529913,0.4212599867064017,0.32578989127110414,0.477841403263288
glioma,coronal,3338.0,585.0914498161483,0.6119156736938588,0.9130778900120938,1.0,330.975,0.6274947215399692,0.5790735809478932,0.6974202379045346
glioma,coronal,5304.0,693.3290398693841,0.7368713531536538,0.848908866041839,0.9805825242718447,366.77949334319527,0.667720720681224,0.45631889866665565,0.638100057783967
glioma,coronal,2821.0,529.1564209736036,0.7295060770623222,0.35143749293975174,1.1875,657.6474206349206,0.4406989961129663,0.36328961424855194,0.5628261361023208
glioma,coronal,1601.0,289.63455967290594,0.7176154190945764,0.7956352577886816,0.8571428571428571,430.9787878787879,0.5169261412688732,0.3209415401941953,0.5434437518674965
glioma,coronal,1401.0,246.350288425444,0.7634877384196185,0.6829574855818735,1.4,575.3365384615385,0.5159929673955509,0.2745300359362591,0.4389454523724623
glioma,coronal,12861.0,1052.271211386865,0.7916897506925208,0.47038765742153166,0.9791666666666666,703.6089257964259,0.5804748120758312,0.33639147692600574,0.5596886513384584
glioma,coronal,9890.0,892.3828637385465,0.7931670542946507,0.7587063311615764,0.6858974358974359,337.02998652291103,0.684145740656844,0.4001066758486751,0.642805739540147
glioma,coronal,5400.0,729.77878733769,0.6885998469778117,0.707203545672961,0.8,373.60539215686276,0.7785290709272732,0.4757618122292837,0.6551934767268132
glioma,coronal,3504.0,680.2102448427661,0.6256025709694697,0.7934969390740801,1.0232558139534884,335.5283437826541,0.7658640572067865,0.47245193246597267,0.6625938735495103
glioma,coronal,3108.0,468.6944801964782,0.7534545454545455,0.9267268493449115,2.4347826086956523,382.50721884498483,0.7396840227643088,0.33916363738444294,0.46027983227561325
glioma,coronal,1700.0,329.08430714121175,0.6950122649223222,0.888006606787803,1.5,443.58215130023643,0.7017221822830839,0.42175548185010153,0.5406022640259017
glioma,coronal,2339.0,543.4934700697015,0.6546319619367479,0.9679225251866322,2.0,338.1035714285714,0.706918040250462,0.5534124957513175,0.631931176400021
glioma,coronal,10020.0,1108.9341622907673,0.6378915202444614,0.9020304261883786,1.7857142857142858,282.3078378378377,0.8326245931676639,0.5068244699505322,0.6256577678206418
glioma,coronal,13314.0,949.0458146424487,0.8515510073552927,0.7521646216496014,1.1875,223.76782014090344,0.8875525377781562,0.27708236128951624,0.46757888881574716
glioma,coronal,11201.0,778.6011178080263,0.8602918586789554,0.5728277588542418,1.0625,224.46335108846685,0.8736287247434394,0.32013002307646954,0.5227174224163537
glioma,coronal,11633.0,827.9919907732864,0.8361244878890246,0.4588436003395889,1.171875,179.7355470368836,0.8766242947531355,0.36238011073887416,0.5776130596411921
glioma,coronal,194.0,74.97665940288702,0.6879432624113475,0.5841428802937955,0.7272727272727273,2108.2173913043475,0.5957820728980359,0.2930250123197516,0.38026902991439787
glioma,coronal,562.0,167.47413408594534,0.65807962529274,0.25982120133001335,1.0,1663.8588709677417,0.7730489392965765,0.2943280823566377,0.35962353593076174
glioma,coronal,879.0,185.373629022557,0.7474489795918368,0.6281132072451852,0.8,683.948717948718,0.6657859406573966,0.2025080874859219,0.4106066829072477
glioma,coronal,1305.0,275.5279579551077,0.7135046473482778,0.7765650566496147,0.7142857142857143,706.0581818181818,0.7975072572444323,0.3317381597157165,0.5567658604445388
glioma,coronal,3790.0,588.5056633785213,0.7555821371610846,0.4860831269573827,0.8372093023255814,440.9311941251597,0.8709091188965697,0.3248458675216925,0.501306269738129
glioma,coronal,4203.0,502.5351006300441,0.8145348837209302,0.5708130361009195,1.0,439.6930379746836,0.8818684515306556,0.2730725247795113,0.44549612951333933
glioma,coronal,3519.0,433.6883835420683,0.7932822362488728,0.7008759402160935,0.9,421.0726090014065,0.901645091588216,0.31888282873038915,0.505640078024298
glioma,coronal,1838.0,334.09040379562157,0.7752003374103754,0.5737763991072132,0.8571428571428571,909.5549242424241,0.8278913189853604,0.21141912354112638,0.33651786507703035
glioma,coronal,3133.0,429.72391744800103,0.7844266399599399,0.653287973728609,1.0,566.0438184663536,0.8860803284923947,0.31642262756279,0.43583156274943985
glioma,coronal,3569.0,486.4934700697015,0.7845680369311937,0.5944808684839188,1.2222222222222223,481.65252880921895,0.897630304963599,0.366870747908291,0.5007478586495611
glioma,coronal,2491.0,364.2325394193526,0.7757707879165369,0.7023219980652236,1.125,680.076278659612,0.8887454459627531,0.3782172582268674,0.46631015163233075
glioma,coronal,4107.0,501.35743110038044,0.7923982249662358,0.2636450529657412,1.0,447.67183544303793,0.8954040875979483,0.285855172208671,0.4651741214337047
glioma,coronal,5536.0,530.9493141924172,0.836885865457294,0.45265586023635584,1.0909090909090908,442.8891283524905,0.934805686552008,0.2812154137836621,0.3928350501457272
glioma,coronal,6091.0,542.1269837220809,0.8442134442134442,0.595272780266524,0.9166666666666666,673.6239234449761,0.9079689142085142,0.22193423190161504,0.33809661531304747
glioma,coronal,5734.0,610.3757210636101,0.8238505747126437,0.5983063474407092,1.0,550.9016447368421,0.9289670293511566,0.3167924742953343,0.4056570618659286
glioma,coronal,5093.0,516.2924599429249,0.8308319738988581,0.5053954566287574,0.8333333333333334,524.85,0.9346956335212379,0.269968433955546,0.3910440061347263
glioma,coronal,3579.0,450.10259710444143,0.8147052128386069,0.36412805565560225,1.0,340.504303599374,0.9089235873042064,0.23647148174552504,0.39728707747404113
glioma,coronal,3868.0,541.1919548795365,0.7516517683637777,0.7739927168017117,1.1625,428.05920358649786,0.6070491351944853,0.42321261217222145,0.5301156272661368
glioma,coronal,5476.0,595.7544007200504,0.826940501359106,0.7130200073111159,1.3,453.28967867575454,0.5915212554867149,0.27924135044680115,0.44184914109944723
glioma,coronal,6777.0,737.0092347159896,0.7616318273769387,0.8420895051892574,0.9821428571428571,430.7480694980695,0.4821177690326557,0.4024009892396926,0.5444233504185568
glioma,coronal,7558.0,886.3828637385465,0.7222859327217125,0.7791386184306481,0.7647058823529411,303.60007122507113,0.6209576428080523,0.41430824677477707,0.5659879554020015
glioma,coronal,965.0,213.2436867076458,0.731614859742229,0.2193585760035025,1.0,479.83589743589755,0.7369642280092297,0.2865703676379548,0.4385163969792734
glioma,coronal,1220.0,248.04267658086914,0.741190765492102,0.5862250568345176,0.8333333333333334,730.7090425531915,0.5651403443719186,0.25657685571419864,0.40922937450396657
glioma,coronal,1317.0,261.04267658086917,0.7625940938042849,0.6501096581137301,1.325,556.169413919414,0.683132070342015,0.3029949111015623,0.4728833642575402
glioma,coronal,1944.0,346.84776310850236,0.775428799361787,0.7400367906621927,1.3333333333333333,533.0043218085107,0.6539932880070928,0.25412498032826114,0.4136978478698807
glioma,coronal,1798.0,287.63455967290594,0.7858391608391608,0.43593371251446805,1.1666666666666667,369.81952887538,0.6437070121705972,0.22148728863314532,0.42541796428158296
glioma,coronal,3529.0,440.96655813512035,0.8491337824831569,0.4401120277579011,0.8888888888888888,331.56360035211276,0.551112279400773,0.1597658219446806,0.49568552696005197
glioma,coronal,4743.0,542.9137802864844,0.8287611392626245,0.34428913613190126,1.0,352.4072784810127,0.60963688157115,0.20109791554154566,0.5369889866085572
glioma,coronal,5641.0,576.2985565973347,0.8459808038392321,0.5974299104753577,1.2,303.86075949367086,0.6514307001422815,0.21758764327974556,0.5714267082382011
glioma,coronal,7377.0,749.9858941188764,0.7652489626556016,0.8145186842108819,1.6022727272727273,303.66195721583654,0.7405773535409995,0.3636130447074932,0.6051284162451582
glioma,coronal,4674.0,546.9076836320746,0.8089304257528557,0.8774192727782261,1.75,355.1037414965986,0.7051883342435495,0.280603834421248,0.5286299063338371
glioma,coronal,5994.0,994.2590180780452,0.6906325613549948,0.8917076015716172,0.9333333333333333,458.73124249699885,0.6848370353268671,0.4994360871540989,0.6543976088926531
glioma,coronal,4048.0,595.7838379715733,0.6966098778179315,0.8927059315290348,0.8461538461538461,333.6353706972638,0.773205059932862,0.5045137147564225,0.6421133681676092
glioma,coronal,2177.0,334.81832585697947,0.7545927209705373,0.44593292661020145,0.9375,359.7750496031746,0.6719635900319365,0.39980881846822225,0.643973988571567
glioma,coronal,4002.0,519.6000717874997,0.8187397708674304,0.544562296293788,1.1111111111111112,419.06848591549283,0.5122224441413269,0.22391611687272095,0.5116984206821352
glioma,coronal,5523.0,625.1036431249679,0.7883242934627462,0.5975506329503726,1.1818181818181819,290.9427497789567,0.7417102204912176,0.3413949922671194,0.6033394331099157
glioma,coronal,6355.0,649.659992311072,0.8122443762781186,0.6306933130524366,1.2727272727272727,401.2331691297208,0.6382582666979463,0.29795291208118074,0.5486304895294624
glioma,coronal,6770.0,602.9909447527598,0.8381824935000619,0.6396376404890523,1.2727272727272727,401.3076765188835,0.7096130207830074,0.2543310620167076,0.5459106927783848
glioma,coronal,6786.0,570.5056633785213,0.875725900116144,0.710703430516934,1.4,313.02283001808314,0.6779720628778809,0.18932837401521987,0.5070314905092362
glioma,coronal,6248.0,587.4345955666557,0.8207014317614607,0.7046909166793293,1.2727272727272727,472.84852216748766,0.7299396427961474,0.30505205324777135,0.5760258733634028
glioma,coronal,5744.0,542.7777413171634,0.8674116581093325,0.7285396532866514,1.4444444444444444,364.8242145178765,0.5732393914361122,0.17453744648872038,0.49563916719156365
glioma,coronal,2743.0,387.88939366884495,0.792087785157378,0.7442089526411633,1.2,571.9481922398588,0.6328874195098627,0.31366449155830256,0.5759297266053407
glioma,coronal,6037.0,799.6427483683689,0.7613822676251734,0.7014827390675482,0.8571428571428571,373.36111111111103,0.9109797103581132,0.375589254946743,0.5064614015444929
glioma,coronal,6160.0,616.4467888754756,0.8012486992715921,0.6299705064877018,0.9230769230769231,295.87671925566343,0.9422238611252665,0.3352978444445361,0.44786049325221516
glioma,coronal,733.0,201.75840533340724,0.7426545086119554,0.5207631401798103,1.0,1058.1814516129032,0.8054549072796834,0.15595217453666985,0.24240491003706788
glioma,coronal,3044.0,484.04372260139564,0.7995797215655371,0.674790583861219,1.3114754098360655,651.1829365079366,0.9187686010822708,0.3142370154770815,0.3831093999157859
glioma,coronal,3553.0,406.13203435596427,0.8018505980591288,0.6147074616633262,1.1805555555555556,369.3508322663252,0.9335354341583318,0.35931146963086036,0.427498418015505
glioma,coronal,3532.0,437.86605307173204,0.8160813308687616,0.6288892503988737,1.0,595.1911189358372,0.9331455387041656,0.2519299813115767,0.33415862281980124
glioma,coronal,1391.0,312.43354954612926,0.7263707571801566,0.5874242740606815,1.0,761.1125886524824,0.8243152299139194,0.30088507513954277,0.40900287090928056
glioma,coronal,1200.0,268.62846301849606,0.712166172106825,0.8145931803351963,0.7142857142857143,742.1386363636365,0.8830107862449814,0.37538602720597847,0.4454326308914861
glioma,coronal,2844.0,622.097546470558,0.7269938650306749,0.8047169721534432,0.7,648.9247287522604,0.9106165755140961,0.2634721785673132,0.36378631223353763
glioma,coronal,2777.0,547.9493141924172,0.7142489711934157,0.5930982267779495,0.8,467.19996044303804,0.935931825773257,0.37177473497823665,0.45911935705641677
glioma,coronal,2367.0,418.9310242291876,0.7462168978562421,0.569052618866248,0.7777777777777778,593.3433098591549,0.9204076439967155,0.32876365624951065,0.4175752567551984
glioma,coronal,3007.0,504.0792565073284,0.7063659854357529,0.7737307860489362,0.9230769230769231,692.4154360056258,0.8061368385136599,0.39119603205105735,0.4834599384290891
glioma,coronal,4663.0,653.5117600329312,0.7713813068651778,0.568183465898082,0.9090909090909091,512.8137931034483,0.8201744036392533,0.26181196752947866,0.3931249035986203
glioma,coronal,4757.0,615.9259735953042,0.7806038726616344,0.3956282722485692,1.0,428.8917189132707,0.8354733991800569,0.32141509267294865,0.4728775737688888
glioma,coronal,2238.0,480.83051916579916,0.7186897880539499,0.8209247307183075,0.6666666666666666,303.5801056338028,0.7373953178464919,0.2643894138342377,0.49657513100855455
glioma,coronal,5249.0,567.6477990022522,0.8283099258324128,0.7136156426698018,0.946236559139785,489.3284688995215,0.7564804786988002,0.32068368522952767,0.5966113392879185
glioma,coronal,6676.0,616.6244584051392,0.8116717325227963,0.40856617778555027,1.0,467.80367811799863,0.8061929458399054,0.33046311641814236,0.5815012489419581
glioma,coronal,6743.0,674.7016228714147,0.8175315227934045,0.6611593534367887,1.0,460.8434466019417,0.7877392881222453,0.3197874500913737,0.571685160161519
glioma,coronal,5015.0,609.9970414071697,0.7696439533456108,0.4000005931296259,1.0909090909090908,550.7216235632184,0.7957900674203539,0.3400200693428427,0.5588152023631592
glioma,coronal,787.0,259.28531726798843,0.6301040832666133,0.5796934593461007,1.0,801.5133458646616,0.8324558073418921,0.6856886506305047,0.7111388696485844
glioma,coronal,2247.0,388.30360723121805,0.7596348884381339,0.6009079845135351,0.875,926.0382653061225,0.8539900951435992,0.2682979222543442,0.3302845248126762
glioma,coronal,3753.0,462.38686835190333,0.8206866389678548,0.7385509092103004,0.7272727272727273,494.77873563218395,0.9008882013436632,0.2551708564659427,0.3823665869751974
glioma,coronal,4079.0,412.48127676088177,0.8346633926744425,0.4688726518609835,0.9,558.6930379746835,0.8855649940706999,0.22798249561285755,0.42811149400625476
glioma,coronal,5101.0,575.7483040656406,0.8022963195973577,0.5721024210319351,1.0,503.93273249738763,0.8865205338862975,0.27606722510724907,0.46367267393935696
glioma,coronal,4501.0,520.3574311003804,0.7830549756437022,0.5281448470882992,0.9090909090909091,517.1923850574713,0.89806153981882,0.2973181658136898,0.45590425612022584
glioma,coronal,3023.0,446.6234123846127,0.7753270069248526,0.5951110334041432,1.125,582.7239858906526,0.8106205452027511,0.26799446331619803,0.4972468639588807
glioma,coronal,1145.0,240.4213562373095,0.7372826786864134,0.4751509444447859,0.8333333333333334,494.52872340425523,0.6892479719483481,0.30630401243010696,0.5963864572599206
glioma,coronal,2721.0,474.6295090390226,0.7919091967403958,0.6359727334665729,1.2857142857142858,1119.6328282828285,0.7604423182421838,0.2177215848306579,0.3428794715774789
glioma,coronal,5870.0,647.0325753131025,0.8142599528367319,0.45179799816958416,1.0909090909090908,754.4236111111112,0.8274177635264354,0.24253275916895006,0.4114667276723628
glioma,coronal,7469.0,685.517856687341,0.8340591848129536,0.5346825074583464,1.1666666666666667,495.3898496240602,0.8319473874324999,0.25841479463941225,0.5189003888356155
glioma,coronal,9245.0,760.494516090228,0.8406838228607802,0.6554636256804014,1.0714285714285714,576.9966216216217,0.8441289142645846,0.26655630333652597,0.5068769397219575
glioma,coronal,9926.0,859.2051942088827,0.8183017312448475,0.698310188452906,1.0,555.0125492125985,0.8518924733175248,0.34847067904300194,0.5703160767092916
glioma,coronal,9585.0,800.0275246792191,0.8612633659807709,0.6948635013288064,0.9375,661.1932414698163,0.8378321173148895,0.3260998797472211,0.5636701877816327
glioma,coronal,9184.0,773.6011178080263,0.8533729790001858,0.7161182799106471,0.9583333333333334,572.3778011204483,0.8493258040695139,0.3174107305803926,0.5783508308276557
glioma,coronal,4047.0,606.541197284454,0.7395833333333334,0.8036704250088788,1.0,277.2840909090909,0.8915768397608125,0.4095208064631557,0.5689673918179206
glioma,coronal,1535.0,331.5340546095176,0.7156177156177156,0.7137014950899735,0.625,494.86825396825395,0.7629941160839033,0.2979716165646582,0.4759037198518308
glioma,coronal,2511.0,481.22139213105936,0.6866283839212469,0.26088693353192177,1.125,489.71009700176364,0.850391305672054,0.37165967874428807,0.4759237313583558
glioma,coronal,2237.0,290.62846301849606,0.8194139194139194,0.6337553067453267,0.828125,263.8986344537814,0.9136747937359254,0.6879562115485124,0.7442923200925278
glioma,coronal,10649.0,887.8914857098979,0.7879393266740659,0.7187978329041664,1.1015625,353.2178477690288,0.9116034110306548,0.3742174584976828,0.5106432669775973
glioma,coronal,9215.0,1009.7442994522837,0.7066175906755617,0.733987865343638,0.9411764705882353,279.35179398148136,0.9187886118558369,0.4197394851553141,0.5460401122999812
glioma,coronal,8706.0,999.317892581091,0.7116815172075533,0.7761146582880972,1.3571428571428572,256.32070886676144,0.9267300356492539,0.4330220618362268,0.5453111358598742
glioma,coronal,7496.0,855.4772721475249,0.7621759023894256,0.8013255415398488,1.125,337.2305743243243,0.9208088806127425,0.42100236956488507,0.5566064000180383
glioma,coronal,4078.0,596.6477990022522,0.7550453619700056,0.8717905059412036,1.75,934.9720804988663,0.7392724288416634,0.3471164342064352,0.4834732014609254
glioma,coronal,1716.0,337.8122292025696,0.7179916317991631,0.7848110443156463,1.3333333333333333,585.2746010638298,0.7979208613443762,0.36023791054250087,0.5159771856413597
glioma,coronal,5524.0,557.6417023478423,0.8443900947722409,0.7743681548963629,1.5555555555555556,357.2102615694165,0.8325561316897858,0.2486475962387482,0.4318360310941865
glioma,coronal,5364.0,711.7726906832801,0.7385377942998761,0.8627605550553711,1.2727272727272727,400.34800903119867,0.8556447740836465,0.39748433897395613,0.5123528017400936
glioma,coronal,4382.0,614.0325753131025,0.7636807249912861,0.32685554601483674,0.9886363636363636,501.1954022988506,0.8333934136219616,0.37114321024075764,0.5084832749615874
glioma,coronal,7168.0,750.5006127446379,0.816493905911835,0.8575142811680782,1.8630136986301369,565.888123603872,0.7983859363572435,0.26993653170908066,0.44971630730044926
glioma,coronal,6627.0,663.5889244992064,0.7982413876174416,0.741445095550222,1.0,431.5435959671397,0.8159689790231333,0.3389051255344512,0.5552363557417275
glioma,coronal,7369.0,881.6488450227787,0.7154368932038835,0.821187536487175,1.3846153846153846,470.09937971952536,0.8213326590223688,0.45848530718282676,0.6039751367080336
glioma,coronal,6638.0,805.6194077712557,0.7076004690331521,0.7003446925692547,1.0714285714285714,400.95908408408405,0.8049306019700715,0.4564803736621608,0.604455866969812
glioma,coronal,5774.0,744.8853890554882,0.7149578999504705,0.8057714026984141,0.9369369369369369,329.60299722799715,0.7837695956042086,0.44682058969324734,0.6221011649206337
glioma,coronal,4492.0,724.8437584951455,0.6800908402725209,0.844275123107942,0.9230769230769231,560.5795914239482,0.7133964235589131,0.4792239372584791,0.6120458563766297
glioma,coronal,4390.0,577.7422074112307,0.7234673698088332,0.7776464042817391,1.3,789.8673320350534,0.6069482340344204,0.40311542129094907,0.5459063704524915
glioma,coronal,3460.0,519.008188695463,0.7288813987781757,0.7952943826492594,1.2222222222222223,617.961747759283,0.670467736720858,0.38464000354464034,0.5248051571525763
glioma,coronal,2164.0,348.12593770155434,0.7817919075144508,0.5719480709041304,1.0,668.1152597402597,0.677657959212764,0.2372180441895626,0.5098745891889986
glioma,coronal,2758.0,359.59902576697317,0.8176697302104952,0.4902941698234546,0.8,486.49974849094565,0.8521330684867636,0.2290566846142369,0.37515057619824194
glioma,coronal,2333.0,385.16756826189703,0.7639161755075311,0.6776754075040528,0.7777777777777778,541.9159959758553,0.8650432794372052,0.3445390396467345,0.4587150051038301
glioma,coronal,2576.0,452.3807716974934,0.7385321100917431,0.49800162031813894,1.0,579.3107638888888,0.6942604867130409,0.2714148196153174,0.47580975034640927
glioma,coronal,1811.0,386.9959953866432,0.7235317618857371,0.5868242460747605,1.0,596.1633116883118,0.9159779816704998,0.3237264543625906,0.4123269452720195
glioma,coronal,3125.0,495.22139213105936,0.7342575187969925,0.6758600966362078,0.7441860465116279,493.207974137931,0.941453701465771,0.3724598043770101,0.4442251191132739
glioma,coronal,2156.0,561.6061684419096,0.6363636363636364,0.932893276612994,1.0,636.7576291079812,0.9181843327699181,0.49690147292361425,0.5511828960631252
glioma,coronal,5249.0,631.3462838120872,0.7482537419814683,0.6957535501322243,0.9696969696969697,384.5385315533981,0.9284331624520216,0.4143361778113935,0.5270732568664721
glioma,coronal,3441.0,538.8132752230962,0.7215349129796603,0.5470375710277772,0.8636363636363636,446.05974616858236,0.908014879342161,0.480011650879567,0.5519404944147339
glioma,coronal,4569.0,510.49956672411133,0.7824970029114574,0.6567760338002672,0.8333333333333334,287.966052631579,0.9354594641187289,0.34124963851918394,0.4693173781494449
glioma,coronal,4469.0,563.4701294725885,0.8135809211724012,0.6515501077476047,0.75,326.8812865497077,0.9162079078554416,0.28858214131538623,0.44211783396914617
glioma,coronal,4034.0,605.541197284454,0.7612757123985657,0.8398613806559716,0.7058823529411765,565.7191208198491,0.7928142877079492,0.40376781031904635,0.5840405629924225
glioma,coronal,2613.0,369.95436482630055,0.8282091917591126,0.6994996669749309,1.1428571428571428,525.1071022727273,0.8285879274520124,0.18395429309291494,0.32945617401763627
glioma,coronal,7255.0,600.9909447527598,0.8679267855006579,0.5819166198274348,0.9230769230769231,276.95461683417085,0.8835934424963652,0.4354191153905958,0.6525641747560704
glioma,coronal,13756.0,866.311795926681,0.8866829960036097,0.3732913287869679,1.1176470588235294,615.7033625730994,0.8829801165903726,0.30012671570251925,0.5436073420613883
glioma,coronal,14119.0,881.8326112068523,0.8784843205574913,0.38279545938848586,1.0555555555555556,370.5450864924549,0.8911726129288915,0.31986011951062754,0.5579572741503288
glioma,coronal,12717.0,836.3767670841366,0.8652197577901756,0.5007023973098998,1.0,436.29863834422656,0.9034599156166724,0.27453114380431803,0.5110221581158306
glioma,coronal,9317.0,748.080302527855,0.8578399779025873,0.41579374841309863,1.0714285714285714,398.2912912912913,0.8900684357182397,0.26042253124906367,0.49558428759389317
glioma,coronal,4773.0,589.2274887854693,0.8081611920081273,0.7567232623988281,0.6153846153846154,724.0791868932038,0.7418613473051698,0.2152334993000497,0.5010430312389722
glioma,coronal,1718.0,284.6639969244288,0.7851919561243145,0.7860158104441363,0.625,636.4686507936508,0.7336457413536888,0.24630009686824963,0.612315949123162
glioma,coronal,511.0,153.6812408671319,0.6868279569892473,0.7276533533181124,1.0666666666666667,842.235887096774,0.6955864439002409,0.35039994871142877,0.46018219315940856
glioma,coronal,684.0,188.2670273047588,0.685370741482966,0.48179384154044197,1.0,1258.2681451612902,0.7446813658762268,0.15730329167668586,0.24181579401334732
glioma,coronal,1016.0,348.84776310850236,0.5759637188208617,0.9456998873624182,0.625,547.5539682539684,0.8001977143219832,0.49367352127030945,0.5549670683734543
glioma,coronal,1284.0,269.8772003600252,0.7066593285635663,0.5804395310445747,1.0,553.6498226950355,0.38496084900772265,0.32998333722810425,0.5222471584938145
glioma,coronal,2695.0,377.7117241391813,0.7919482809285924,0.6105767426503611,1.0,310.9064980158729,0.543982369002237,0.27703933654854884,0.5947603738244699
glioma,coronal,4425.0,503.1147904132612,0.8342760180995475,0.5380831764069078,0.9090909090909091,299.6343555093555,0.6753671551844919,0.47393498476815027,0.6791562356528692
glioma,coronal,8011.0,1073.1118318204308,0.6515126870527,0.8408408070350694,1.5384615384615385,299.2811286407768,0.6359764873553514,0.4645691798693295,0.6821038482899703
glioma,coronal,7755.0,910.708765546351,0.7141541578414219,0.8398963992369771,1.3571428571428572,246.51967757230915,0.8399925544578839,0.4944335557915882,0.6498491136764873
glioma,coronal,10024.0,1191.1656556895932,0.6152712987969555,0.7543133244808945,1.2352941176470589,218.29810405643735,0.8489896218493529,0.5164295647578515,0.6593914951608079
glioma,coronal,4500.0,828.5067093990478,0.6749662516874156,0.8898558578626389,0.6610169491525424,318.2375,0.8446847615533843,0.453943235119497,0.566991134305763
glioma,coronal,1972.0,381.09650045003156,0.6970661010957936,0.8167358876708133,1.2203389830508475,443.5759408602151,0.8613494675232799,0.49312654090454744,0.5787113309553145
glioma,coronal,3076.0,461.3097038856279,0.7846938775510204,0.5652082857018264,1.125,597.3137125220459,0.778584263501425,0.23503901053860174,0.3992975184135358
glioma,coronal,4601.0,533.0142853498728,0.8106060606060606,0.5167462537172827,1.1,529.0916283084003,0.829659046979912,0.27666330986923326,0.4378330858843333
glioma,coronal,2561.0,368.91883092036784,0.8182108626198084,0.40167715387256564,1.1428571428571428,1100.6400568181816,0.34471909548710183,0.21252800845437445,0.5029721856019038
glioma,coronal,3325.0,399.6528496361356,0.8285571891353103,0.3504039144548066,1.0,966.0318857589983,0.4819294505914295,0.28943363439749176,0.5594271009766816
glioma,coronal,3964.0,415.16756826189703,0.8563404623028732,0.297484401413326,1.0,654.0831377151799,0.2959085750851967,0.17009901134321478,0.5308126805517488
glioma,coronal,4605.0,474.48737341529164,0.8406352683461117,0.5207855460462075,1.1,503.7146144994246,0.5539178764635322,0.29335766215026093,0.6052855559406086
glioma,coronal,8397.0,697.1391770309007,0.8518819113320483,0.7101554849904819,1.4204545454545454,679.1156609195402,0.5908771249412498,0.19880660393810035,0.47277876997979673
glioma,coronal,5728.0,612.7544007200504,0.8050597329585383,0.3818030165749627,1.1818181818181819,523.5933908045977,0.8460831171488068,0.30523012800557614,0.4341676457953248
glioma,coronal,7558.0,787.5777772109134,0.7969211303247575,0.7017526024492657,1.25,527.3248245614035,0.8321833611100348,0.2826116562723544,0.41553558017268327
glioma,coronal,2651.0,491.422402257836,0.7026239067055393,0.8406893092814485,0.7529411764705882,695.1830100574714,0.8218057578745446,0.4505768087089119,0.5400909846365605
glioma,coronal,2267.0,550.6477990022522,0.6878033980582524,0.6587657010978928,1.125,665.1838624338625,0.7889955133424618,0.4097434401413806,0.5016448800861465
glioma,coronal,4685.0,667.2813126546316,0.7135242156564118,0.8154227992055133,1.5555555555555556,504.36267605633793,0.8476660616316273,0.3528452537555841,0.509329285854816
glioma,coronal,4197.0,718.6599923110721,0.7118385345997287,0.8530038357227272,0.8333333333333334,229.63210526315788,0.9270613114859039,0.3870450259941528,0.5074991028776333
glioma,coronal,6870.0,805.3290398693841,0.7982802695793633,0.730998819082285,0.9285714285714286,319.87075537075543,0.9332143995492851,0.35380090605625164,0.4788879959604251
glioma,coronal,8840.0,743.6011178080264,0.8152725260536752,0.6038964829216492,0.896,285.8233267716536,0.9182298516786231,0.34509276179929993,0.5303498293647316
glioma,coronal,8808.0,720.9737008100567,0.8506857253235465,0.6997307175642845,1.0714285714285714,287.1528528528528,0.9017607232682985,0.29442065950092083,0.5032546451801367
glioma,coronal,5578.0,773.0214280248092,0.7180741503604532,0.6302106225464551,0.9230769230769231,452.7122775080906,0.8668483018920268,0.3791703400323123,0.5346207389535742
glioma,coronal,5738.0,735.7371567773474,0.7902492769590965,0.7371043959754762,0.8461538461538461,360.63095763459836,0.8622110064026639,0.3117544452624561,0.5113830656691842
glioma,coronal,9464.0,972.7087655463511,0.7437328094302554,0.7858034320183799,1.3571428571428572,403.3159080132763,0.8795815163222588,0.39474816861438455,0.5493080264427181
glioma,coronal,9259.0,966.8803384216048,0.7456712571474591,0.7272995135423096,1.3571428571428572,292.3105737316264,0.8787271077871823,0.4054067398401392,0.6002248919179312
glioma,coronal,4778.0,566.8549057834388,0.8061413868736291,0.7764200350450975,0.7692307692307693,576.288713592233,0.7772460492417809,0.3624829252042944,0.5685186726748123
glioma,coronal,4017.0,518.1919548795365,0.8040432345876701,0.7668047996667366,0.9090909090909091,526.4581896551724,0.7478702824754865,0.36349316797098147,0.6126338867487067
glioma,coronal,5387.0,645.1330803764907,0.7390588558101249,0.6652829951124163,0.8571428571428571,333.03134384384396,0.9461329430029063,0.44778773816736844,0.5358775444938048
glioma,coronal,6647.0,668.6244584051392,0.7986303015739517,0.7204398596610788,1.0769230769230769,365.4454750346739,0.9084461600774837,0.37306084112921184,0.4988592619331123
glioma,coronal,5683.0,618.3696244092002,0.7841865599558437,0.7234143113962078,1.2727272727272727,391.4885057471264,0.8590690112561163,0.3742468825950599,0.5504358812740389
glioma,coronal,1603.0,405.71782079359116,0.7283053157655611,0.8396111711367479,1.6,1061.751602564103,0.21236366485336908,0.23600596097260745,0.4014123321929407
glioma,coronal,2168.0,344.2264427649427,0.7886504183339396,0.7820386293967881,0.6527777777777778,539.462734741784,0.5730328727822259,0.2768031431404974,0.4886660685942063
glioma,coronal,2626.0,414.82442251138934,0.7764636309875813,0.7560876183165641,1.0,801.8643353174604,0.7488457076417737,0.2699004178799562,0.4467860023065998
glioma,coronal,6813.0,588.4406922210658,0.8317665730680015,0.5436771199730024,1.0769230769230769,343.3584431345353,0.9103506598870217,0.36884092262129287,0.5452834642882304
glioma,coronal,6197.0,665.9026329981913,0.8095362508164599,0.6891583330481417,0.8571428571428571,457.5341591591592,0.9102574582371278,0.36415641999242776,0.5129629277912396
glioma,coronal,4686.0,558.6122650963196,0.801025641025641,0.6277928142157777,1.0909090909090908,367.4904214559387,0.9294040261360537,0.39003213457557795,0.5100461421083232
glioma,coronal,1284.0,290.73506473629425,0.7165178571428571,0.713820990768937,1.0,437.95478723404256,0.8019649830787572,0.3558145264859737,0.5219528440781559
glioma,coronal,1306.0,201.95941546018392,0.7924757281553398,0.6882220224976509,0.8333333333333334,700.8404255319149,0.5326905979538691,0.2266472446720425,0.5316096648650794
glioma,coronal,3702.0,473.76554800834367,0.7680497925311204,0.6914058569416573,0.9090909090909091,378.5344827586208,0.7281279472863835,0.41135938199427274,0.6502485242506264
glioma,coronal,4971.0,502.9432175380074,0.8432569974554708,0.6415092555369577,1.1,489.2336018411968,0.6835661367992241,0.23812180029818802,0.5582243662837629
glioma,coronal,5740.0,520.706673505298,0.8567164179104477,0.5079501636508426,1.0909090909090908,435.93905651341004,0.7359202961007063,0.2660110818228985,0.5961830690689818
glioma,coronal,5580.0,561.842712474619,0.8296164139161463,0.5311301258025294,1.0909090909090908,325.7678400383142,0.7504588229050942,0.2821349620049851,0.6165209437371124
glioma,coronal,4729.0,482.31580054003786,0.8419084920776215,0.5570747496708081,1.0875,447.4883486766397,0.762662958972097,0.2679121164253183,0.595077529448355
glioma,coronal,4494.0,536.2213921310594,0.7951167728237792,0.6858964354517614,0.8333333333333334,533.0922368421052,0.7546251542374444,0.3518696230824699,0.6242523280425258
glioma,coronal,3715.0,442.1381310103742,0.7747653806047967,0.7412489024816803,1.0,309.77990506329115,0.6510653833139586,0.3574554974861397,0.652160736766192
glioma,coronal,6531.0,604.1625176280136,0.8092936802973978,0.4575081128613282,1.0,388.434932785661,0.6557478016346352,0.33993250814631487,0.6393328955302542
glioma,coronal,7756.0,646.4112549695428,0.8439608269858542,0.46841229195419803,1.0,167.30622586872587,0.6680422599274884,0.3368563520341877,0.6919445603659858
glioma,coronal,8136.0,773.8853890554883,0.8392820301217248,0.32393163226577976,1.0,603.81064993565,0.6220749121083323,0.3020079170343418,0.5926863326570873
glioma,coronal,6748.0,736.6721856198917,0.7534613666815543,0.7791094721985532,0.7164179104477612,255.24861111111107,0.6834203618496512,0.43498007325940136,0.7005808881158286
glioma,coronal,3952.0,585.2335854398791,0.7626399073716712,0.8474468622718883,0.5714285714285714,466.70720720720715,0.5822155728334182,0.38238036348177706,0.6324201015281008
glioma,coronal,1830.0,504.31580054003786,0.6290821588174631,0.8443599790396759,0.6233766233766234,1199.8987341772154,0.28222309261726525,0.421945460814263,0.5562270386890191
glioma,coronal,2733.0,410.4396462005392,0.7558075221238938,0.7080929405468815,0.8888888888888888,521.852332746479,0.3250858853156344,0.343633041273897,0.5875398998164079
glioma,coronal,3300.0,492.8721497261419,0.7397444519166106,0.6730686195599532,1.0,661.534810126582,0.36706430107104965,0.4172710909411322,0.6164379238646864
glioma,coronal,3295.0,519.7361107568208,0.7170837867247007,0.6841136870922937,1.1891891891891893,454.21936133486776,0.3411697445771182,0.4599868469695974,0.6378260217344913
glioma,coronal,3184.0,476.25082938258225,0.7365255609530419,0.5598272390306612,1.1111111111111112,694.7522887323943,0.5209057633385343,0.3666824765494133,0.5501484437055554
glioma,coronal,2228.0,437.03762594698577,0.7102327064073956,0.7731561131528849,1.2857142857142858,857.0285353535354,0.4383350769460463,0.35184072566301655,0.5215169066079715
glioma,coronal,3156.0,514.0559159102154,0.7723935389133627,0.6551707905646615,0.9583333333333334,731.3593505477307,0.6016346785970469,0.3101777659719725,0.4957936092032678
glioma,coronal,5082.0,575.9137802864846,0.75456570155902,0.7812474866783223,0.6,419.2058823529413,0.7305550421732795,0.3518356179887706,0.5961974100613263
glioma,coronal,4812.0,599.0975464705581,0.801732755748084,0.6617157448511074,0.8602150537634409,518.2414473684211,0.7604151370010146,0.3048979780325056,0.525923795040406
glioma,coronal,3043.0,412.9310242291875,0.8123331553657235,0.4956376442124454,1.125,277.10185185185185,0.7964779990301245,0.26285663601202564,0.47773596629355747
glioma,coronal,3708.0,397.44574285494906,0.8304591265397536,0.5864554953968522,1.25,276.0517857142857,0.8096100423404404,0.20519010152826606,0.42935985889155787
glioma,coronal,4063.0,528.0203820042826,0.7858800773694391,0.5943508864231029,0.9090909090909091,334.36810344827586,0.8210641146816904,0.3587246484165207,0.534119770769056
glioma,coronal,3520.0,533.0853531617382,0.7761852260198456,0.7369540686033984,0.7272727272727273,351.3922413793104,0.7860553198586862,0.2927524338201786,0.4635621577945754
glioma,coronal,2433.0,413.33914113715076,0.7861066235864297,0.8028807519791078,0.6666666666666666,479.4460093896714,0.8011996379492478,0.2145092535428672,0.3419193891895216
glioma,coronal,5466.0,581.4345955666557,0.81998199819982,0.6973579338297522,1.0909090909090908,361.388533464567,0.7794265767181059,0.5559185194948655,0.6867913359835256
glioma,coronal,2206.0,330.84166645409243,0.7710590702551555,0.6454834060068381,1.125,311.13526762056176,0.6804304251967387,0.7211170436443801,0.7913460120341819
glioma,coronal,922.0,295.8416664540925,0.6637868970482361,0.7423719002121903,0.851063829787234,753.2930851063829,0.40289657306243654,0.3912981580952638,0.5374935201905241
glioma,coronal,7872.0,708.9797974644666,0.8139799400268845,0.7600774781895382,0.6838235294117647,457.9546296296296,0.8342553542709028,0.340586725667911,0.5273811690488952
glioma,coronal,6480.0,736.222438151586,0.7703281027104137,0.5964924438207702,0.9285714285714286,440.73154885654895,0.8029242401961816,0.38677525451656053,0.5477694048612182
glioma,coronal,6581.0,783.4417382415922,0.7745998116760828,0.6412770697495882,0.8571428571428571,544.4486674174174,0.7689031071969931,0.3258739739986916,0.5034836600884198
glioma,coronal,8498.0,787.2051942088827,0.7676603432700994,0.7639930306062565,1.3571428571428572,241.46040777619726,0.860550064014318,0.46016256490201,0.6102844683852201
glioma,coronal,11082.0,911.9747468305833,0.799278759466282,0.8135496532556941,1.4,301.63505402160865,0.8481857640383508,0.4084884313426573,0.5911103850661013
glioma,coronal,12295.0,1001.2590180780452,0.806811470568935,0.7116348715058024,1.1764705882352942,245.90587962962962,0.8343888891890574,0.39582733913590074,0.6038406322271614
glioma,coronal,4860.0,652.4823227814082,0.7300585849481749,0.5884341372235611,0.7142857142857143,436.11509009009,0.6012425847679301,0.3943019873774634,0.5310390238356671
glioma,coronal,7213.0,1009.850901170082,0.5986885790172642,0.8919871194458762,1.1764705882352942,265.58726851851856,0.7011982279248463,0.6279011157587832,0.6980430175871272
glioma,coronal,6493.0,672.1391770309006,0.7537729277919666,0.6630255984637872,1.25,311.5841841225137,0.7742298944851946,0.693633781904019,0.7657360071477084
glioma,coronal,3963.0,529.4995667241114,0.7413019079685746,0.4938215043633918,1.1,157.56846950517837,0.8045132785927486,0.37779634297473974,0.6063954895623046
glioma,coronal,795.0,226.86500705120545,0.654320987654321,0.4349812179506451,1.0,574.1211538461539,0.509283230593653,0.3954907424332804,0.5437370482922874
glioma,coronal,2010.0,435.07315985291854,0.6662247265495526,0.7970333548958701,0.7777777777777778,515.7990442655937,0.6311827145464185,0.4032700443647544,0.5211099507606468
glioma,coronal,1504.0,321.9838020778234,0.6765632028789923,0.8570367797625564,0.6521739130434783,410.65258215962433,0.74003117435645,0.4781764271339796,0.5741625369564147
glioma,coronal,1342.0,322.53405460951757,0.7048319327731093,0.8197331821174512,0.578125,794.6261904761905,0.6552895647099095,0.3512246642851512,0.44806566926611346
glioma,coronal,5399.0,847.7726906832801,0.5919307093520447,0.8868569608149475,1.7272727272727273,599.7459921355111,0.6727732921635655,0.5406137317940898,0.6180661509115232
glioma,coronal,7586.0,1066.1768029778864,0.5628013947622227,0.9359187648465049,2.272727272727273,295.39275862068956,0.7746023440937829,0.5182928010936265,0.6209814555072263
glioma,coronal,6086.0,1038.3950570473662,0.6268410752909671,0.9686118169353842,3.125,352.2764285714285,0.6736438407560096,0.4587484651974191,0.5925156642474584
glioma,coronal,9028.0,1163.2600640985715,0.5185823424665403,0.8909308765455277,1.7333333333333334,364.5903765352295,0.6877450583401626,0.593215127122376,0.6999913033276616
glioma,coronal,8712.0,1094.6204537917824,0.48569994982438536,0.8783595442279234,1.5625,347.74988188976374,0.7441496622752176,0.6187466230976676,0.7165028818334062
glioma,coronal,8516.0,1070.3422791987305,0.527600520413853,0.8833242414840002,1.6528925619834711,289.6038188976378,0.7138057364018349,0.6256650191303909,0.7231455711907772
glioma,coronal,9507.0,899.732106143464,0.640762957471187,0.8335744166660868,1.6,272.50380777310914,0.8023627175072344,0.5504697496933476,0.6871208497482525
glioma,coronal,2363.0,557.6772362537752,0.5898652021967049,0.8363768974258133,0.9,564.4977144866385,0.7899715825160849,0.5039005018763459,0.5907830670594534
glioma,coronal,2452.0,311.49852070358486,0.8148886673313394,0.35884856560466444,0.921875,544.0519022423784,0.8037593960682544,0.32039504826501075,0.5367761745060508
glioma,coronal,2673.0,380.0254326381661,0.7804379562043796,0.328191110312607,0.9411764705882353,658.6859595070423,0.8593964955007871,0.34241331223364047,0.4484496948813992
glioma,coronal,2695.0,346.3269478283311,0.7811594202898551,0.3634687980605053,1.0,614.0069444444445,0.8753882134237574,0.25893124399961726,0.37734543897947037
glioma,coronal,1075.0,277.67009357883865,0.6710362047440699,0.6889152678157542,1.375,861.5196886446888,0.8294124337381676,0.3938512838319993,0.47302631095521125
glioma,coronal,5297.0,641.239682094289,0.7520942780065313,0.8395888409502962,1.0,506.7295556385362,0.5704376508869414,0.45511574328395815,0.6708645914334386
glioma,coronal,8635.0,833.9919907732863,0.767419125488802,0.6347130788769632,0.9375,461.87965879265096,0.6340970459846299,0.3911868804412424,0.6202103994752505
glioma,coronal,9221.0,1021.7503961066936,0.7000987016931136,0.7735638913256118,0.75,554.6924528301887,0.6937471899328979,0.47923763253668206,0.6737679245125825
glioma,coronal,8565.0,747.9087296526011,0.7962257134888909,0.7462118556640919,0.7647058823529411,227.64729344729344,0.6689034189601516,0.35219688277416966,0.6489087887020012
glioma,coronal,7069.0,694.938166904124,0.7873691245266207,0.7640070264367268,0.75,289.4659612860891,0.6540380180231029,0.37757167700352795,0.6540498231249394
glioma,coronal,4221.0,660.4823227814084,0.7199385979873785,0.8816369920195101,0.5333333333333333,565.4432773109243,0.5573037978541329,0.3820589305294715,0.623312577483685
glioma,coronal,2973.0,609.4051583151329,0.6661438494286355,0.9131247758746038,0.42857142857142855,983.6903153153153,0.4981553437868655,0.3631856176522496,0.5968198455677018
glioma,coronal,1856.0,353.54015126392744,0.7163257429563875,0.49566181639931284,1.0,630.7665584415586,0.8876072814511368,0.31997679818167984,0.4203086815662649
glioma,coronal,3457.0,495.90768363207457,0.7983833718244804,0.403865143668933,0.9,370.31627988748244,0.897817978984139,0.32196790809443854,0.4109235285535935
glioma,coronal,4910.0,648.2813126546316,0.7886283327979441,0.5874602811519871,0.9166666666666666,445.2131578947369,0.9188214120743196,0.35976288815712154,0.46135079372639765
glioma,coronal,5213.0,596.7544007200504,0.8289076164732072,0.729259347098659,0.8333333333333334,334.06144736842106,0.9184020408050294,0.26261653197587553,0.3945630905449211
glioma,coronal,4674.0,547.9493141924172,0.8010282776349614,0.6577183254276177,0.8333333333333334,572.4651315789474,0.9192290418945449,0.3262483084937206,0.4163043524464047
glioma,coronal,2787.0,384.78279195104676,0.7654490524581159,0.598677895058523,0.7468354430379747,305.3854825949367,0.9186349996007681,0.36677754550545655,0.45402660608073175
glioma,coronal,866.0,251.21424945612296,0.6666666666666666,0.5386639098449559,0.8333333333333334,676.1957446808512,0.784955729486794,0.44007254715926253,0.5614657318212211
glioma,coronal,10466.0,962.0519112968586,0.8050149988462426,0.8641327256862046,0.9305555555555556,317.11343068696016,0.802499261133993,0.4237786661422825,0.6595103841079037
glioma,coronal,8017.0,795.6721856198917,0.7741405948242565,0.827004052893632,1.0,362.63620448179273,0.807674491763265,0.3926990424693686,0.5999439026598737
glioma,coronal,7214.0,839.4123009900693,0.7232805293763785,0.8511339144546757,1.0,326.7549019607843,0.8128624767104892,0.45018949397681063,0.6266083234100451
glioma,coronal,4621.0,612.0620125646253,0.6860154394299287,0.8723219416157156,0.8482142857142857,420.76426426426434,0.7954406013532257,0.5196560548807938,0.6540389581752034
glioma,coronal,4458.0,661.9320702497141,0.6840570814792082,0.8123376105654143,1.7777777777777777,472.07790492957747,0.7414518963351125,0.4481291749940463,0.5894939430698709
glioma,coronal,5217.0,689.0386719675123,0.7528138528138528,0.9035369324508868,1.837837837837838,306.23464259121374,0.729660394089205,0.4633120790054693,0.6208855108865855
glioma,coronal,4281.0,480.9787514439401,0.794543429844098,0.813515312310863,1.2,463.4825949367089,0.6826180817159239,0.38355153525908164,0.5641271235013546
glioma,coronal,5068.0,487.76554800834367,0.8192693178144197,0.775888627507721,1.0909090909090908,375.90038314176246,0.5987985156781194,0.3535353566352168,0.6277042134587095
glioma,coronal,2588.0,545.98484809835,0.657019548108657,0.8926745833768431,0.6666666666666666,581.2057565789476,0.6443471901476363,0.5100042661774681,0.6236355848130269
glioma,coronal,6404.0,651.4173516239528,0.8068539750535467,0.7398275328305003,1.1666666666666667,538.7838345864662,0.5411938299026081,0.347607458827036,0.5876783017304282
glioma,coronal,8890.0,838.0985924910847,0.718616118341282,0.77903698907952,1.0625,567.0822139879573,0.7328495940893739,0.4466007558651595,0.6441346046780726
glioma,coronal,7468.0,697.0803025278549,0.8392897280287706,0.8119026519328582,1.2692307692307692,492.5484723015421,0.6829074552291824,0.4230083818805446,0.6216127458344621
glioma,coronal,6187.0,480.70057685088807,0.8651936792057054,0.7509532901682748,1.0,412.651754385965,0.6355447429413988,0.29359013850456805,0.6266280483787009
glioma,coronal,6764.0,613.1269837220809,0.822370820668693,0.7374458473679094,1.0,274.2960231516057,0.7334863077478809,0.332752001213057,0.6309985666647437
glioma,coronal,6945.0,669.4173516239526,0.8149495423609482,0.7787771036039529,1.1826923076923077,265.66087682038835,0.7247393128832244,0.4369945651332518,0.6822029142320968
glioma,coronal,5941.0,699.2874093090415,0.7827404479578393,0.7085860378592252,0.9230769230769231,304.8857200647249,0.7276044028750033,0.3471941453115047,0.6256752431275049
glioma,coronal,3260.0,502.66504294495536,0.7270294380017841,0.840188236039888,0.9090909090909091,551.6326149425288,0.8197196470274003,0.4779143192509703,0.5942189817292357
glioma,coronal,3423.0,697.0447686219222,0.5809572301425662,0.8700191861139606,0.7692307692307693,511.88410194174776,0.7285684344768715,0.5199743450673611,0.6140391258349548
glioma,coronal,5086.0,707.6660889654818,0.7180573203444868,0.3962431164863614,0.9230769230769231,448.50879854368935,0.6831398012213854,0.43357055729064176,0.5651772262096553
glioma,coronal,6152.0,767.3940110268397,0.7220657276995305,0.7265653768812199,1.1914893617021276,478.4222744360903,0.6355918207977216,0.3657404192760427,0.5480229137647447
glioma,coronal,2199.0,524.8010819142764,0.593042071197411,0.7065175265770323,1.125,670.4951499118164,0.5229989480841182,0.4252061458802582,0.5677041717712362
glioma,coronal,1990.0,459.2031021678297,0.6569825024760647,0.6268063521318941,0.875,721.5158730158731,0.4031522240559952,0.34058932619310694,0.5172550465793498
glioma,coronal,1388.0,303.5340546095176,0.7154639175257732,0.8940054683812771,0.640625,776.8244047619047,0.7442880979306578,0.4464131390630692,0.5305102725328711
glioma,coronal,991.0,255.94217151748083,0.7098853868194842,0.7539530323389556,0.6666666666666666,1088.5485372340424,0.5132001743275019,0.23096082561328865,0.3884607571812311
glioma,coronal,881.0,224.79393923933998,0.7127831715210357,0.7392787805209544,0.6666666666666666,529.466755319149,0.8864053384123001,0.29508432669362655,0.3741000047448253
glioma,coronal,1509.0,260.66399692442883,0.8108543793659323,0.8014450744991509,0.7142857142857143,421.46272727272725,0.8989683271944631,0.2433196296001626,0.34821310369758596
glioma,coronal,1489.0,296.28531726798843,0.7040189125295508,0.7606300424617474,0.75,487.28835978835986,0.9151768844442103,0.4360741942753004,0.5075060115314477
glioma,coronal,453.0,158.88834764831844,0.6842900302114804,0.6650544727169466,0.75,1404.407258064516,0.5588684931159686,0.23463061031649524,0.3541057711984565
glioma,coronal,901.0,212.5512985522207,0.7502081598667777,0.7797497746788176,0.6530612244897959,1094.8352272727273,0.5210555157765994,0.35938476900125105,0.5541695892316232
glioma,coronal,5319.0,541.564537881567,0.8063978168587023,0.4906032148074947,0.9166666666666666,563.6938995215311,0.5876068832769541,0.31184329822130835,0.6106222617945037
glioma,coronal,5427.0,601.4406922210657,0.8089133999105679,0.5112893295423171,0.96875,208.18607456140356,0.6137471143036617,0.3625551105808535,0.7020549895174284
glioma,coronal,4736.0,542.1564209736038,0.8090194738640246,0.41532061070202886,1.0,421.5283437826542,0.5819318218555799,0.3305649951626425,0.6174326987364375
glioma,coronal,4302.0,458.2508293825822,0.8160091047040972,0.5694980364190987,0.9090909090909091,575.1540229885056,0.5914578942446737,0.331204386599675,0.5714522368385365
glioma,coronal,1752.0,341.88329701443513,0.7266694317710494,0.39615644437842973,1.0,1126.2977272727271,0.5370666584950735,0.3473248335103812,0.5468869875863266
glioma,coronal,2120.0,378.4102089490163,0.7507082152974505,0.7650709037327187,0.75,826.9176587301586,0.7789704341641625,0.2049713774373708,0.38920626917305345
glioma,coronal,506.0,157.71677477306463,0.661437908496732,0.8497333771037854,0.6,1134.1538461538464,0.7444649642421074,0.32541391653108764,0.4095395578215122
glioma,coronal,3798.0,441.8599564173221,0.8261909941266044,0.7207254865040204,1.1805555555555556,563.7797695262484,0.8915238395854802,0.3339960196098925,0.4803911481747346
glioma,coronal,3637.0,440.75945135393374,0.80894128113879,0.6244731023933026,1.1111111111111112,473.47904929577464,0.8990442720647658,0.28937570574014093,0.40234524381970826
glioma,coronal,2525.0,426.72391744800103,0.698865208967617,0.8653202819612713,1.25,477.85019841269843,0.8821960670799002,0.41586861404128694,0.4936553986531792
glioma,coronal,1620.0,306.98380207782344,0.7956777996070727,0.5604576372139339,1.0,909.3874113475179,0.44307512919856057,0.1905409762719032,0.34553511935989395
glioma,coronal,1699.0,301.1848122046001,0.7484581497797357,0.30351392395544013,1.1666666666666667,670.4479483282674,0.4993647183314817,0.27877364741242167,0.4401004933917902
glioma,coronal,7191.0,657.38181771802,0.8502009931425869,0.5874888121198911,0.8571428571428571,487.53237612612605,0.7647123810576659,0.28700229178043407,0.6437162724514677
glioma,coronal,5954.0,615.9970414071697,0.8245395374601856,0.7710803520597913,0.7410714285714286,414.27805077805084,0.8093069288789237,0.343398194731917,0.6430547125661985
glioma,coronal,6221.0,576.4345955666558,0.8371686179518234,0.5772087879628686,0.8461538461538461,497.36142983230366,0.703155916703816,0.2669136671283448,0.6342223603850256
glioma,coronal,4990.0,655.0031380615796,0.7103202846975089,0.9332874622846176,0.625,322.36427165354326,0.7726457542750504,0.4616305054361087,0.6029267731529881
glioma,coronal,2451.0,537.4995667241114,0.6626115166261152,0.7012614026055836,0.8888888888888888,659.2519806338029,0.6927255422551928,0.37344644134812927,0.47954427118870907
glioma,coronal,4852.0,709.2518754031087,0.681939564300773,0.45405870735968157,1.0,434.71312546676626,0.8002153155227005,0.49060005536587925,0.598302581303967
glioma,coronal,5330.0,666.7310601229375,0.7548505877354482,0.6084841900228226,1.2727272727272727,469.5533661740558,0.8265179264597186,0.39955189672192865,0.5262604427840052
glioma,coronal,4910.0,535.8132752230961,0.8061073715317681,0.519137588804931,1.032258064516129,343.7151315789474,0.8058527188618069,0.4119687909449014,0.5369841863355405
glioma,coronal,4457.0,604.6477990022522,0.7492015464783998,0.4781517801849429,1.0909090909090908,559.6197318007662,0.7749695013097357,0.4136027134542164,0.5291226954786467
glioma,coronal,4855.0,688.1097397793778,0.7766757318828987,0.6222104784402269,1.3,693.8255842259007,0.7351951937236118,0.35003329107497,0.4653626218787012
glioma,coronal,2333.0,474.7655480083436,0.6547852932921695,0.8092380493684409,1.125,498.11794532627863,0.8723634873673207,0.40690450400309747,0.5180884549924041
glioma,coronal,5772.0,777.193000900063,0.7038166077307645,0.7395617912670065,1.0,209.9967824967825,0.9585667036564224,0.48885430445279915,0.5927964816445975
glioma,coronal,8127.0,801.7493500861672,0.7935748462064252,0.7281202943780085,0.9333333333333333,327.73206782713083,0.9480013375811794,0.3399730641601097,0.4558360256791157
glioma,coronal,12257.0,1147.8986283848344,0.8183881952326901,0.6631024768167431,1.2666666666666666,337.72158337019016,0.9347611643422846,0.27502374134427343,0.41438856529138784
glioma,coronal,13683.0,1187.916918348064,0.8330086448313649,0.592755421693489,1.0555555555555556,309.3436234817814,0.939755172184761,0.3310342671979108,0.4461084495762079
glioma,coronal,12028.0,756.636651713959,0.8875442739079102,0.6164945504561616,1.2,246.9650443510738,0.9433172557151001,0.2666315951856714,0.4134476906464838
glioma,coronal,9692.0,858.619407771256,0.843369300382875,0.6336613156354577,1.1785714285714286,181.64050079491258,0.942401682982367,0.31547988064316856,0.46299506241912114
glioma,coronal,6550.0,601.2691193458119,0.8481160170918037,0.610942381497125,1.0833333333333333,325.1769230769231,0.9201441931299085,0.2863813231340294,0.44750614592336496
glioma,coronal,994.0,325.98380207782344,0.5782431646305992,0.766501513526402,0.8571428571428571,1285.3833333333332,0.7870921850665212,0.5162193005655643,0.5789062367333009
glioma,coronal,4210.0,559.541197284454,0.7465862741620855,0.8078808036819798,0.7692307692307693,341.9339805825243,0.9452854441366749,0.43806842844931576,0.5502906999777293
glioma,coronal,2823.0,419.8244225113894,0.7794036443953617,0.8172886992170227,1.0,588.1302816901409,0.9282686134987902,0.3761272937932886,0.48864593706992954
glioma,coronal,2945.0,417.06096654409873,0.806628321007943,0.727184241205193,0.7272727272727273,758.8840415913202,0.9067994592069186,0.26120097520652363,0.35696157349683433
glioma,coronal,3711.0,451.6234123846127,0.823020625415835,0.8455268251915762,0.5544554455445545,634.6519590846048,0.9167556556338854,0.47935220605712897,0.5942741346190625
glioma,coronal,4244.0,559.4284989122459,0.7452151009657595,0.7343814546457268,1.0,466.0205639367815,0.9302353340267512,0.5269340924501098,0.6020790833054369
glioma,coronal,3864.0,511.842712474619,0.8143308746048472,0.5278400611390838,0.9,603.1325723327307,0.9436181969012487,0.49587404303331445,0.5484947626996253
glioma,coronal,2309.0,457.0376259469858,0.6602802402058907,0.9308604983032823,1.1111111111111112,226.92712355212348,0.8990430820133359,0.7946515146006845,0.8300708500789791
glioma,coronal,1587.0,243.1370849898476,0.7966867469879518,0.5692382144416364,1.0,619.2938829787234,0.8866790706954015,0.22355108171851518,0.34350023136577373
glioma,coronal,2180.0,311.7056274847714,0.8050221565731167,0.3298780953300333,1.0,675.0003246753247,0.7876913175114052,0.22636309151196246,0.4097651335773977
glioma,coronal,1972.0,291.2497833620557,0.7605090628615503,0.7256746227323632,1.5,538.6001773049646,0.8627294373527169,0.36216205799371715,0.4994440111953017
glioma,coronal,3552.0,438.38077169749346,0.789859906604403,0.5670180208547457,0.9,603.2236286919831,0.8816231077896235,0.316251008189074,0.44069451515688823
glioma,coronal,3652.0,438.9665581351203,0.804228143580709,0.6045801531720999,0.9,655.6624472573841,0.8648535911033244,0.28586354626372934,0.41994853896720397
glioma,coronal,1675.0,342.0193359837562,0.7528089887640449,0.9222980860622189,2.5,1399.509677419355,0.8354618784030714,0.24375258476710596,0.31454948785704756
glioma,coronal,5056.0,717.3229432149742,0.7432015287373218,0.6933362696262052,1.0,680.9676535087722,0.8908475086545974,0.3731393078583671,0.4610785993811748
glioma,coronal,7942.0,779.056961930742,0.7946768060836502,0.6964556776703991,1.0,640.4765406162466,0.8927099498477221,0.4028408318725167,0.5159718374364521
glioma,coronal,3055.0,470.5523445727473,0.7034308081970988,0.8572600668205955,1.2222222222222223,668.0689820742638,0.9197799259828233,0.4457554961514577,0.5471534581064108
glioma,coronal,7286.0,675.9737008100567,0.8030419927256696,0.7827885744062237,0.75,368.6865977690289,0.830250144115669,0.36211169125229054,0.6353860733656007
glioma,coronal,4313.0,445.9310242291875,0.8283080468599961,0.6252930643445218,1.2222222222222223,333.0933098591549,0.9013529158292318,0.25577746783704314,0.47074609739734424
glioma,coronal,4828.0,496.5939751330899,0.8570921356293272,0.7668112674229467,1.625,325.5187728937729,0.8773667890823619,0.21518222383000857,0.47985398531001444
glioma,coronal,2408.0,395.7533546995239,0.7760232033515952,0.6954793796235359,1.2857142857142858,532.5002525252526,0.8064517417775697,0.31407863179514645,0.5305941484417765
glioma,coronal,6506.0,631.239682094289,0.8348517900680098,0.5692308369553478,0.9230769230769231,796.6434061488674,0.6500519558448723,0.29298136540366937,0.5647642672187899
glioma,coronal,8388.0,585.819371877506,0.8589861751152074,0.6376535566215186,0.9911504424778761,461.9479291716687,0.784287693657655,0.3296379813685262,0.5569772222136252
glioma,coronal,14387.0,785.8143212436227,0.8831256522006016,0.6216402212376927,1.25,347.15885826771654,0.8408167713769038,0.2664442001427524,0.5207274483917933
glioma,coronal,16358.0,931.2529214236353,0.8855565179731485,0.5678209624919535,1.2352941176470589,349.16340388007063,0.8291921819271012,0.2507340873538043,0.5098597813510596
glioma,coronal,19311.0,1110.2062402294093,0.8717890840142657,0.5488013401840912,1.0666666666666667,324.6427259118128,0.8663170077629251,0.3118513969372286,0.5473333705982655
glioma,coronal,20349.0,1041.4722215136417,0.8969058533145275,0.6489801643703563,1.0,324.1337681779299,0.8733925680221787,0.24999508087208852,0.5038526158574238
glioma,coronal,18234.0,1061.1168824543142,0.8436589089899598,0.6124621374686001,0.9940476190476191,235.81797120045624,0.9032329436457194,0.3194290009144086,0.5563727089478234
glioma,coronal,17517.0,964.1524163602469,0.877517282837391,0.45813864288277817,1.0,211.1351022012578,0.9046447092562283,0.2827225120082063,0.5496071066670296
glioma,coronal,12876.0,974.6437943888955,0.8285714285714286,0.6311746199541619,1.25,442.07632874015746,0.8129084312297732,0.3294875162643446,0.6249392906792008
glioma,coronal,15713.0,1043.1707063234765,0.8286573146292585,0.6172203518445118,1.105263157894737,462.63560391043836,0.8678434784977764,0.34903633775076237,0.5845757569062535
glioma,coronal,18315.0,1055.549385979917,0.8756454388984509,0.6559025666074623,1.2777777777777777,346.1805640012161,0.8814059656442023,0.2760495343110013,0.5575670891113017
glioma,coronal,16533.0,1015.685424949238,0.8559225512528473,0.5109082424599063,1.05,392.45878256963164,0.8801545212531282,0.34860620462255715,0.6150286592993202
glioma,coronal,5188.0,629.0914498161482,0.7502530730296457,0.8426095542597567,1.3,592.7743427458618,0.7072476838431809,0.3159138168249352,0.6578275514544671
glioma,coronal,2267.0,360.1553749530773,0.7847005884389062,0.7967064660839668,1.2857142857142858,579.084595959596,0.8474153289860031,0.337585368812999,0.4419731628575295
glioma,coronal,4148.0,632.8315651863259,0.717274770880166,0.8862991152449169,0.5,314.31137100509494,0.9032592902540983,0.5703463719174034,0.6470273861914333
glioma,coronal,9914.0,1069.407250356186,0.7010819602574075,0.804990332805128,0.6436781609195402,449.62932412790695,0.9090650536791836,0.5618349575196527,0.6386123727829045
glioma,coronal,4252.0,493.6650429449553,0.7977485928705441,0.32974773364809945,1.0,572.948128742515,0.8825252144893324,0.3356199787058178,0.4741176783283422
glioma,coronal,1945.0,427.41630560342617,0.6953879156238827,0.7682618100993807,0.7777777777777778,802.5349597585514,0.5844559604764131,0.4202136402224765,0.6003149661224076
glioma,coronal,2255.0,591.1686142824235,0.6258673327782404,0.8380044574065576,1.1111111111111112,811.2109154929578,0.617320349738554,0.5312716674694994,0.6722675423616111
glioma,coronal,4290.0,499.5290039756342,0.8360943285909179,0.6445674421425603,1.0,818.4085443037974,0.6830594471921536,0.2642096406213142,0.5123145573159854
glioma,coronal,5175.0,596.1269837220809,0.786115752696339,0.5973505455556394,0.9166666666666666,686.6533492822967,0.780358024255503,0.3281412044088731,0.5486307251689891
glioma,coronal,9987.0,692.6305550595491,0.8408689062894671,0.6419447097922237,1.0,259.9397760826772,0.8258125617180808,0.3492081000138033,0.6276029834638732
glioma,coronal,17923.0,946.9453095790604,0.8916028255894936,0.3652746005063546,1.0,247.53062106918236,0.893341177891425,0.2688474665453247,0.5435799255196359
glioma,coronal,15701.0,971.5727265770299,0.8796078431372549,0.6695374424953278,0.9047619047619048,280.90671289000943,0.8736669664843618,0.35128063977231627,0.573950872362895
glioma,sagittal,2899.0,598.2691193458119,0.6473872264403752,0.9199340418012328,0.5714285714285714,680.0256193693692,0.7799752507367371,0.5326514637791506,0.6381402422206788
glioma,sagittal,5439.0,542.8782463805518,0.8206095353047677,0.7619433115855171,1.0909090909090908,599.3970306513409,0.9013362878091234,0.30129132012242404,0.43426438264236233
glioma,sagittal,1657.0,336.91273426595797,0.7562756732085806,0.3460613245908901,1.1666666666666667,1312.7697568389058,0.86831190942537,0.28051364967705206,0.33880252141902095
glioma,sagittal,5505.0,535.5056633785213,0.869119040101042,0.5586760384088603,1.2,338.62842827004215,0.8736505219600457,0.22135567618817914,0.5207520140553986
glioma,sagittal,479.0,128.84671708797583,0.7127976190476191,0.6489480399625671,0.90625,2135.662298387097,0.7113396287599092,0.39523843058782593,0.4574396071452921
glioma,sagittal,3700.0,571.5056633785213,0.7092198581560284,0.6642676882954168,0.9090909090909091,407.29827117327125,0.899614153192836,0.5992640107636074,0.6726216929720592
glioma,sagittal,2107.0,371.91883092036784,0.7077594894188781,0.2618551525665448,0.7777777777777778,695.4562374245475,0.8886999390027245,0.410395732925635,0.5004302365261938
glioma,sagittal,2049.0,351.5340546095176,0.7453619497999272,0.7862628601873641,0.6666666666666666,831.0284624413146,0.8409388119855091,0.31651163051142783,0.43526279032377047
glioma,sagittal,3252.0,424.23863607376245,0.813,0.637398060929632,0.8888888888888888,612.147227112676,0.9105643248286519,0.22129298398200134,0.3574439411192364
glioma,sagittal,7490.0,709.4234482783626,0.8289983397897067,0.7883901733896926,0.6875,733.8442197566213,0.8684960846480325,0.2799685263971935,0.4337310643045806
glioma,sagittal,1501.0,307.56349186104046,0.7178383548541368,0.7824222846143406,0.703125,454.9777777777776,0.818398209150983,0.7294877197264681,0.7738157200556341
glioma,sagittal,8983.0,1065.4488809165287,0.6724305711505352,0.8989291714141756,0.6627218934911243,530.0361224489797,0.8890617136724948,0.49882003234313427,0.612783170029356
glioma,sagittal,5215.0,525.4640328181786,0.829093799682035,0.6717143994732174,0.7843137254901961,850.6058252427184,0.799656545700324,0.3104494060459759,0.5615361007228066
glioma,sagittal,383.0,111.22539674441619,0.6247960848287113,0.7096068748351827,0.84375,1289.2610887096773,0.8266029833138807,0.5227196050248807,0.5477059288480182
glioma,sagittal,1081.0,229.2436867076458,0.7580645161290323,0.5132247408439959,0.975609756097561,904.2574468085106,0.8868181846728641,0.3340376829161157,0.40901137635548823
glioma,sagittal,3133.0,501.1564209736038,0.7695897813804962,0.5554902676584491,1.0,631.6944444444443,0.9078310494860061,0.3066348716779238,0.3893291423928003
glioma,sagittal,3671.0,447.75945135393374,0.8223566308243727,0.42519104525266443,1.1111111111111112,571.2299295774648,0.9278651742307273,0.29234744693806397,0.3586835233741596
glioma,sagittal,3961.0,541.7777413171634,0.7901456213844006,0.4774182087603049,1.0,518.3900316455696,0.9434109101956383,0.3112077109338011,0.3776670507709512
glioma,sagittal,3687.0,544.5351006300441,0.7595797280593325,0.8212372124118842,1.2638888888888888,919.2954812206573,0.635672810964903,0.38808671469055805,0.5323140623932429
glioma,sagittal,5537.0,681.9026329981913,0.7870646766169154,0.8424453584915262,1.2727272727272727,514.4468390804599,0.7283433137447952,0.3835671621542889,0.5803779872402054
glioma,sagittal,7113.0,891.6965722375312,0.6914552347623214,0.9018561347779446,1.2857142857142858,605.9201076076074,0.7605616588266891,0.5054160749419339,0.615657246894409
glioma,sagittal,12334.0,1367.574818618083,0.5988541464362012,0.7675610803492339,1.0434782608695652,415.26832877959924,0.8358774850435219,0.6151078576834689,0.7320104520423366
glioma,sagittal,7815.0,1026.6143571373725,0.7479900459418071,0.8601709642534928,0.6842105263157895,597.5230514518594,0.793706223207554,0.4531294474270528,0.6320678542628829
glioma,sagittal,6085.0,757.3645737753168,0.7261336515513126,0.7315355212872827,0.7457627118644068,604.5846065699008,0.8208941233035436,0.36741447903092916,0.5202723342509553
glioma,sagittal,1303.0,285.56349186104046,0.7222838137472284,0.8248100016886328,1.7777777777777777,726.0240384615385,0.5270797542102426,0.37150755556051873,0.4922045930785245
glioma,sagittal,9915.0,908.8031739553296,0.7885318912040719,0.8617768604286851,0.6130952380952381,521.8047558728698,0.6868826055969924,0.3928065973702752,0.6659715041755793
glioma,sagittal,10460.0,772.9797974644666,0.8330678560050971,0.7828197486720946,0.7236842105263158,515.9480842005677,0.719741012804665,0.3451421594501373,0.6570159682019647
glioma,sagittal,5396.0,768.9858941188764,0.7015080603224129,0.7465129732940011,1.1666666666666667,565.5698308270677,0.7243762691307822,0.4328007314703693,0.5681768818995322
glioma,sagittal,4300.0,682.0742058734451,0.7070042749095692,0.8318380186071266,1.5555555555555556,650.2141599597586,0.7047918866815479,0.3839688227125186,0.5373985006025704
glioma,sagittal,3949.0,628.6894295625948,0.7427120556704909,0.6370318050623746,0.9090909090909091,466.54942528735626,0.6095039997811964,0.35845630857224203,0.5184614228795031
glioma,sagittal,2592.0,362.0904037956217,0.8007414272474513,0.5686047378180293,0.8115942028985508,214.22384305835016,0.7560497707021616,0.30424269692686,0.6919301999158658
glioma,sagittal,2897.0,534.564537881567,0.6459308807134894,0.696475949679125,1.1111111111111112,276.2103873239436,0.6207469311645907,0.41496391106410424,0.6247355929899535
glioma,sagittal,1201.0,243.48632739476508,0.7548711502199874,0.767065175859949,0.6071428571428571,809.2445454545456,0.7683654637481224,0.37753167455096565,0.5031193544205373
glioma,sagittal,763.0,207.6873375215418,0.6961678832116789,0.8958000011099511,0.42857142857142855,1348.362878787879,0.5438407525197352,0.3131932164291934,0.43455054275431587
glioma,sagittal,747.0,183.30256121069155,0.7661538461538462,0.3615986615920388,1.0,717.6310483870968,0.733998928936775,0.1289318062871865,0.28776352048500986
glioma,sagittal,1421.0,273.24978336205567,0.765625,0.7733951969433678,0.7142857142857143,507.48590909090916,0.8983880619228765,0.26865212997880505,0.3515139628518819
glioma,sagittal,746.0,197.7878425849301,0.6958955223880597,0.7572019542881689,0.8,401.61433531746036,0.8483907644594485,0.5846454086302534,0.6774809101784511
glioma,sagittal,816.0,227.3086578651014,0.6666666666666666,0.6798241746976588,0.6666666666666666,1104.375664893617,0.436186033348245,0.33585223902772576,0.5304099757017854
glioma,sagittal,891.0,187.50966799187808,0.7351485148514851,0.7750834469495682,1.40625,935.6021505376343,0.7968824139861119,0.2947630749173321,0.3838627288524554
glioma,sagittal,870.0,293.69953083036154,0.6131078224101479,0.8044941944316595,1.71875,1056.8162442396313,0.7743800805685745,0.3888044029423689,0.45332836374558044
glioma,sagittal,1050.0,242.14318164425748,0.7714915503306392,0.4500618707239924,1.0,866.2551282051282,0.7132539930595669,0.2196249642409014,0.4073075844183201
glioma,sagittal,989.0,214.6579002700189,0.7464150943396226,0.7870056532660406,0.6666666666666666,679.5877659574469,0.7997002155229435,0.2243274601731407,0.3299825055756402
glioma,sagittal,1665.0,295.8061325481597,0.7338034376377258,0.5636745645015033,0.9285714285714286,1238.9844155844157,0.8415297488533129,0.3745582657174596,0.4628700457263751
glioma,sagittal,2417.0,381.09650045003156,0.7631828228607515,0.6795147315582689,0.8,943.1685110663984,0.9183584439814931,0.3141199072426531,0.39373906389038527
glioma,sagittal,6649.0,726.222438151586,0.780124369353514,0.5710415799846934,0.8,610.8600315126049,0.9003655733428377,0.36541744534104714,0.4763411495611319
glioma,sagittal,2012.0,393.68228688765845,0.6538836529086773,0.7419075220673345,0.7777777777777778,1107.136569416499,0.8415139398667597,0.4121012119245917,0.5302243007177357
glioma,sagittal,3713.0,419.9604614807105,0.8189236876929863,0.7152487856213934,0.7272727272727273,430.8926005747127,0.8158215521591505,0.28808218645355566,0.6634847872287384
glioma,sagittal,6082.0,598.1625176280136,0.8187937533656435,0.45085088900859727,0.8627450980392157,320.8655119152692,0.8314341303237573,0.2895031544988454,0.6724478185129834
glioma,sagittal,7235.0,570.3929650063133,0.8854485375107086,0.30283624433824546,1.0,430.8561403508772,0.7559409210755957,0.18553138666808167,0.6132536359936137
glioma,sagittal,6399.0,471.30360723121805,0.8831079216119239,0.5439096266865585,1.1294117647058823,312.639367816092,0.8105972529091636,0.22906661810345086,0.6780449886378842
glioma,sagittal,2270.0,371.13203435596427,0.765082574991574,0.6231659346409312,1.1428571428571428,337.92130681818173,0.7035361635223131,0.268186934176934,0.48503599133569947
glioma,sagittal,2894.0,447.34523779156075,0.7948365833562209,0.5943302978510467,0.8076923076923077,356.90605221518996,0.7688574665115389,0.3586957177327387,0.5257032270183181
glioma,sagittal,8658.0,950.4661248592317,0.7427934111187371,0.7326304140631682,0.7777777777777778,523.6288086913088,0.8114864074366753,0.41607199337435025,0.5410309093638584
glioma,sagittal,11770.0,1073.8336572273788,0.816737214627715,0.7087881040626814,0.9444444444444444,433.29884821061296,0.7551719337375464,0.352884250470086,0.5122670217114239
glioma,sagittal,13888.0,973.9575028878802,0.8700119025245882,0.5831862883769873,0.9,356.4147886093641,0.8514381560915798,0.3584647204272457,0.514162419887974
glioma,sagittal,5791.0,569.9787514439402,0.8014115693329643,0.682010904013155,0.8461538461538461,405.4442850838483,0.8407905650638954,0.3238793130304168,0.5235312850987688
glioma,sagittal,1919.0,293.1198410471445,0.7522540180321443,0.6610070307956496,0.75,547.8421945701359,0.8697334073337394,0.6573437109194512,0.7239488765449403
glioma,sagittal,2881.0,451.45183950935893,0.796957123098202,0.6977208464316427,0.8888888888888888,270.22478991596637,0.9104450910869382,0.60657563204515,0.6881933789792778
glioma,sagittal,5911.0,544.7066735052979,0.8304298960382129,0.5412073418952807,1.0,419.563706140351,0.921535644007605,0.30099199497075135,0.43689508320269194
glioma,sagittal,6204.0,574.6061684419096,0.8416768416768416,0.37374195238788566,1.0,477.87872807017544,0.9102095469911599,0.26419245652719264,0.39168695977921303
glioma,sagittal,3685.0,451.723917448001,0.7990026019080659,0.6063517125326894,0.9,626.1118143459915,0.8923432137410592,0.29841188188624074,0.41545007889518587
glioma,sagittal,3599.0,401.0315292925759,0.8440431519699813,0.5699397230951337,0.8,497.00810917721526,0.9114902815095073,0.2352030234645922,0.3541966802768955
glioma,sagittal,2260.0,312.97770542341357,0.8126573175116865,0.7035488219221046,0.6666666666666666,686.0636737089201,0.9065588719392099,0.270773321928779,0.3628164330795329
glioma,sagittal,6262.0,788.891485709898,0.7800199302441455,0.6508897379037529,0.7857142857142857,345.0365479115479,0.8692755774871189,0.3020240420260698,0.4588118342236889
glioma,sagittal,7541.0,853.2823586751581,0.719767108905221,0.7441054303163946,1.0847457627118644,355.87079831932766,0.8693184011222403,0.457049746607836,0.5949354437854867
glioma,sagittal,8785.0,862.3178925810907,0.7629179331306991,0.6271618653135829,1.0,325.93079478346465,0.8948554260955427,0.419078682583912,0.5823331283152449
glioma,sagittal,4303.0,711.4945160902281,0.6906902086677368,0.8145540419980117,1.3,720.6764849074973,0.8368811672642905,0.40739966129861765,0.5571801976437758
glioma,sagittal,3691.0,592.3757210636102,0.6649252386957305,0.6777525789820894,0.8333333333333334,420.5980263157895,0.8639652623265406,0.44837810788616667,0.6011040089558323
glioma,sagittal,7407.0,1011.0580079512686,0.6887669704296076,0.903209537281021,1.2857142857142858,728.686373873874,0.7168857333426139,0.4871887243348412,0.5996105670543971
glioma,sagittal,9109.0,1017.0580079512685,0.7228791365764622,0.5970907408101512,1.0,746.8270792322836,0.7833838543791297,0.39020142817643594,0.5530842474267486
glioma,sagittal,5778.0,1045.8509011700821,0.6439317953861585,0.8416510399787286,0.7058823529411765,744.4734567901232,0.7264470699952753,0.49967177560398424,0.6271781562973391
glioma,sagittal,4702.0,737.914826307011,0.7074932290099308,0.8057316052125852,0.7692307692307693,723.3695388349516,0.7713399411307997,0.367030390990632,0.5065069545352769
glioma,sagittal,1549.0,324.1553749530773,0.6909009812667262,0.5945668831514298,1.0,429.9529220779221,0.5332413696990104,0.4106114803833023,0.5648501743449911
glioma,sagittal,6878.0,639.547293938864,0.7814133151556465,0.596836714535778,0.9285714285714286,436.69776507276504,0.8079791957600019,0.3618848710629763,0.6919623980290066
glioma,sagittal,2111.0,372.167568261897,0.7547372184483375,0.4032670415870075,0.9032258064516129,935.1916099773242,0.8508944650934133,0.3049461816802112,0.394513349489012
glioma,sagittal,2611.0,400.8954903232548,0.7794029850746269,0.4463044125321272,1.0,872.0332341269839,0.8704512122801313,0.2791140707129517,0.37152537896874743
glioma,sagittal,2858.0,383.4041122946064,0.8207926479035037,0.5906946952731762,1.0,578.6617063492063,0.8808117007188698,0.23924881753756216,0.3602465902429667
glioma,sagittal,1978.0,327.2619766708754,0.7483919788119561,0.6691606840925588,0.875,715.0810657596373,0.7461576018791704,0.36922761388672537,0.5120246976185409
glioma,sagittal,5024.0,543.7005768508881,0.8369148758953856,0.6812382278500245,0.6923076923076923,468.3615156418555,0.8681583530254154,0.2701967441594416,0.42770951089486325
glioma,sagittal,7428.0,687.9026329981912,0.8004310344827587,0.45757452340387245,0.8666666666666667,329.15319974143506,0.9332893793789628,0.35471526286154736,0.4821732226411192
glioma,sagittal,6773.0,809.8853890554881,0.7506372603347002,0.7258543889826121,0.8,313.25350140056025,0.9474119231109195,0.3537946096937863,0.4583382981626687
glioma,sagittal,4492.0,829.1402230514273,0.6548104956268221,0.8933340760901697,0.5333333333333333,494.7792804621849,0.9191463929461339,0.3287090758686097,0.4240310435590557
glioma,sagittal,1425.0,336.60512242138304,0.7160804020100503,0.6924918225202402,0.6451612903225806,540.6285714285715,0.922889790138462,0.3239435948323489,0.3997856056720783
glioma,sagittal,1112.0,265.5929291125633,0.7383798140770252,0.8002656833729954,0.5714285714285714,661.0045454545455,0.8197858683320798,0.26160870427585664,0.40205016956723577
glioma,sagittal,1437.0,242.45079348883237,0.7599153886832364,0.7113648556317699,0.7142857142857143,725.8436363636365,0.726984761055172,0.27757807329985473,0.5690529955419863
glioma,sagittal,1848.0,306.66399692442883,0.7716075156576201,0.7402279879902394,0.75,642.566798941799,0.8485701103418287,0.30324218321421587,0.4233544770304307
glioma,sagittal,2277.0,388.16756826189703,0.7395258200714517,0.5636781706938386,1.0,739.8358134920635,0.8707702998067745,0.3524099596877283,0.46223081754166107
glioma,sagittal,2122.0,344.26197667087547,0.7522155264090747,0.5727060612025462,0.875,655.7259070294785,0.9099204029021479,0.3020061868141763,0.3965998133077381
glioma,sagittal,392.0,127.95331880577403,0.6950354609929078,0.6234646336797796,1.125,1625.4864130434783,0.6931340216200108,0.2947555487692229,0.3478054174396823
glioma,sagittal,2006.0,325.6345596729059,0.7739197530864198,0.46647287886757943,1.0,839.4058441558442,0.9134576490378816,0.27508489313562584,0.3593096137486326
glioma,sagittal,2081.0,339.747258045114,0.7796927688272761,0.5334855933524395,0.875,570.7922335600907,0.9453228724219885,0.3239518163401174,0.4067898005150976
glioma,sagittal,1889.0,348.60512242138304,0.7681984546563644,0.25653974579476896,1.0,900.4168831168832,0.9350814645900508,0.3083784966292821,0.3713721886887939
glioma,sagittal,1740.0,303.1137443927346,0.7671957671957672,0.39304700899741607,0.8571428571428571,1108.4280303030305,0.9243513413505703,0.23648637668805575,0.3021445395346347
glioma,sagittal,966.0,217.27922061357853,0.7203579418344519,0.5388174601695133,1.0,1020.3416666666667,0.8666051956556835,0.2701993413933773,0.3711739763040288
glioma,sagittal,2504.0,384.8538597629122,0.7815230961298377,0.723430777701172,0.7777777777777778,1353.3282193158955,0.7206977734027988,0.29860909636692123,0.43451509264488297
glioma,sagittal,3050.0,362.08430714121175,0.8221024258760108,0.7286175003744618,0.7088607594936709,516.6353978300181,0.829361907390878,0.2528688170259602,0.46348294128997675
glioma,sagittal,1701.0,300.56349186104046,0.7467076382791923,0.8251842677879474,0.75,1168.5978835978838,0.8543946199106218,0.3793816047489914,0.4815248155665779
glioma,sagittal,3333.0,470.3868683519033,0.7743959107806692,0.5809937755597934,0.9,1122.01582278481,0.7767917566964437,0.3495660756859727,0.44842162584893125
glioma,sagittal,1379.0,257.5218613006979,0.7911646586345381,0.6605722515112449,0.8333333333333334,1289.7537234042552,0.5748988209779092,0.17555004741935037,0.2998276265532868
glioma,sagittal,560.0,163.373629022557,0.7446808510638298,0.6207670185600337,1.3333333333333333,1722.0570652173917,0.7573931751997366,0.13533863657542336,0.2020429693594571
glioma,sagittal,3546.0,378.9604614807105,0.8509719222462203,0.3771643642377246,1.0,506.078606442577,0.883005872980491,0.5863454423847241,0.6931548342631931
glioma,sagittal,5398.0,830.9980874276963,0.7629681978798587,0.7912606668634358,0.75,781.9197379197378,0.8255366528693107,0.38769025492657927,0.5577008788158301
glioma,sagittal,6621.0,644.517856687341,0.8289720796293978,0.8196059813089864,0.7333333333333333,306.58976317799846,0.9185404596524088,0.32517890411359984,0.49343894579249203
glioma,sagittal,4404.0,569.4345955666558,0.8276639729374178,0.8621771741172979,0.5384615384615384,479.9348127600555,0.895663728483265,0.17852290353711184,0.28178560884333925
glioma,sagittal,2696.0,368.6467529817257,0.8110709987966306,0.6186404662433856,1.0,574.421875,0.7206235455034191,0.26299431733422995,0.5070539816931392
glioma,sagittal,11547.0,865.5544366138002,0.83042071197411,0.6507756405818887,1.2,271.1453664799253,0.8196120285593591,0.2909784473866093,0.6441089788124716
glioma,sagittal,12948.0,798.6782822743016,0.8678865875728936,0.17293853135916015,0.9236111111111112,271.3364356232003,0.8723434181397861,0.30772290719280404,0.603638692591744
glioma,sagittal,12043.0,761.8143212436227,0.8845391112743298,0.48766002394022945,0.8333333333333334,369.2727855477856,0.848633731718942,0.2706538515717822,0.5738102264201517
glioma,sagittal,10804.0,718.8731957466684,0.8828239908481778,0.5507934288979484,0.875,491.57993532058504,0.8442337302121247,0.21625460105306496,0.5017772360570141
glioma,sagittal,4288.0,504.4224022578361,0.8198852772466539,0.6262311479622942,0.8181818181818182,891.918103448276,0.8067293716955525,0.25608208636887375,0.43345189024654807
glioma,sagittal,1958.0,401.9604614807104,0.7597982149786574,0.23301994190019645,1.0,946.4051948051949,0.7378597817075188,0.2672537477642666,0.4581915532168412
glioma,sagittal,2084.0,340.7766952966369,0.7499100395825836,0.4212314648918202,1.0,886.0240259740259,0.7626463603714293,0.2227317689145209,0.3800908852707561
glioma,sagittal,1416.0,358.4041122946064,0.6685552407932012,0.849194265624462,1.0,919.3181818181816,0.8067548746761912,0.4397232561475047,0.495558407290078
glioma,sagittal,3708.0,484.3158005400378,0.8038153045740299,0.5024633981509903,0.8625,568.3952180028128,0.6769951351865447,0.2855394230499848,0.5519968561095007
glioma,sagittal,4230.0,434.8305191657993,0.8274647887323944,0.3229834191388703,0.9625,471.80901898734174,0.6349749576379636,0.2713839160507547,0.5292763009964785
glioma,sagittal,4248.0,521.6711395993652,0.8331045303000588,0.674310139477381,0.8181818181818182,412.68406768837815,0.6909513728848202,0.2637289565802,0.595270124813732
glioma,sagittal,5418.0,1020.1707063234766,0.5101694915254237,0.7400937737409637,0.8235294117647058,257.88921957671954,0.7492408449648389,0.5935723274721516,0.702441726669265
glioma,sagittal,3684.0,731.8437584951455,0.5704552493031898,0.7572535576151811,1.1818181818181819,493.1654509283821,0.6762389084577896,0.5215754369243679,0.644997953063571
glioma,sagittal,3215.0,438.85995641732217,0.7920670115792067,0.8459781809637738,0.7272727272727273,929.5486709770114,0.8021045954640996,0.3513023311230754,0.566891908729955
glioma,sagittal,9184.0,862.9036790187178,0.834226541920247,0.835249831678467,0.9375,670.9341863517059,0.8714830730989338,0.3533014085292762,0.5261176315295081
glioma,sagittal,14341.0,1136.940258945177,0.834944108057755,0.728724258699648,0.7727272727272727,626.0723949579833,0.8887575101540647,0.3603214054884335,0.545097211934679
glioma,sagittal,10000.0,1053.0935418572012,0.7481669908723627,0.8059903633952645,0.6818181818181818,518.8592857142858,0.9134389677220964,0.48399418930752336,0.6066728739415339
glioma,sagittal,3483.0,381.1614716074871,0.8538857563128218,0.367063330568501,1.125,415.6116678596993,0.9045414399712722,0.6083514691930839,0.7195421073719273
glioma,sagittal,1920.0,291.2497833620557,0.8013355592654424,0.5201915803626829,1.0566037735849056,689.718181818182,0.8564583994017341,0.2987029750094127,0.3848952709004887
glioma,sagittal,1782.0,287.56349186104046,0.7625160462130937,0.5768763651082789,1.0,632.7886363636364,0.8412035278317204,0.35043396162560686,0.45345292177973023
glioma,sagittal,6833.0,623.2630226914019,0.8131619659645365,0.8384892927760184,0.6470588235294118,287.88012987012985,0.8641130672397261,0.4913706987627886,0.6939004573021973
glioma,sagittal,12883.0,769.0447686219221,0.8869535283993115,0.8118275253509514,0.6190476190476191,196.0364486703772,0.9198374489200621,0.4599382492800436,0.6821546662514466
glioma,sagittal,15363.0,909.0458146424487,0.8943415997205728,0.7449548290613194,0.7619047619047619,243.1747835497835,0.9192061696535958,0.4274918932757657,0.6482823017579871
glioma,sagittal,17315.0,896.8031739553294,0.9022928608650339,0.6730202203760141,0.8571428571428571,340.4355455755157,0.8950484330256053,0.2514293704206492,0.5352275468482608
glioma,sagittal,8551.0,656.7960312803931,0.8533932135728542,0.6162303627438246,0.9333333333333333,455.4350240096038,0.8774711168430582,0.32420258081723635,0.5577921953447006
glioma,sagittal,1010.0,317.6406563273158,0.6528765352294764,0.7695528383732246,0.8333333333333334,1870.676595744681,0.8135280538744788,0.3490393350996539,0.40041131715968775
glioma,sagittal,2004.0,395.23863607376245,0.7599544937428896,0.6821728621747772,1.3333333333333333,962.1220079787237,0.8718594196252468,0.23952025444698055,0.32442683873961115
glioma,sagittal,1268.0,432.34523779156063,0.567337807606264,0.7745645781660597,0.625,1001.9371621621622,0.7683609979390551,0.44929333361932927,0.5032064015791016
glioma,sagittal,2215.0,426.309703885628,0.6834310398025301,0.9097124455105132,0.6818181818181818,211.18139443277317,0.8977745232559873,0.7789412417956931,0.8174824640354852
glioma,sagittal,1296.0,289.770598642227,0.7646017699115044,0.5946183085038163,1.2,766.7831196581197,0.8080690251388467,0.1776863901573014,0.28739752706972244
glioma,sagittal,3357.0,444.9726547895302,0.7650410209662717,0.6585685328345073,0.9230769230769231,581.3880098452884,0.908190049392914,0.34657359434750235,0.4381318887542371
glioma,sagittal,4100.0,617.5117600329312,0.725792175606302,0.7167972719365964,1.2125,734.8178259167428,0.8938487753261946,0.3956054892113771,0.47901086641010016
glioma,sagittal,5188.0,611.5828278447966,0.7512308137851144,0.8559345444676407,0.7857142857142857,371.58404995905,0.928688800229105,0.42578592760655165,0.5431318121212049
glioma,sagittal,2963.0,501.80717856868625,0.7640536358947911,0.3200722954492781,1.0,450.71310541310544,0.895058686034858,0.6634675617889855,0.7335619902143152
glioma,sagittal,3859.0,584.7127701597078,0.7478682170542635,0.8796006232187424,1.0232558139534884,287.4295477772101,0.9045663696925118,0.6901766178408157,0.7399044470813764
glioma,sagittal,4509.0,593.1330803764907,0.768012263668881,0.7969301525201428,0.9166666666666666,522.7342105263157,0.9047233410737289,0.4071841668899879,0.5104094179349932
glioma,sagittal,3830.0,648.6660889654818,0.7670739034648508,0.5679667059513436,1.0,646.7609177215188,0.8871929994641017,0.3152820602248079,0.416538747923537
glioma,sagittal,3227.0,404.20310216782974,0.7948275862068965,0.6130261159985047,1.0,365.96322378716746,0.915282750026393,0.3109277782341381,0.43092123389853143
glioma,sagittal,4886.0,478.76554800834367,0.8553921568627451,0.5776315797556189,0.9302325581395349,365.16005747126434,0.9059324063601174,0.23770404311918372,0.3956496372348634
glioma,sagittal,5930.0,775.2996026178613,0.787412030274864,0.6629169577674513,0.9230769230769231,312.29510517799355,0.9032309502487365,0.34231806087432604,0.4568884906601067
glioma,sagittal,4205.0,511.35743110038044,0.7839299030574198,0.670546424361341,1.0,495.62151898734174,0.9074454404421949,0.27511705277122456,0.38159030277212014
glioma,sagittal,3027.0,410.8954903232549,0.7884865850481896,0.5618960817446627,0.9583333333333334,448.58000782472624,0.9117705636500448,0.34496264383245395,0.45756190422275683
glioma,sagittal,1398.0,286.4629867976521,0.6883308714918759,0.8538189586899398,0.625,2160.286507936508,0.3554705299945888,0.35300078208722857,0.4537216582820307
glioma,sagittal,3064.0,334.91273426595797,0.8385331143951834,0.7731012607833555,0.7,1293.8101265822784,0.48128225849498507,0.2565163655345917,0.5252958813852664
glioma,sagittal,4980.0,547.6000717874997,0.8298616897183803,0.7585468951413447,0.6923076923076923,924.6240560949295,0.5898533369497562,0.28174390994896104,0.5498078385270138
glioma,sagittal,6986.0,568.7716446627535,0.8698792180301332,0.6960518765657533,0.725,491.693563789152,0.7322305240650381,0.29591500702651974,0.5691835778940927
glioma,sagittal,8237.0,669.9737008100567,0.8657767500525542,0.6858485011617196,0.7058823529411765,571.0405092592594,0.7799916834944756,0.3235192745167496,0.5696491858824702
glioma,sagittal,11945.0,815.9919907732864,0.8701828513149268,0.7002629205488584,0.7088607594936709,485.88185085354894,0.843116555726446,0.29090334890528685,0.5736272096709649
glioma,sagittal,14704.0,1017.5493859799169,0.8668278016860225,0.6360497817124455,0.8095238095238095,363.602016555125,0.8396575994847724,0.3155320228802785,0.5905957081791989
glioma,sagittal,579.0,175.92388155425118,0.7104294478527607,0.7368599669664843,1.6666666666666667,991.6619565217394,0.5662301597640504,0.20664612958714218,0.31452681915637737
glioma,sagittal,2013.0,429.69448019647814,0.6977469670710572,0.8157819263786411,0.875,504.07653061224494,0.7314951016208255,0.34428923452914484,0.4679250359939081
glioma,sagittal,2036.0,337.8122292025696,0.7366136034732272,0.4275922472064787,0.875,465.48837868480723,0.7668148070297249,0.3440067576071203,0.5162655979346941
glioma,sagittal,765.0,220.3441917710341,0.6311881188118812,0.9286827786731435,0.42857142857142855,1048.6674242424244,0.7884101634762507,0.29660904971806856,0.3892242593939455
glioma,sagittal,9527.0,733.9797974644666,0.8757238716793823,0.4065092353358135,0.9333333333333333,221.4472539015606,0.8045122141451199,0.24694448681657696,0.5530439237942268
glioma,sagittal,8061.0,623.4051583151329,0.8595649392194498,0.5350896155483298,0.9285714285714286,355.371101871102,0.7350980918582738,0.2583831108031105,0.5673370769524577
glioma,sagittal,6328.0,588.4467888754755,0.8490540721856971,0.49293305689683437,1.0,367.613048245614,0.6697552202816821,0.259228383108622,0.5667343134618605
glioma,sagittal,372.0,132.02438661763952,0.62,0.7343427666952689,0.75,2265.030913978495,0.6766628247554138,0.31403326595483055,0.35192425921935594
glioma,sagittal,1932.0,398.1320343559642,0.6781326781326781,0.5431388569243284,0.7887323943661971,946.0347082494969,0.8801475320281156,0.4254968678516624,0.49754809979611736
glioma,sagittal,5307.0,818.0924958366747,0.7569533590072742,0.33241129264936736,1.0,534.4317982456141,0.9167321747674201,0.3560327870064664,0.4617452327642192
glioma,sagittal,4464.0,575.8549057834388,0.7910685805422647,0.6725092417683876,0.8229166666666666,415.57447368421055,0.935506693191164,0.3586017832075959,0.4704615660660759
glioma,sagittal,3324.0,441.55844122715706,0.7491548343475322,0.6841402519276785,1.25,656.2755952380952,0.9140960503150474,0.27474409890907864,0.38117204567304647
glioma,sagittal,3056.0,505.2447327281723,0.7323268631679847,0.4934638295897387,0.8,434.98714398734165,0.9002275834172535,0.3179716705004816,0.45137114338815576
glioma,sagittal,5490.0,538.9137802864846,0.8088993664358332,0.7263817384463297,1.0,362.9265350877193,0.895024248242453,0.35584674627811197,0.5335300030487661
glioma,sagittal,5118.0,511.0853531617383,0.8223007712082262,0.44762359811271385,1.0,512.6120689655173,0.8784757791174971,0.2804633639925339,0.4398263825819355
glioma,sagittal,6089.0,544.3574311003804,0.8495883912376169,0.5200750431672776,1.0,399.6532894736842,0.8969024566807681,0.28166013707279636,0.4298420524478487
glioma,sagittal,5951.0,663.9320702497141,0.7961204013377926,0.6468062961301059,0.9230769230769231,292.54763349514553,0.9170510538897423,0.34548862457593194,0.526415939333034
glioma,sagittal,3761.0,530.0853531617383,0.7678644344630461,0.818288173352333,0.6907216494845361,429.8926645091694,0.9014578340978165,0.428404392925306,0.5620894602918676
glioma,sagittal,4987.0,622.5472939388638,0.8095779220779221,0.7016565618246691,0.7058823529411765,343.4076321467098,0.714274721932903,0.27124383862494233,0.6325090597255477
glioma,sagittal,8510.0,798.8143212436227,0.8330070477682068,0.7612414106856572,0.875,234.41113610798652,0.8169941882332675,0.3581436633621643,0.6675182689243571
glioma,sagittal,7514.0,681.8731957466684,0.8462664714494875,0.7623886587612279,0.8666666666666667,263.00258564964446,0.8157712197964686,0.3472517154220212,0.6583551125932283
glioma,sagittal,8687.0,704.6660889654819,0.8655838979673176,0.6569140366244928,0.8666666666666667,275.1828539107951,0.7337647807204498,0.2630504898854296,0.6307028155341153
glioma,sagittal,12364.0,874.5189027078675,0.864554926228935,0.5874410334065379,0.9444444444444444,211.5969765528589,0.8046392910151914,0.3323179525662041,0.6336290135852355
glioma,sagittal,12225.0,848.732106143464,0.8514417049728374,0.5642053584936759,0.8421052631578947,207.16820157284772,0.8129063515521245,0.3327515644522192,0.6298227491404861
glioma,sagittal,10526.0,880.6549416771886,0.8158425050379786,0.5918200400066885,0.8333333333333334,216.49842657342657,0.8113839120611298,0.3546152503525055,0.6380678656613062
glioma,sagittal,5131.0,719.4650788387053,0.7469791818314165,0.912605207167222,0.47058823529411764,427.35740740740744,0.6923369607451512,0.34172361091385145,0.5796718212639328
glioma,sagittal,3746.0,599.4112549695428,0.6591588949498505,0.7060024959370488,0.7692307692307693,514.1612864077671,0.716959684108923,0.48599812065940706,0.6135680902264673
glioma,sagittal,7470.0,716.1513703397204,0.8164826757022625,0.7656256468462498,0.8666666666666667,481.38776664511965,0.704208367549103,0.34800737123555736,0.5808757957417269
glioma,sagittal,6911.0,632.3462838120872,0.8239151168335718,0.735280214689019,0.9285714285714286,424.1978516978518,0.6721779846980127,0.3629559601230543,0.6119534941373659
glioma,sagittal,6000.0,912.1524163602469,0.6836048763814515,0.8287127709880774,0.8125,664.6839794064203,0.6911330612186762,0.4844675053125545,0.6201377180065456
glioma,sagittal,3487.0,527.4640328181787,0.7621857923497267,0.8856417973627115,0.6153846153846154,643.4331007281554,0.8059169635736948,0.4066228453762975,0.5116684570016709
glioma,sagittal,4954.0,711.9442635585339,0.7288509636604384,0.7372550110784779,0.7692307692307693,572.3237864077671,0.7821987897211606,0.34005048187981496,0.4886779201404591
glioma,sagittal,15744.0,1185.638743755012,0.71233372545471,0.7088564628980959,1.0952380952380953,99.29936865399635,0.8992067174867776,0.4568051914975815,0.6737089671684697
glioma,sagittal,18958.0,1435.8824304626578,0.7218520351825762,0.7337952561436537,0.8653846153846154,97.32724217601344,0.9158648752061093,0.47522563504055587,0.6853706109845957
glioma,sagittal,4819.0,587.683332908185,0.781924387473633,0.8446102705675655,0.8461538461538461,313.76334951456306,0.848786467395405,0.4203776557739799,0.5870882514749339
glioma,sagittal,6123.0,671.1686142824235,0.742721979621543,0.9037026960024455,0.7058823529411765,271.0516203703705,0.9074395814297878,0.48924269322630043,0.6077162436984137
glioma,sagittal,4819.0,725.5889244992065,0.6543997827267789,0.8642228828575093,0.6470588235294118,413.16851851851845,0.8760539329793987,0.5501294744846268,0.6542465698622563
glioma,sagittal,4767.0,668.3462838120872,0.6536404771698889,0.8366180683004998,1.2291666666666667,709.9087719298246,0.7852069579054614,0.5291682461933226,0.6427498794519367
glioma,sagittal,4376.0,567.5056633785213,0.7137497961180884,0.8786214802201913,1.5555555555555556,495.83400402414486,0.8348121247481832,0.39055006512767787,0.5565115216652472
glioma,sagittal,4405.0,707.4650788387052,0.685389761941808,0.8605787805510712,1.3,590.4339094449854,0.7788406156142165,0.39751905233017,0.5414166020631771
glioma,sagittal,2358.0,348.5756851698602,0.7638483965014577,0.5077442921299735,1.0666666666666667,742.6927083333334,0.7888694272890343,0.3299881248632809,0.45716121682536
glioma,sagittal,2442.0,376.0254326381661,0.7493096041730593,0.5804583612086718,1.0,325.12127976190476,0.8121364368844857,0.31549437193353236,0.4644034922855951
glioma,sagittal,3006.0,360.2680733252853,0.8413098236775819,0.4380343525611624,1.0,259.1574663173652,0.8906419127902209,0.6159940186728181,0.7171299673160041
glioma,sagittal,2689.0,374.8183258569795,0.7983966745843231,0.4534170901295901,1.125,279.4092270005444,0.905962326996127,0.6740082840229339,0.7296265824372474
glioma,sagittal,1577.0,283.97770542341357,0.72706316274781,0.6085047816517761,1.1666666666666667,158.07781456953646,0.8909177649958822,0.7420194615524712,0.7923174558828157
glioma,sagittal,1411.0,328.4041122946064,0.6387505658669081,0.8860514667337823,0.6111111111111112,231.1475938967136,0.8634279023886811,0.5152986525247616,0.6204000462175344
glioma,sagittal,1829.0,336.747258045114,0.7122274143302181,0.8424052343320226,0.6666666666666666,362.712441314554,0.8541545019599223,0.39532320471628557,0.5232117171871568
glioma,sagittal,5051.0,822.4123009900693,0.6340697966357017,0.962002962387806,0.7222222222222222,402.7004437869823,0.7703371469932124,0.6165306181077641,0.726572423377491
glioma,sagittal,18614.0,1515.4154390516487,0.6793430656934306,0.6821570954771204,0.875,307.1722064692292,0.8614357902647398,0.47992929314355,0.6350455162102387
glioma,sagittal,15136.0,1375.734198184517,0.625583798305435,0.8826687704654979,0.7037037037037037,254.56187270501835,0.8650502131300504,0.5032101338791704,0.6792621907749147
glioma,sagittal,5228.0,707.0092347159895,0.6594349142280524,0.8793517026657374,0.6953125,163.8946030183727,0.9005573361613551,0.5183447739909417,0.6514307200763415
glioma,sagittal,6674.0,848.0336213336288,0.7132627979053116,0.8660930959214737,0.8666666666666667,632.5706205559147,0.6864262084307952,0.40714925989544914,0.5831108867744812
glioma,sagittal,6461.0,788.494516090228,0.6996210070384408,0.6210409093781643,0.9375,591.6304683061438,0.7018637915435254,0.4231562014419922,0.5880240186327987
glioma,sagittal,7410.0,714.216341497176,0.7151819322459222,0.6852873235711432,0.7647058823529411,549.2852564102565,0.7571993572395722,0.43661576626042786,0.606243239404513
glioma,sagittal,8918.0,830.4772721475249,0.676888045540797,0.5540888600720444,0.8333333333333334,387.2739510489512,0.8434448792895054,0.44219950167998695,0.6090424708555577
glioma,sagittal,3112.0,388.8183258569795,0.8022686259345192,0.8166769199436016,0.6363636363636364,409.9351395730706,0.8514701109198404,0.2994679209237314,0.49299482133344535
glioma,sagittal,4412.0,422.47518010647184,0.8313548143960806,0.7042163528877198,0.8181818181818182,477.9674329501916,0.8701517070148089,0.24375345439827295,0.38802374335118583
glioma,sagittal,2492.0,348.71172413918134,0.8251655629139073,0.7829027641441205,0.6666666666666666,536.5058685446008,0.723435160050174,0.21558376361147444,0.4511823238372089
glioma,sagittal,2922.0,525.7422074112307,0.7181125583681495,0.3073139128133538,1.0,193.85336322869958,0.8867328400307479,0.7534626310001772,0.8129186532322982
glioma,sagittal,1992.0,308.2497833620557,0.8394437420986094,0.7930043063639648,1.6,393.17467948717956,0.6593216751921429,0.15626001570463516,0.39751146316252695
glioma,sagittal,5713.0,649.1097397793778,0.7606177606177607,0.6709569765543626,0.8571428571428571,244.46180555555551,0.6949836412009777,0.41557212262590437,0.6341938612873586
glioma,sagittal,8593.0,699.5239533417509,0.8087529411764706,0.7925031366002504,0.7222222222222222,421.90371167294245,0.7875761608303014,0.38364219677522793,0.6120672085145554
glioma,sagittal,7676.0,739.8082245892127,0.7853488847963986,0.8379170721877169,0.6666666666666666,537.9738490675991,0.7296640397005348,0.4007247574877946,0.6571003036581883
glioma,sagittal,6325.0,664.4823227814082,0.7934019066733567,0.8470707406839044,0.6567164179104478,616.7716329966329,0.6407114247174119,0.4206723584209872,0.6537436321810991
glioma,sagittal,5734.0,952.7798333582164,0.6240748802786243,0.8578796621864333,0.5714285714285714,895.3423951048953,0.4557773306507264,0.4263435393820234,0.6266700260615025
glioma,sagittal,9144.0,1156.9696961967,0.635044100284742,0.8410467840662171,0.52,642.3251836103594,0.7480725035110052,0.5201061180956883,0.666045380989707
glioma,sagittal,7353.0,892.4539315504119,0.7232933307102105,0.6058668778683466,0.6666666666666666,401.6945658508159,0.759914328979531,0.4160647227222257,0.6032169334756371
glioma,sagittal,1688.0,276.770598642227,0.786946386946387,0.5702590518822765,0.8571428571428571,1292.3810606060606,0.8374066506811491,0.2806089649041403,0.38576320776802436
glioma,sagittal,4170.0,545.3635277547903,0.7932280768499144,0.7409759597053053,0.9090909090909091,451.65876436781616,0.9170623319615591,0.33926795055104436,0.4382892908435525
glioma,sagittal,6123.0,582.4406922210657,0.8392269736842105,0.7317338175446141,0.8461538461538461,543.3214916151809,0.9274304749759613,0.272311781117176,0.3801933782391372
glioma,sagittal,6848.0,627.9320702497141,0.8531207175781736,0.6562093391050839,0.8571428571428571,512.9021208708709,0.9331664145933477,0.305289017611501,0.4244768856185347
glioma,sagittal,6386.0,664.2457787486989,0.8042821158690177,0.6738988010903351,1.0,315.6765309932785,0.9112018921532986,0.35520531456420984,0.5591117713061082
glioma,sagittal,7097.0,578.1919548795365,0.8747688894367065,0.6233723940766335,0.7857142857142857,350.3737714987715,0.8531028978193824,0.24033416024791146,0.605055615572667
glioma,sagittal,5073.0,502.2447327281724,0.8335524153795596,0.6502794971803937,1.1,490.28078250863064,0.9093731906689139,0.22077322514672218,0.3407101408018691
glioma,sagittal,19988.0,1015.8509011700819,0.8878031447099582,0.4344042278718543,0.9090909090909091,365.50621428571435,0.908522099537263,0.26503201457559805,0.5692496480021272
glioma,sagittal,19761.0,982.6793282948282,0.8850322465066285,0.3901701417175812,0.9090909090909091,366.30049999999994,0.908693055227875,0.2691340931144373,0.5624167556941337
glioma,sagittal,16780.0,1027.3422791987305,0.8355325399591694,0.3302493827340682,1.0,477.21478471628177,0.9077214908706408,0.3722578753957271,0.6274690897835955
glioma,sagittal,9134.0,859.7554467405769,0.7833619210977701,0.4965898358042601,1.1333333333333333,497.35195254572415,0.8686279100426414,0.3910590965103875,0.6298193933260747
glioma,sagittal,3172.0,383.3391411371508,0.840042372881356,0.7025549302865436,1.4285714285714286,618.841590909091,0.8199548157107576,0.20996574641931837,0.37427694639421577
glioma,sagittal,2597.0,343.01933598375615,0.8143618689244277,0.6614796244696757,1.2857142857142858,828.0901515151515,0.8670832434372161,0.269520995818548,0.4174136247332733
glioma,sagittal,1111.0,289.62846301849606,0.6352201257861635,0.8739243842646666,0.8392857142857143,314.63389008620675,0.9086482709430755,0.7957707862962131,0.8151737727667466
glioma,sagittal,683.0,259.0071426749364,0.6169828364950316,0.9056823189394103,1.075,1125.5550213675212,0.7749995423063055,0.5200716268814107,0.5593386971724161
glioma,sagittal,13414.0,948.0458146424487,0.8466296389800555,0.597615092617352,0.8947368421052632,321.31179050567596,0.8843207383440237,0.44747123012101764,0.6067838396341924
glioma,sagittal,9254.0,858.9331162702406,0.8509425287356321,0.5697542228292988,0.875,335.7979323308271,0.8461532451754721,0.4315927160630134,0.6243333652652582
glioma,sagittal,12137.0,980.3361825443205,0.8246364995243919,0.5820205010762385,0.7619047619047619,225.61307073353285,0.909965927378016,0.39378440804222575,0.6079871563547441
glioma,sagittal,3432.0,504.36352775479025,0.7998135632719646,0.7007336398014311,0.8181818181818182,430.8735632183908,0.8478513634030584,0.3980044984822211,0.5967683300090953
glioma,sagittal,6168.0,695.6721856198917,0.7881420904676718,0.7577247345727013,1.5,518.6238396624473,0.7946223660498365,0.294294865115571,0.48388963534154183
glioma,sagittal,2254.0,354.2975105768081,0.7823672335994446,0.477839634949762,1.0,518.9975198412699,0.8718090973954071,0.3667391266448611,0.5120279632705851
glioma,sagittal,5025.0,476.144227664784,0.8505416384563304,0.35936336856046913,0.8817204301075269,324.8456937799042,0.9129139495059286,0.34356895908167817,0.5485333651993484
glioma,sagittal,5782.0,567.3340905032675,0.8546932742054694,0.4881510813054455,0.9166666666666666,317.88397129186603,0.8669191547976941,0.26893846880334793,0.5711964321156342
glioma,sagittal,6511.0,516.5290039756343,0.8577262547753919,0.29765642394500486,1.0,362.4663377192983,0.8902778944477615,0.24760626863213292,0.46453484942042533
glioma,sagittal,8734.0,705.630555059549,0.8535965598123534,0.5323307150395787,1.0,281.4361325611325,0.9042363819282807,0.25982923526485857,0.48687200169340455
glioma,sagittal,6604.0,625.3401871576773,0.7968146718146718,0.7083176851639233,1.3295454545454546,259.9009578544061,0.902891700309213,0.31824701472311795,0.5138403351426792
glioma,sagittal,5545.0,584.0559159102154,0.8526833769029679,0.4092026641400229,0.9166666666666666,582.3648325358852,0.8128621596950342,0.28452208528383605,0.4680791263073696
glioma,sagittal,7321.0,632.0620125646253,0.8053019469805301,0.6145038295051612,1.25,467.4441228070176,0.8725032797776119,0.31640636626319735,0.5008452433034051
glioma,sagittal,10914.0,1233.479364188578,0.6581835725485466,0.8329628834248033,1.1666666666666667,352.1771145521145,0.9037990093393933,0.5056808549475942,0.6443158385515634
glioma,sagittal,8103.0,1016.5727265770299,0.6764337590783872,0.29807159046043846,0.920863309352518,605.022235576923,0.8937058137617967,0.5113459139365708,0.6215196759356542
glioma,sagittal,3715.0,477.3218971944476,0.76440329218107,0.9162568705011691,1.0,529.0368338557995,0.8729116975405341,0.46572267700245956,0.6322240778794918
glioma,sagittal,1779.0,325.7411613907042,0.717628075837031,0.7179457634889188,1.0,806.8866883116883,0.7838610896488444,0.349940059440973,0.5315072729784432
glioma,sagittal,4536.0,451.3807716974934,0.8488023952095808,0.7962018790354728,0.6666666666666666,545.3008223684212,0.8376579298251512,0.2056322987026524,0.5128804076188417
glioma,sagittal,1438.0,252.14318164425748,0.7363031233998976,0.7371717977899471,1.1458333333333333,1187.804331306991,0.8428592918085458,0.37852033695105053,0.44270015270162166
glioma,sagittal,4132.0,547.5767311903868,0.7995356037151703,0.6899841039968165,0.6808510638297872,533.999177631579,0.8861033279183739,0.24802148950874625,0.3903967466376855
glioma,sagittal,1251.0,400.26807332528534,0.6280120481927711,0.8756201376188361,0.75,1272.5813492063492,0.8145125707963952,0.49146865002807194,0.5784873092690165
glioma,sagittal,1585.0,393.13203435596427,0.7413470533208606,0.8028933719944,1.2291666666666667,926.059840425532,0.8874503420188451,0.38816642259599154,0.4827492463885131
glioma,sagittal,3821.0,632.6183617507293,0.6770021261516654,0.3448414410810688,0.851063829787234,601.3244736842106,0.9064223017050577,0.4315037944033489,0.5372475732102411
glioma,sagittal,2933.0,415.41020894901624,0.7974442631865144,0.6276364459916189,0.8888888888888888,479.27046654929575,0.9246387632393201,0.2825802775419375,0.4218828429969704
glioma,sagittal,1478.0,295.3563850798539,0.7171276079573022,0.6967263505744693,1.1666666666666667,327.5465034965035,0.8979360497335211,0.7143838562260371,0.7838236549889593
glioma,sagittal,5510.0,638.0031380615796,0.7734418865805727,0.8970319269253687,0.47058823529411764,597.4590277777778,0.929307146688543,0.3078179235994511,0.40320463547443
glioma,sagittal,4861.0,531.872149726142,0.7861879346595504,0.7427810731737354,0.7128712871287128,634.264832793959,0.9412554523534968,0.2835715794004897,0.35750097769792344
glioma,sagittal,7527.0,596.0264786586926,0.849548532731377,0.6956565695420457,0.8,299.14320728291324,0.8520936231262914,0.30459059990361714,0.6459771335817266
glioma,sagittal,9128.0,699.7371567773473,0.8457333456870194,0.8016171003181382,0.7777777777777778,272.8608891108891,0.8778721524648415,0.3922136190474452,0.6733954739570978
glioma,sagittal,5055.0,527.7300141024109,0.8098365908362705,0.8375328289872773,0.7142857142857143,198.29729729729726,0.9096494741428655,0.3941174781841816,0.6399386034082275
glioma,sagittal,1725.0,260.2853172679885,0.7891125343092407,0.6936334139921065,0.8571428571428571,1061.2943181818182,0.7818954052333996,0.2727267466324892,0.4132833171757541
glioma,sagittal,2174.0,273.76450198781714,0.8304048892284186,0.3906351372045894,1.0,1196.1250000000002,0.7791745192838273,0.2211811181585203,0.3781214595976527
glioma,sagittal,2111.0,305.4629867976521,0.8085024894676369,0.30262516523456284,1.0,1600.6724025974024,0.7354670425839208,0.23028843369099888,0.3758219157658953
glioma,sagittal,2891.0,414.48127676088177,0.8166666666666667,0.501181619056396,1.0,926.3199404761905,0.7677208124949072,0.19403030090884424,0.4227015230410019
glioma,sagittal,2103.0,344.9127342659579,0.7572920417716961,0.5620782432673214,0.875,922.9047619047618,0.8705880534380477,0.3301020821918529,0.4292162628039442
glioma,sagittal,2393.0,349.025432638166,0.7947525738957157,0.6052298953537807,1.0,582.8315972222222,0.6080541652403756,0.3184153406022425,0.5435367972031123
glioma,sagittal,1444.0,339.0548698896889,0.6837121212121212,0.8231717089797363,0.8,1166.6593915343915,0.9002890072639926,0.4264284008429357,0.4970894483523573
glioma,sagittal,3537.0,438.65284963613556,0.8108665749656121,0.824540808477362,1.1111111111111112,628.3760563380281,0.9001121307920383,0.3158203882044885,0.428380759058104
glioma,sagittal,5380.0,543.286363288515,0.8074440942518385,0.7771610531807198,1.0212765957446808,561.2797149122807,0.9089785846373928,0.362899761729499,0.4828421301615008
glioma,sagittal,7574.0,727.1808075912433,0.828937287950093,0.6491057575132588,0.9285714285714286,785.6486486486486,0.8832581771381202,0.29213489472987686,0.45700811963915905
glioma,sagittal,7621.0,612.2691193458119,0.8247835497835497,0.38171101840653177,0.9285714285714286,842.7084199584199,0.88288879710575,0.2904410686668784,0.41451712691429543
glioma,sagittal,2685.0,410.9959953866432,0.7814318975552969,0.7298276337745476,1.4285714285714286,1227.0822727272728,0.8647137721272457,0.316103847749412,0.3908220373278372
glioma,sagittal,1898.0,299.91273426595797,0.7525773195876289,0.5378023401491814,1.0,908.3301948051949,0.9029185333161026,0.3132216747084534,0.3800385408694257
glioma,sagittal,3380.0,604.0975464705581,0.6583560576548501,0.5738264569463158,1.1,481.1987917146146,0.8981373563222071,0.4454023164451718,0.5968038989440358
glioma,sagittal,5281.0,504.1147904132611,0.8002727686013033,0.4796995147359794,1.0909090909090908,301.25694444444446,0.9009649271457558,0.31557214457398985,0.5723587937600941
glioma,sagittal,17934.0,904.7260094890541,0.874360099458827,0.5892635210110944,0.7783783783783784,387.782140779523,0.8848153447683919,0.32313517420077775,0.555805916863699
glioma,sagittal,22873.0,1263.1301217836606,0.8616364047314097,0.6582646483999561,0.8076923076923077,359.2250402576489,0.8801578348600723,0.31735043577300825,0.5738716898183557
glioma,sagittal,23779.0,1282.8286065934954,0.8529053084648494,0.5643342346740636,0.7887323943661971,361.02043189368766,0.8855962107937981,0.3160862073416884,0.5824501165891623
glioma,sagittal,19056.0,1059.1879502661795,0.8829580205726995,0.7294738249728169,0.75,96.26032577079698,0.8993276011916724,0.28630666782647535,0.6553482464804109
glioma,sagittal,21572.0,1053.271211386865,0.8674601898021553,0.6339763338221514,0.825,69.4811258674324,0.9081458055425866,0.33473029952689287,0.7201157825840779
glioma,sagittal,2497.0,379.0609665440988,0.7934540832538926,0.3343290084121253,0.984375,1050.1791373239435,0.8269891495015812,0.3796376808136774,0.5359771091581037
glioma,sagittal,2996.0,365.611219075793,0.7982946975752732,0.5758378756220671,0.8888888888888888,1123.2687059859159,0.8075823080936666,0.2720974323780771,0.4606656803003343
glioma,sagittal,7586.0,944.0874452027913,0.7525047118341435,0.4679642340155195,1.0909090909090908,1052.901951951952,0.8036768527695729,0.3744711933120712,0.57435009904946
glioma,sagittal,5522.0,537.6417023478423,0.8356537530266344,0.5575249197326273,0.9166666666666666,778.1467703349284,0.8320888102693005,0.2834992832324702,0.5893554896907646
glioma,sagittal,2257.0,390.48127676088177,0.7044319600499376,0.5712525355700355,0.96875,904.937748015873,0.8880819938542558,0.3681579899064191,0.4763043204861259
glioma,sagittal,1246.0,265.1431816442575,0.6926070038910506,0.8185300149178592,1.4,1120.1991758241759,0.8997310805483638,0.3336795476417915,0.41734797281468183
glioma,sagittal,4620.0,532.4995667241113,0.7905544147843943,0.539189829275568,1.0,597.3043364681297,0.8852168135412529,0.3334881997353958,0.5042279754876766
glioma,sagittal,3804.0,482.5290039756343,0.7963156792966297,0.6847119786952838,0.8181818181818182,459.2011494252874,0.8858996771532335,0.3313890360709949,0.44973300544471545
glioma,sagittal,3793.0,516.9787514439402,0.7554272057359092,0.8011353346461386,0.9883720930232558,296.34806102987926,0.9049667426894279,0.6081239706938133,0.6869754050108278
glioma,sagittal,4799.0,655.7249634685274,0.7574179292929293,0.8927827947762464,0.5714285714285714,423.66352380952395,0.8828088296185239,0.5931827849209134,0.704906476965631
glioma,sagittal,1718.0,284.8416664540925,0.7348160821214713,0.722162697813279,1.037037037037037,1180.0883116883117,0.8721259806279239,0.34222188479817,0.4160826170271148
glioma,sagittal,3223.0,670.6183617507294,0.6132039573820396,0.9582584539862155,0.4338235294117647,205.0699074074074,0.7019946440695686,0.5619165462571482,0.7835709812919103
glioma,sagittal,8388.0,926.9808434849931,0.6911667765326301,0.8837528094715836,0.6011904761904762,93.31707738369417,0.8341266581477618,0.4930815307767248,0.8471604584070418
glioma,sagittal,6455.0,634.8904396893715,0.8434600810139814,0.4653621715422521,0.8461538461538461,421.4648058252427,0.716918720872724,0.24185207800294242,0.5445375095672585
glioma,sagittal,10373.0,778.5361466505707,0.854237008976365,0.5951105371051559,0.8235294117647058,335.0933862433862,0.7543846426963936,0.2788087953791208,0.5575178475553674
glioma,sagittal,7816.0,597.9259735953042,0.8599405875233799,0.7832734385606549,0.6875,502.18879742304944,0.8344806500241035,0.2560716169047029,0.5374985403427058
glioma,sagittal,5552.0,562.9909447527598,0.8245952769939106,0.5225977092419739,0.9166666666666666,473.96124401913863,0.7763189322166613,0.2902443624063281,0.5967746437292388
glioma,sagittal,4551.0,455.93712088359746,0.8580316742081447,0.6219786543507414,0.8181818181818182,982.7809706257982,0.7398260176752219,0.21513766772998083,0.44883978207374936
glioma,sagittal,1887.0,287.8416664540925,0.7505966587112172,0.28226267884003026,0.875,521.3341836734693,0.8728766063764511,0.3998611910691519,0.541250966267778
glioma,sagittal,1425.0,250.21424945612296,0.7681940700808625,0.659017847075293,1.35,1650.293956043956,0.6863808309457254,0.23400347839985688,0.40473118924828655
glioma,sagittal,2076.0,345.1259377015544,0.7654867256637168,0.40874823644468283,0.9032258064516129,559.5269274376416,0.8538103766643236,0.3342039276354942,0.46145312843840575
glioma,sagittal,2572.0,403.4396462005391,0.8165079365079365,0.5315349580038468,0.875,513.386337868481,0.8143075892072623,0.1998087226003462,0.378077505672772
glioma,sagittal,1267.0,243.58683245815345,0.7260744985673352,0.6918415777317097,0.7407407407407407,1105.9299999999998,0.7821286831233308,0.32322928305072796,0.45837194437339257
glioma,sagittal,2951.0,644.7310601229375,0.5880829015544041,0.8170568046849699,0.7912087912087912,862.9272368421055,0.8242870388154949,0.5057552770629372,0.5834895145319282
glioma,sagittal,5121.0,777.4001076812496,0.7017952583253392,0.6024923010438036,1.0833333333333333,532.0712550607287,0.8789102467376588,0.41812643138692746,0.5244194366950813
glioma,sagittal,3092.0,554.0498192558055,0.7873694932518462,0.2915012932283467,0.9142857142857143,1081.534991197183,0.8217974162325695,0.23071531736362821,0.32653523385624694
glioma,sagittal,2477.0,397.9249275747777,0.7663985148514851,0.6872990919611018,1.2321428571428572,785.6121212121211,0.8799483851288342,0.2936662946492135,0.40860667004068896
glioma,sagittal,4111.0,467.9310242291876,0.7996498735654541,0.7722739624596164,0.75,991.6381578947367,0.8813463986545584,0.33438847889373624,0.44071156991695337
glioma,sagittal,7539.0,702.0508652763322,0.8155560363479013,0.7803564108198983,0.6875,743.8912848962061,0.8652624392646698,0.27555286930143763,0.43458724774690105
glioma,sagittal,6347.0,684.6538956566621,0.8203438025074318,0.7936703144957601,0.7333333333333333,491.7492360580595,0.9028039022694678,0.34877399646683144,0.509148657367101
glioma,sagittal,17990.0,998.0580079512686,0.8998599439775911,0.6264665046887843,0.9047619047619048,333.6705798928459,0.8673348949975089,0.26208789220064965,0.5712321316650887
glioma,sagittal,22832.0,1043.271211386865,0.903236015507556,0.6721827014979027,0.9166666666666666,228.0546168491195,0.9002774738278397,0.29519509951528183,0.5806319886568897
glioma,sagittal,19712.0,1043.7270555095806,0.8734104302361646,0.5368215378151436,1.0,204.1066558441558,0.8834563922753748,0.3365834404107622,0.6305187462347024
glioma,sagittal,1629.0,370.3391411371508,0.6687192118226601,0.924791964250559,0.631578947368421,389.4910337552744,0.9105737840281135,0.4823876324365826,0.558644825042505
glioma,sagittal,4686.0,575.7127701597078,0.7910195813639432,0.8289943545588563,0.7766990291262136,885.4253640776699,0.8374507272786973,0.3751635341884491,0.47987567218167637
glioma,sagittal,6521.0,606.3696244092001,0.8555497244817634,0.8226793545953694,0.6666666666666666,818.6134453781514,0.8760247579877526,0.2659341397705487,0.37832529809078874
glioma,sagittal,9621.0,1013.0935418572012,0.7392807745504841,0.927802875579963,0.5652173913043478,606.7907208911307,0.8911677583568496,0.4504330268274526,0.542193064631506
meningioma,axial,2887.0,410.7594513539338,0.7894449001914138,0.4584324535240584,0.8888888888888888,616.949823943662,0.8982618963772443,0.29423843450278225,0.4535964895143438
meningioma,axial,2244.0,386.13203435596427,0.729518855656697,0.6555671044527068,0.7777777777777778,678.6179577464791,0.8649991026706702,0.36669502608730387,0.5316932419659006
meningioma,axial,3272.0,552.0498192558056,0.7443130118289354,0.9206282822769597,2.5625,979.2112699468088,0.8466842502589548,0.3747433748075861,0.4902138918549556
meningioma,axial,3997.0,547.6122650963194,0.7574379382224748,0.8192717970983817,1.3472222222222223,622.2502708559047,0.9097995838268362,0.3906024237427082,0.4968790049682944
meningioma,axial,5230.0,673.352380466497,0.708480086697372,0.7516736435228442,1.1442307692307692,427.28745954692556,0.9272649994906158,0.5323882708107192,0.6540966064131818
meningioma,axial,3582.0,702.4650788387052,0.6729287995491264,0.667641341354703,1.1,611.6483026467204,0.8866868452166834,0.4073437205037254,0.5162073025525155
meningioma,axial,5326.0,685.5889244992065,0.7573947667804323,0.5916563109237044,1.1818181818181819,351.14610963748896,0.940557421419551,0.3528945512560561,0.4639443988400373
meningioma,axial,8023.0,698.1452736853106,0.8295078577336642,0.5992573745531456,1.1538461538461537,316.3592233009709,0.9369095587632917,0.306416084154274,0.4198741551997298
meningioma,axial,9328.0,725.2579720575186,0.8546037562986716,0.655063402414327,1.3076923076923077,272.33145345516857,0.9509425712814388,0.29212167214992824,0.42134330476099874
meningioma,axial,7519.0,696.1158364337876,0.8164838744706265,0.7079395334327002,1.1538461538461537,819.9483818770227,0.8969096657268031,0.34960508386713285,0.4471303874072172
meningioma,axial,6587.0,746.914826307011,0.7214676889375684,0.8461559703720162,1.6363636363636365,1359.2393039591316,0.8365802260481235,0.421430593192277,0.5156691659106007
meningioma,axial,2026.0,326.43354954612926,0.7694644891758451,0.7753135704180267,1.5,909.8407210401892,0.871034622137375,0.31460710765859085,0.4672158913048145
meningioma,axial,1784.0,293.67009357883865,0.7278661770705834,0.3183932565975638,1.0,913.537012987013,0.8880798547757026,0.3400261447836739,0.46837025228431106
meningioma,axial,1956.0,330.88329701443513,0.7652582159624414,0.34378702161245456,1.0,783.0253246753247,0.9127918418721921,0.28860541008262364,0.4160550822997866
meningioma,axial,4923.0,631.517856687341,0.7957006626798125,0.5361499489982231,1.1162790697674418,394.4634818007663,0.9402942722989069,0.3451348856217401,0.46374492416238594
meningioma,axial,4304.0,716.3290398693841,0.7872690689592098,0.41843430869645964,1.1282051282051282,794.218498273878,0.8920779112871696,0.30318505649270217,0.42967775445085044
meningioma,axial,3540.0,429.75945135393374,0.8200138985406532,0.39580553021171316,1.0285714285714285,871.6969874804383,0.9100912332566177,0.24003766285084022,0.37950229537101565
meningioma,axial,5555.0,655.9320702497141,0.8069436374201046,0.2715474166375377,1.0,449.77971491228067,0.9360058247319368,0.33452873681068795,0.4689085139448623
meningioma,axial,5837.0,501.8132752230961,0.8618042226487524,0.32683704927106605,1.0909090909090908,272.97270114942523,0.9447274255132773,0.2560334032440373,0.43792047358651526
meningioma,axial,5503.0,514.6650429449553,0.8586362927133718,0.25863939942452974,1.0,462.99712643678157,0.9105437532952537,0.2320464150623454,0.4405650225999818
meningioma,axial,4586.0,670.7310601229375,0.6374756741729218,0.6086382682144343,1.2727272727272727,618.7681650246307,0.931711319348156,0.47776660788979436,0.5757630095641538
meningioma,axial,2704.0,408.44574285494906,0.8107946026986507,0.7474045883199225,1.2857142857142858,765.8608585858586,0.8087690740764244,0.24460704480185616,0.43915346144880574
meningioma,axial,2746.0,430.72391744800103,0.7546029128881561,0.610903005886481,1.125,661.2720458553791,0.8431118987049903,0.3213726959028576,0.5022840093601082
meningioma,axial,6881.0,754.4711754931151,0.8160578747628083,0.6400456257517702,1.1666666666666667,470.377067669173,0.852932388798407,0.301294007392839,0.5418373386624464
meningioma,axial,7483.0,753.8143212436227,0.8319991105181231,0.6914448110469774,1.25,554.4278947368421,0.8415086574818479,0.2911179312448385,0.5211773994926828
meningioma,axial,8393.0,1033.7920266670362,0.7646683673469388,0.6734426431931982,1.1428571428571428,370.27350788288294,0.8934222637482597,0.36024487681213496,0.5452667723715532
meningioma,axial,4674.0,555.7483040656406,0.8040598658179942,0.5363853723469842,1.0232558139534884,646.2223092998955,0.9309132045514688,0.3292298539381453,0.4299272992673627
meningioma,axial,6007.0,596.6122650963194,0.8177239313912333,0.6524549594238676,1.2727272727272727,694.293513957307,0.9479758089746655,0.3329020071483331,0.467231835791063
meningioma,axial,6583.0,651.8549057834388,0.8614237110704004,0.5554569565894443,1.1818181818181819,743.9052829354554,0.92848486245757,0.22255252635709197,0.40605876135990066
meningioma,axial,5903.0,656.9320702497141,0.8142068965517242,0.5977749963945955,1.223529411764706,502.76547303271445,0.9233143207159171,0.29859195902204355,0.4031627073523034
meningioma,axial,5207.0,628.1980515339465,0.8013234841489689,0.4945773077842336,1.2,866.6252637130802,0.8498613452679668,0.2611998351542242,0.3698526952061872
meningioma,axial,4888.0,714.3229432149742,0.7679497250589159,0.7393913943298821,0.6923076923076923,1476.7250539374327,0.8355750676564909,0.2681190420060768,0.35099440619670697
meningioma,axial,3183.0,358.2975105768082,0.8558752352783007,0.6610195182531867,1.2857142857142858,782.5575757575757,0.905199679595431,0.13998089988064355,0.34297791160062385
meningioma,axial,2992.0,436.5168106668145,0.8023598820058997,0.6935505304846746,1.125,1614.0068342151676,0.8579338578722302,0.27035747582604375,0.4111757709449948
meningioma,axial,1829.0,268.9360748630709,0.7863284608770421,0.25638915079197633,0.9444444444444444,1013.6435064935066,0.9314198866597828,0.31788872997475937,0.39484285321939083
meningioma,axial,3310.0,377.5756851698602,0.8377625917489243,0.5347305504917496,1.125,610.0136684303352,0.8705262644167577,0.21522869673156475,0.4160826776520276
meningioma,axial,11591.0,760.4356415871823,0.8643549589858315,0.764867848340684,0.9444444444444444,275.56453105717816,0.9404798205331691,0.3735012769648462,0.6024426341017791
meningioma,axial,15128.0,943.4600282048218,0.8622399544029639,0.6491510436780702,1.0526315789473684,260.8685430463577,0.9371861046788108,0.34089396560769397,0.5839481759341738
meningioma,axial,14962.0,954.122979108724,0.8598356416297914,0.6034987383099479,1.2941176470588236,395.6907828282828,0.9193836220916691,0.33803799939355755,0.554298504370794
meningioma,axial,10838.0,768.5067093990477,0.8564880670143828,0.6882342169365304,1.2258064516129032,437.23958765022786,0.9253287410681468,0.40037568101642185,0.5948872270059875
meningioma,axial,8298.0,691.358477120907,0.8349768565103642,0.7888585073261234,1.3076923076923077,616.9865790976584,0.9075970472243697,0.367721093663988,0.5365475454819792
meningioma,axial,4088.0,478.9726547895302,0.8124006359300477,0.6371772278113632,0.8181818181818182,498.2476053639847,0.9399644417444394,0.29161041066906696,0.4781687803694643
meningioma,axial,3501.0,457.6234123846127,0.8121085594989561,0.5863164812653214,0.9,458.3180379746835,0.9223586715739841,0.31707201372626376,0.5167800929076639
meningioma,axial,9416.0,934.2234841721125,0.7570348930696253,0.8347527914340241,1.2666666666666666,316.53654356479433,0.9284795935206062,0.4435562386550905,0.6761527019400466
meningioma,axial,13540.0,978.993036793813,0.8558786346396966,0.7054993899397937,1.25,448.23248031496064,0.9153047807502439,0.2939509946700293,0.5794646857602405
meningioma,axial,13071.0,988.986940139403,0.8548724656638326,0.7157732107149003,1.1875,326.5254869457108,0.9210670503910454,0.285120776793244,0.5690709259480593
meningioma,axial,10970.0,969.7442994522837,0.8274249509729974,0.7857414466155365,1.3571428571428572,459.21491228070175,0.9229957485680931,0.30430119416047313,0.5555738307355945
meningioma,axial,2810.0,377.0965004500315,0.7829478963499582,0.4316338792214899,0.927536231884058,697.7865316901408,0.8928716874390993,0.28481755205306164,0.44961391507988224
meningioma,axial,3630.0,425.9371208835975,0.8295246800731262,0.354570251200535,1.0416666666666667,549.9823943661972,0.93737578666919,0.3115714980197931,0.554339184947549
meningioma,axial,2995.0,377.2680733252853,0.8294101356964829,0.3460928030368709,0.9411764705882353,812.7687059859157,0.8983220185528813,0.2760856908865599,0.4587699021429258
meningioma,axial,3370.0,546.0498192558055,0.7126242334531614,0.8142055000622442,0.75,422.5450292397661,0.9262123477456694,0.4531383162359152,0.6446197260962714
meningioma,axial,4927.0,696.8315651863257,0.7390130493475326,0.3657561023276169,1.032258064516129,478.0094298245614,0.9127275169404361,0.4010790677898692,0.5935463953121752
meningioma,axial,7085.0,695.5950211536165,0.8441558441558441,0.5272741392592841,1.0,319.39861837191944,0.9383687625417186,0.27950319668677476,0.49442176760241735
meningioma,axial,3314.0,540.1269837220809,0.7673072470479277,0.31371867206451487,0.9,509.142229254571,0.9155076778974353,0.33105540589584703,0.5092992785431527
meningioma,axial,6460.0,662.2813126546316,0.8478802992518704,0.39103265715359,1.0,461.75504385964905,0.8719614446036814,0.2446170191409441,0.565872459242395
meningioma,axial,9611.0,773.6427483683689,0.8382904491931967,0.3220182066230385,1.0,316.1390056022409,0.9117587051197712,0.2843442619276279,0.6005798714301728
meningioma,axial,10317.0,919.8326112068522,0.8428232987501021,0.244084896873429,1.024,339.8536540354331,0.9292767283637661,0.32953562198891384,0.5882322061200047
meningioma,axial,8251.0,707.6955262170047,0.814591766215816,0.36051867164073265,1.0,455.92221685971685,0.9183271173710057,0.2949546046943255,0.5234316299689449
meningioma,axial,5400.0,706.216341497176,0.8051289697331147,0.47811075213171095,0.8333333333333334,985.405263157895,0.8353099002464538,0.21189566991976955,0.4208097967915272
meningioma,axial,4186.0,512.6356056934325,0.8385416666666666,0.45589629228523326,0.9,676.3088959212379,0.9203260896907691,0.19641127222812085,0.3790194598785965
meningioma,axial,4469.0,512.4224022578361,0.8266740658527562,0.41741699936324134,1.0,897.583069620253,0.907073949564451,0.23522960479591057,0.3925654848415465
meningioma,axial,4015.0,527.6711395993652,0.7959952418715305,0.47891716402922785,0.9,766.8748241912799,0.9105245296105097,0.2244225685342456,0.420004527054035
meningioma,axial,5040.0,468.69448019647814,0.8549618320610687,0.23013015582954155,1.1,588.7776179516685,0.928622744373504,0.2313441292596993,0.41445458282559783
meningioma,axial,4608.0,540.7066735052979,0.8186178717356547,0.39140203891896735,1.0,963.7272151898733,0.8911768683670205,0.2125209408892584,0.3871990717544561
meningioma,axial,3166.0,476.7655480083436,0.8093047034764826,0.5139211479759938,0.8888888888888888,1351.9251760563382,0.8679752832961599,0.22716011845482573,0.37176785452114264
meningioma,axial,2657.0,445.48737341529164,0.7349930843706778,0.6833818747642091,1.4285714285714286,818.9661363636365,0.902545460097086,0.3249170666594963,0.43646913870266935
meningioma,axial,2482.0,364.26197667087547,0.7822250236369367,0.5653894789165902,0.8,684.0289235412474,0.9304119711082873,0.29646949164112363,0.4538521505229546
meningioma,axial,4117.0,523.0853531617383,0.8030037058708797,0.7294298531523286,0.6808510638297872,474.8531250000001,0.9292796412682736,0.26335621638861373,0.46336174904741967
meningioma,axial,6024.0,617.1686142824235,0.8396989127404516,0.40537116866488176,0.8461538461538461,396.5685127978817,0.9218845256552471,0.28295628571560066,0.4700748244681234
meningioma,axial,5417.0,838.2407281148155,0.7501731062179754,0.3849031047843714,0.8,373.14772727272725,0.9042954099482424,0.37129075057179806,0.5451261203937549
meningioma,axial,5447.0,549.0620125646253,0.8513597999374805,0.5008950954175453,1.0,475.8828369905957,0.8965068586144952,0.24361619631503492,0.4706327575188819
meningioma,axial,12840.0,886.3473298326138,0.863715861697834,0.5347934916424294,1.152,392.36127515310585,0.9318479293866613,0.26306395071704225,0.5043547967352188
meningioma,axial,14092.0,921.702668891941,0.8906022878088858,0.46995565544567136,1.0588235294117647,455.1880658436214,0.925370448664064,0.2403231320620465,0.4741400554643709
meningioma,axial,14020.0,998.8925317304245,0.862397736359722,0.4598380503036153,1.1176470588235294,523.9391325536062,0.9310061672062079,0.27865338552881236,0.472727301797038
meningioma,axial,3176.0,485.0792565073284,0.7738791423001949,0.4861988809361544,1.0434782608695652,747.4485524256652,0.8774932296761507,0.2940270993988468,0.4437394558248521
meningioma,axial,3597.0,503.9726547895302,0.7870897155361051,0.5232786695534271,1.1111111111111112,1050.0218309859156,0.8580212917154455,0.2984861927550813,0.4243524293943397
meningioma,axial,2629.0,426.06706319850866,0.7782711663706335,0.5708612360089318,1.2857142857142858,691.0186868686869,0.8514275955209272,0.2578583936552215,0.47768928499087276
meningioma,axial,2337.0,403.8183258569795,0.761485826001955,0.44125801162578254,0.875,986.0603741496599,0.801792077102711,0.26150298090552465,0.405987845652099
meningioma,axial,3243.0,502.22139213105936,0.7975897688145598,0.6209390868013809,1.25,1273.097023809524,0.8447121358126082,0.2884723784795151,0.43027831457318366
meningioma,axial,709.0,223.72896808188437,0.6607642124883504,0.47231702962141753,0.8,1056.6858974358972,0.7933844095623581,0.2823322737120597,0.351274979775025
meningioma,axial,6992.0,765.056961930742,0.7901457791840886,0.7630249778800698,0.8,418.3040091036416,0.913746850469068,0.3370487092843942,0.48080976673004355
meningioma,axial,9968.0,913.7676400493967,0.8333751358582059,0.6502097792741992,0.8823529411764706,396.71265432098767,0.9129945258437888,0.3419370020217514,0.5074718701760162
meningioma,axial,10278.0,870.9036790187178,0.8322941128836343,0.41578295338760174,0.9411764705882353,315.89606481481474,0.9267360238938593,0.36491896707308225,0.5099787898955025
meningioma,axial,8340.0,626.8254685319159,0.8637116818558409,0.34693794302111014,0.9285714285714286,734.3482328482329,0.8563007209153793,0.23892785761087856,0.4201884899434762
meningioma,axial,14424.0,1111.1473657263637,0.839238959678827,0.7440797594422766,1.6,470.0441614145657,0.9199968187830183,0.3314586703075273,0.49087265995829465
meningioma,axial,12489.0,1059.6559876977153,0.828952608522501,0.7237856542318085,1.525,512.2328735842162,0.9082003927763719,0.39329567705431073,0.558568690303636
meningioma,axial,9902.0,925.2590180780452,0.8186854071930549,0.5581331735089324,1.2857142857142858,762.4002752752752,0.8771143697942181,0.336674049430349,0.5052516434901425
meningioma,axial,6539.0,701.080302527855,0.8247981836528759,0.499701474116378,1.0,957.6864264376401,0.8581906771819156,0.3375605130592108,0.47218416742644453
meningioma,axial,8569.0,1137.9818895055196,0.7926186291739895,0.4784326683401813,1.1875,927.8583730789613,0.9071387103610234,0.3844790936827379,0.5092595949863893
meningioma,axial,5299.0,767.193000900063,0.7766378425912355,0.5212771812765536,0.8712871287128713,491.6246690203002,0.9196842252430508,0.35377856926164175,0.5354843723391189
meningioma,axial,6679.0,665.0092347159895,0.8308247294439607,0.6517177546932552,0.7857142857142857,466.15868140868133,0.916671581601474,0.26303183273926883,0.4602924094051425
meningioma,axial,7874.0,934.016377390926,0.8038795303726392,0.620550737830401,0.75,408.0907972440944,0.9208087779916484,0.3044563960670627,0.5248250055681003
meningioma,axial,5202.0,807.3056992722711,0.7362015284460798,0.7622507169962437,0.9230769230769231,581.0002022653721,0.9022449918732156,0.4187056380979817,0.5920537329020029
meningioma,axial,971.0,301.2914139223983,0.6534320323014805,0.5998612891122136,1.2,1199.5758547008547,0.896533290805335,0.36394850572614484,0.41467419976815667
meningioma,axial,3310.0,497.3929650063132,0.7603951297955434,0.7966544676417313,0.9,471.59880450070324,0.9097961796111171,0.33960752534160893,0.45922526033946165
meningioma,axial,3055.0,431.51681066681454,0.7292910002387205,0.7243454946833497,0.7272727272727273,481.80477729885064,0.9214322597256819,0.3907183383663452,0.49627653144341094
meningioma,axial,1731.0,369.2325394193526,0.7236622073578596,0.5913433451863503,1.3333333333333333,1018.546875,0.8558792206741499,0.3390376429937636,0.44563218563406704
meningioma,axial,2047.0,400.8244225113894,0.7256292095001773,0.25883959744741736,1.0,687.3375496031746,0.8795363994723697,0.4134654461526314,0.5746653559927232
meningioma,axial,4973.0,588.5767311903867,0.8221193585716647,0.44248244438443546,1.0,954.8083855799373,0.9439841968543721,0.2950343914323392,0.37912524313828133
meningioma,axial,8315.0,708.0092347159896,0.8538714315054426,0.46422674290590143,1.0769230769230769,1207.9873439667128,0.9070718110012788,0.2332205295166411,0.42213511855397023
meningioma,axial,5701.0,673.4234482783627,0.8204058137861563,0.7061610768231508,1.0625,1193.3573886639674,0.9604902885099261,0.5089302532003417,0.756516674176453
meningioma,axial,20825.0,1090.6498910433052,0.8704648052165189,0.7809278853513192,1.6470588235294117,1155.5554232804234,0.952858060307021,0.2865478279122543,0.5869015271042957
meningioma,axial,11032.0,1012.3300858899107,0.822915112636133,0.7571605358658846,0.9513888888888888,725.4443473193475,0.9530601686273269,0.4251716232139369,0.5270327745975502
meningioma,axial,9517.0,824.0691552395617,0.8061155344739963,0.43497424750314606,1.0714285714285714,764.1439939939942,0.9531835633397078,0.2453318771780166,0.41379634765843043
meningioma,axial,13348.0,765.5067093990478,0.8924846215565659,0.5942618862094642,0.8888888888888888,744.0099978146853,0.9676132803747561,0.2608315176870195,0.5060933076242229
meningioma,axial,4811.0,637.0031380615796,0.793501566881082,0.7241433985570928,1.4444444444444444,1370.2189869989168,0.9064852383823775,0.28521552783110093,0.4353618935162499
meningioma,axial,33858.0,1340.1423150924802,0.9004787234042553,0.5004832011550864,0.9508928571428571,325.63567098488625,0.9742023297792027,0.27840170986274243,0.539332359703216
meningioma,axial,2012.0,356.8538597629122,0.7807528133488553,0.1291749791887375,1.0,1394.9766233766236,0.8999066223145593,0.25150814286380563,0.3684388246384104
meningioma,axial,19587.0,1183.5088014401008,0.8732501114578689,0.7003689491323203,1.0,1047.59737012987,0.9472763574270741,0.33358943865408613,0.5589749896916305
meningioma,axial,4515.0,485.01428534987286,0.828440366972477,0.7097702211436723,0.8387096774193549,960.3450000000001,0.9390722217063476,0.34273968249744413,0.46028910270154005
meningioma,axial,4693.0,587.1564209736038,0.7836032726665554,0.8455380468483203,1.6,1468.4388832997993,0.9360070177654658,0.35665317470661445,0.4841361802440419
meningioma,axial,9755.0,912.5310960166873,0.830071477195371,0.35874568343523583,0.8931297709923665,248.93981481481487,0.9420878221178055,0.3557263794677453,0.5456756239831195
meningioma,axial,4549.0,478.56453788156693,0.7989111345275729,0.4852701737547044,1.0,1051.75039184953,0.9033922974007274,0.3512052923905489,0.4486209059486801
meningioma,axial,4557.0,529.0853531617382,0.8270417422867513,0.7598570101315921,1.4027777777777777,919.1446370530876,0.8915176033370029,0.3173213764205257,0.3746263143571121
meningioma,axial,1261.0,333.5046173579947,0.665084388185654,0.6835919858634115,1.0,861.4308510638299,0.8355194457660297,0.3438180830511042,0.3992444775374331
meningioma,axial,4860.0,444.1797615707168,0.8661557654607022,0.623918811046267,0.75,488.10058479532165,0.931006926563103,0.23915373863719602,0.35140386583147165
meningioma,axial,2728.0,396.6467529817257,0.8056704075605434,0.5780599973495566,1.0,1917.484126984127,0.8724121741732502,0.2511558426765404,0.3880242378618116
meningioma,axial,10815.0,888.1757569573599,0.8483018275943212,0.45394132404225773,0.9921875,674.2515378937007,0.9602528893419529,0.29539948354829,0.40906798489506435
meningioma,axial,6084.0,628.7899346259833,0.8460575719649562,0.4560867875844401,0.946236559139785,868.5879186602871,0.9192486596143631,0.2070049950364861,0.38480644880118253
meningioma,axial,4387.0,496.5290039756343,0.8233858858858859,0.5151688614397552,1.0,1022.7368670886076,0.9436404145417344,0.25645637273112304,0.44161698143436356
meningioma,axial,8331.0,690.5239533417509,0.8399879007864489,0.5233053448899918,1.037037037037037,1178.401624839125,0.9165499094563431,0.28300567815852185,0.45882702784709994
meningioma,axial,1041.0,210.27312395916866,0.7489208633093525,0.4103573930068516,1.0,6082.864743589744,0.7364073541749224,0.2402751887689105,0.3260092234226853
meningioma,axial,8386.0,814.6549416771886,0.8080555020235113,0.5372915652890482,1.0714285714285714,941.1194444444446,0.9320990220207144,0.3257240780228455,0.432109114986912
meningioma,axial,5293.0,709.2640687119285,0.7783823529411765,0.51612808389317,1.0909090909090908,1785.5448994252877,0.9105026835976332,0.3026113432768528,0.429959450544613
meningioma,axial,10290.0,825.471175493115,0.840068577026696,0.5798897464465878,1.2053571428571428,913.6102278749338,0.9416958948942786,0.2766834709799195,0.4552346775220955
meningioma,axial,8982.0,1053.0052301026326,0.8141769398114576,0.6577986130061683,1.2142857142857142,1351.2826890756305,0.9361544185982378,0.5359868469589402,0.6402046062756953
meningioma,axial,1996.0,393.8599564173221,0.7229264759145237,0.5683121695635951,0.875,789.1821581196583,0.9439425465900113,0.7965783817165458,0.8605254769787318
meningioma,axial,4687.0,542.9493141924172,0.8202660133006651,0.6799393005943744,1.4305555555555556,1263.5325027085592,0.9154530363944604,0.30796782373640835,0.45756687305685206
meningioma,axial,7842.0,871.1757569573599,0.7330342120022434,0.16073439680940393,1.0,600.4074929971989,0.8886684544958625,0.39625952987727175,0.5488857331940331
meningioma,axial,9138.0,1006.3778131046631,0.7974517846234401,0.4501854468118587,1.0,405.9961484593838,0.9217458087313533,0.311590172926782,0.4808814467050678
meningioma,axial,1386.0,299.14927829866735,0.7360594795539034,0.7248384704043376,1.4,3011.0851648351645,0.8577080943019398,0.2609942323235825,0.3138775601511226
meningioma,axial,33929.0,1420.8468965567251,0.9007141150548196,0.512274086768807,0.9598214285714286,356.3557340973261,0.9716787687007297,0.27561341679037166,0.5327952737802011
meningioma,axial,11130.0,1076.2773080412749,0.8164612676056338,0.43253258325528376,1.0625,319.56351320055586,0.9418415086886706,0.3058728201201441,0.47129167334473065
meningioma,axial,4601.0,519.2213921310594,0.8064855390008764,0.5179322934706811,1.0,1073.168495297806,0.9009892477432312,0.3458504809808543,0.44421210725185806
meningioma,axial,6296.0,614.9554108468271,0.7979721166032953,0.661267929975364,1.2727272727272727,474.6860671535806,0.9719623577105905,0.7450066890587536,0.7797471275985569
meningioma,axial,6025.0,521.7716446627535,0.8777680652680653,0.45323911231911734,1.0,636.3206635318704,0.9335527192926856,0.17284789284710658,0.36567058443564093
meningioma,axial,10060.0,949.6082604829626,0.8223657320362953,0.5799336830019476,1.2142857142857142,1019.8797694753576,0.9369308195476569,0.2886330518737068,0.4677843696126047
meningioma,axial,1118.0,269.8061325481597,0.7488278633623576,0.7588027412115748,1.5,2616.399865591398,0.7162465108078767,0.13622595296529175,0.18949973596378153
meningioma,axial,2754.0,429.5168106668145,0.7532822757111597,0.7395976201541467,1.2903225806451613,2481.4523809523816,0.8748110353201067,0.378488305531075,0.4331201316050409
meningioma,axial,4783.0,616.8549057834387,0.7700853324746417,0.6883361387052771,1.0,1477.1826018808777,0.935689951169889,0.31817700581711456,0.43215513261691285
meningioma,axial,19581.0,1220.5148980945107,0.8356877640732363,0.5056905814597992,1.1428571428571428,982.1412487524951,0.9571802434272044,0.35867242522646164,0.531504850931737
meningioma,axial,1262.0,331.6761902332486,0.6210629921259843,0.7564160055018669,1.3333333333333333,510.0653594771243,0.9258028754759606,0.8339949908600112,0.85687880953916
meningioma,axial,2105.0,452.2447327281723,0.7030728122912492,0.6979177044159992,1.0,846.2512400793648,0.8758009700624407,0.38636976677907614,0.47221374442129516
meningioma,axial,343.0,137.95331880577402,0.655831739961759,0.6081890900102709,1.0,10117.052536231884,0.5577887429520971,0.22275611603180198,0.25544811244046955
meningioma,axial,1692.0,401.2031021678297,0.7026578073089701,0.6123028555297249,1.0,571.0301948051949,0.845879891989281,0.3661878540347433,0.48486487796429706
meningioma,axial,5852.0,581.3696244092002,0.8076179961357991,0.5160554814789986,1.0,841.2137061403511,0.9376931924965466,0.30578770556340296,0.4290913782146918
meningioma,axial,2967.0,387.71782079359116,0.7840909090909091,0.7467669287776428,1.0,1188.7781690140846,0.9207443514820327,0.3566289279447631,0.4485350094397904
meningioma,axial,3536.0,437.00209204105306,0.8175722543352602,0.5671833047859884,0.9,600.9444444444445,0.9289836799905813,0.3220693874022937,0.4346081593680312
meningioma,axial,3812.0,526.3158005400378,0.7863036303630363,0.8229379109755337,1.9107142857142858,2977.924025974026,0.8866108311579035,0.3128419026925315,0.47525098056176635
meningioma,axial,3678.0,565.7066735052979,0.768170426065163,0.5765105813312791,1.2222222222222223,1520.5813060179257,0.9253841548103581,0.3458632166393699,0.40785989806277045
meningioma,axial,761.0,224.04267658086917,0.6253081347576006,0.6533706800178704,1.0,1680.5346153846153,0.8834752996641029,0.40445695567523976,0.43613299290007784
meningioma,axial,3176.0,439.4812767608817,0.7693798449612403,0.539464449321686,1.1111111111111112,1433.7566901408452,0.938348114410542,0.38165989011406554,0.44782111871844504
meningioma,axial,912.0,247.86500705120545,0.6740576496674058,0.7045532117494235,1.236842105263158,2233.123931623932,0.8887463041340454,0.38306385181381986,0.41997472913831346
meningioma,axial,2029.0,381.51071401240466,0.7582212257100149,0.7267348236817855,0.6666666666666666,1078.1029929577464,0.8408122653170133,0.32534351986583193,0.46486420489770414
meningioma,axial,5018.0,568.8843430349616,0.8160676532769556,0.44042843855344826,1.0,920.394592476489,0.9451624782884457,0.279947169616506,0.3645397675003831
meningioma,axial,2270.0,385.5756851698602,0.7452396585686146,0.6711188416293733,1.032258064516129,2860.7249503968255,0.859580254017451,0.4355653038983541,0.6872418573364523
meningioma,axial,735.0,183.05992052357226,0.6700091157702825,0.777260932971779,1.4375,3849.682123655913,0.8466189433597978,0.4103572437266086,0.5098055009407761
meningioma,axial,2677.0,480.1503243191939,0.716541755888651,0.6146229874063949,1.0416666666666667,619.3508646817615,0.9179636844753253,0.459709816689008,0.545077481378803
meningioma,axial,6593.0,613.3696244092002,0.8377382465057179,0.48152776320876917,1.0833333333333333,311.82135627530363,0.9581496746070025,0.2892134262932873,0.5157471996181029
meningioma,axial,8237.0,646.9259735953042,0.8693403693931399,0.5297882258902226,1.0769230769230769,300.05625866851597,0.95985205003375,0.24624688367330072,0.5002566561594968
meningioma,axial,8350.0,669.1097397793778,0.8494404883011191,0.557279139715745,1.1538461538461537,252.8351941747573,0.9514850097255637,0.28100432828582833,0.5539454956239954
meningioma,axial,7343.0,650.8965363437815,0.8541351634291032,0.6043789147197904,1.2727272727272727,411.7440476190476,0.9395072854086941,0.20053825733020186,0.4513121791823399
meningioma,axial,4707.0,507.91378028648444,0.8429441260744985,0.5738112328378967,1.1733333333333333,611.9247698504025,0.9264650149517153,0.2541021352219437,0.45062421126106267
meningioma,axial,3110.0,455.866053071732,0.805699481865285,0.4622978677176309,0.8888888888888888,444.12984154929575,0.94644204711843,0.24465111186650546,0.39530466241118895
meningioma,axial,2019.0,304.84166645409243,0.8031026252983293,0.5334095674595443,1.0,511.06850649350656,0.9516447730479274,0.2771756688606198,0.41957581311833014
meningioma,axial,2651.0,372.9898987322333,0.8215060427641773,0.7051867077705879,0.9846153846153847,2315.7539612676055,0.8858769573306114,0.3432435142082947,0.45597169820751177
meningioma,axial,861.0,260.0071426749364,0.6602760736196319,0.4163316658011049,1.0,1097.798076923077,0.8219490347567373,0.3143621376425109,0.3970050053601696
meningioma,axial,4814.0,523.3635277547903,0.8241739428180106,0.5495594195156477,0.8333333333333334,309.8298684210526,0.9303706231480319,0.31550332430170897,0.5360811425609401
meningioma,axial,6526.0,641.7899346259832,0.841955876661076,0.6799321588117072,0.7857142857142857,264.31357493857496,0.9281798355664673,0.2884947459506584,0.5454328077892588
meningioma,axial,6706.0,554.4995667241114,0.8621753664181023,0.6213053221029288,0.8073394495412844,384.8691646191647,0.9272138433939339,0.26786162355203424,0.5173284754291977
meningioma,axial,3546.0,561.6477990022522,0.7290296052631579,0.48251535446104027,1.0256410256410255,880.8773734177216,0.8943059119300231,0.3607696777099082,0.49161581341496663
meningioma,axial,2966.0,431.0315292925759,0.7666063582321013,0.564698757696,1.25,906.435119047619,0.9001917558191324,0.33374342923240824,0.4669885874576939
meningioma,axial,929.0,203.27312395916866,0.752836304700162,0.22483395743094983,1.0,826.9448717948717,0.826401386238006,0.30002396901837,0.4003794035952689
meningioma,axial,1363.0,331.7411613907041,0.7136125654450262,0.6936312186596422,1.0,846.6081560283687,0.8797373527048333,0.3016059530941888,0.3914157993880371
meningioma,axial,2350.0,452.9015869776647,0.7561132561132561,0.7812431925623501,0.6,636.0055379746834,0.9087357452199364,0.30352424679098905,0.4905711377850227
meningioma,axial,3802.0,470.9432175380074,0.8208117443868739,0.6365143888880304,0.7272727272727273,458.06232040229884,0.9229362379866882,0.2546493378535917,0.5066605718306786
meningioma,axial,1175.0,299.22034611053283,0.7199754901960784,0.737010514462408,1.1428571428571428,2609.6575757575756,0.8664255149146743,0.4417544516169769,0.4837076274601222
meningioma,axial,4781.0,562.7483040656405,0.8186643835616438,0.5584239149326248,1.1,351.00704833141543,0.9397629497537003,0.25912744477589955,0.5325701199333611
meningioma,axial,4510.0,495.00818869546293,0.8145204984648726,0.7047313530144284,1.0864197530864197,337.72413793103453,0.9515790138495565,0.35048729964006287,0.5353318322556601
meningioma,axial,3093.0,639.1686142824235,0.6768052516411378,0.9049678083611813,1.8571428571428572,951.1356643356644,0.9148834657680691,0.37856660876295223,0.478576943960698
meningioma,axial,2181.0,484.77164466275354,0.7003853564547207,0.8400114455466544,1.8333333333333333,1104.9535783365573,0.8691332295560605,0.38442267155893545,0.4574931474003713
meningioma,axial,2112.0,308.08430714121175,0.8201941747572815,0.6095152317607133,0.7741935483870968,350.3244047619048,0.9620596827100274,0.23787134442912183,0.35949581947647546
meningioma,axial,2853.0,420.03762594698577,0.784869325997249,0.6138355944648671,0.8472222222222222,355.93882042253523,0.9663579783858053,0.3051903104338697,0.4473917032169904
meningioma,axial,3369.0,457.3929650063132,0.8077199712299209,0.5052526683659601,1.0,423.2621283255086,0.9575512003631078,0.27292662003007795,0.4307206672626399
meningioma,axial,3764.0,525.7422074112308,0.7760824742268041,0.5401691348382366,1.1,304.1831127733026,0.9660935024747,0.40060327756485165,0.5566365397785868
meningioma,axial,3331.0,456.38686835190333,0.79746229351209,0.6566815206334029,0.9,424.42756680731367,0.9491873939137206,0.346322272816754,0.5112040236431039
meningioma,axial,2700.0,414.7300141024109,0.7705479452054794,0.7116348412529352,1.125,433.9940476190476,0.94197447043878,0.32209228596412715,0.4549692997881851
meningioma,axial,2862.0,441.8305191657993,0.801007556675063,0.2757730169241331,1.0,1722.1225198412694,0.9060654092645222,0.208388391486922,0.33547848397737134
meningioma,axial,4336.0,502.39296500631315,0.799704905938768,0.7031721667947799,0.8333333333333334,580.1710526315788,0.9350253739841682,0.36694256911739065,0.44679705386850166
meningioma,axial,4088.0,413.99599538664313,0.8581024349286314,0.553065667068578,0.9,478.9773206751055,0.9354667289462644,0.21645445102997732,0.31671863880797824
meningioma,axial,2521.0,418.8244225113894,0.7456373853889382,0.7548398872137454,1.1612903225806452,878.5097001763669,0.8774930049754968,0.3699269241557141,0.44706535535377134
meningioma,axial,5636.0,532.5351006300441,0.8532929598788797,0.7788782336941248,1.5555555555555556,499.0079225352113,0.9117325884238802,0.24525300638907035,0.4536995755834846
meningioma,axial,6621.0,571.399061660723,0.8678725914274479,0.7278977477559404,1.4,564.5969710669078,0.8947035490626158,0.2004184001735757,0.4669353959616137
meningioma,axial,6686.0,742.0214280248092,0.8119004250151791,0.6617067083457958,1.0833333333333333,940.5805668016193,0.8733915068060354,0.2669723931718917,0.503110778727115
meningioma,axial,5715.0,659.1808075912434,0.7794599018003273,0.7141285736256213,1.0520833333333333,858.2805668016196,0.893438065208254,0.3620145748476222,0.5590858570955797
meningioma,axial,1930.0,339.6406563273158,0.7842340511986997,0.3829979331079112,1.0,666.1681818181819,0.8662937231047628,0.2881360432266467,0.4603942409498734
meningioma,axial,5723.0,575.8132752230962,0.8270231213872833,0.7376197510894152,1.3,501.8764605647516,0.8921945805953737,0.24875334061217313,0.431526343751595
meningioma,axial,6419.0,558.5056633785213,0.8617264062290241,0.7214041823018548,1.1818181818181819,449.83598585322727,0.9009259010177564,0.2405780647871432,0.4368883393617724
meningioma,axial,5867.0,619.4823227814082,0.8319625638116847,0.7514525721405012,1.1818181818181819,591.1918656056587,0.895255194828029,0.30454144259344235,0.4700533179234619
meningioma,axial,4224.0,514.9726547895302,0.7941342357586012,0.6021095859953747,1.2222222222222223,972.9907170294495,0.82578007710171,0.2586066129764132,0.42128470978601834
meningioma,axial,2758.0,413.167568261897,0.7593612334801763,0.623835055281382,1.125,1046.6675485008816,0.8774711529982708,0.32390741254388383,0.4480427975434425
meningioma,axial,1612.0,312.5695885154504,0.7578749412317819,0.5293926043126489,0.8888888888888888,1770.5238636363638,0.776175266289245,0.2901919378045477,0.4123120950539441
meningioma,axial,1358.0,308.49852070358486,0.6903914590747331,0.7274000434834874,0.8571428571428571,488.6625,0.9523915714366654,0.4051412166366371,0.5002139980228723
meningioma,axial,1116.0,231.97160876900367,0.7366336633663366,0.5786770753130207,0.8333333333333334,965.2101063829787,0.8906285541493025,0.30252656651858645,0.4269033945871827
meningioma,axial,1126.0,260.21424945612296,0.6993788819875777,0.3178344971172302,1.0434782608695652,772.9179964539009,0.8978774764726677,0.39199700266627185,0.4832698918630044
meningioma,axial,4230.0,474.73611075682084,0.8441428856515666,0.5181082282775402,1.1111111111111112,1090.1096830985914,0.8916512874903108,0.20453424157337774,0.4244099754235361
meningioma,axial,5247.0,540.7361107568207,0.8195876288659794,0.4692880714067078,1.0568181818181819,818.7774185823754,0.9287205198788872,0.3179709996197685,0.509424557259391
meningioma,axial,4633.0,550.3696244092001,0.8067212258401533,0.367912140022218,1.1,487.22008055235904,0.9278130290521868,0.2786312425267033,0.4221499337465007
meningioma,axial,1402.0,273.73506473629425,0.7648663393344245,0.420641189841219,1.325,3440.977106227106,0.7381194275868179,0.2689746498619875,0.3354394666013246
meningioma,axial,6131.0,655.8965363437813,0.8313220338983051,0.37317499201795973,1.0909090909090908,515.4378591954023,0.9135000191405213,0.20584429987573344,0.3594060157841409
meningioma,axial,6941.0,784.8498551495554,0.8134302121176609,0.4345375282037647,1.0769230769230769,371.9053398058252,0.9510510353639794,0.3454484471424751,0.4803297259130238
meningioma,axial,6274.0,662.3879143724298,0.7982188295165394,0.5370288403679829,1.118279569892473,463.1826923076924,0.9404789064239,0.3023828748016855,0.44285499922556676
meningioma,axial,4312.0,583.2691193458119,0.8068862275449101,0.29388663227265777,1.0,831.9863924050634,0.8958927824213311,0.2442189812269714,0.3781063418865164
meningioma,axial,2496.0,429.86605307173204,0.7668202764976959,0.29679771881113276,1.0,389.52232142857144,0.8780087907979442,0.3116568881385325,0.5329938452855868
meningioma,axial,4261.0,519.6356056934324,0.7811182401466544,0.6812912769968912,1.1,500.2790563866513,0.9109763607490203,0.32593871830617077,0.504386123761149
meningioma,axial,3513.0,528.3279938488575,0.7698882314266929,0.4611505226254178,0.9113924050632911,609.9520042194093,0.8775520370758182,0.3079123982292602,0.45843382754203454
meningioma,axial,2743.0,468.5939751330898,0.7381593110871906,0.5621100097475393,0.8888888888888888,761.1773767605634,0.8347549837727463,0.31248713646407067,0.46681256475851524
meningioma,axial,1292.0,324.1553749530773,0.6482689412945308,0.7282267700518119,0.8571428571428571,786.3503787878789,0.8593115230263433,0.4153623697284211,0.4808867249764444
meningioma,axial,1116.0,276.1848122046001,0.7126436781609196,0.4885821821851186,0.8333333333333334,1172.5457446808512,0.7883165512348836,0.303267301085446,0.37951144764936506
meningioma,axial,3268.0,480.8305191657993,0.7810707456978967,0.834512200123929,1.5714285714285714,1410.7053719008263,0.8943550545268562,0.2502424802483358,0.3639208541571336
meningioma,axial,7399.0,636.239682094289,0.85706011815128,0.5582871043237031,1.25,389.3113157894737,0.9133351935522566,0.31072789943193085,0.538038364662771
meningioma,axial,11094.0,729.8082245892128,0.8721012499017373,0.4044195160671736,1.0158730158730158,344.64548474409463,0.9226448422659023,0.28062750354913624,0.4983705597223302
meningioma,axial,12069.0,917.7676400493967,0.8622561977566622,0.38085520274157864,1.0,338.79139433551205,0.921397528862775,0.3027694151999605,0.4856630696406387
meningioma,axial,10935.0,894.7260094890541,0.8385736196319018,0.30428960480903605,1.2,397.9779995331466,0.9207861412143512,0.32255015544518406,0.4848270580180626
meningioma,axial,9535.0,751.8082245892128,0.8511872879842886,0.4797061386553291,1.1339285714285714,482.47318412162156,0.9110290897355448,0.2870116145968352,0.4721297959456834
meningioma,axial,7531.0,914.4183976444792,0.8077005577005577,0.42109059922907527,1.25,776.1414912280704,0.8862641615652119,0.28483839975243924,0.4422355190083793
meningioma,axial,2458.0,374.6467529817257,0.7763739734680986,0.7143789037873697,1.015625,1587.4547008547008,0.8508371530950836,0.3213015935284866,0.4467414836177569
meningioma,axial,11653.0,1333.887481096541,0.7496301061434545,0.8643651643657206,1.9901960784313726,420.5764563106796,0.9119203203296734,0.4067704788481158,0.5151395383278623
meningioma,axial,12701.0,1253.1656556895932,0.8353173298257153,0.8082720242150916,1.6428571428571428,375.06825303564443,0.9304052655583682,0.33509511599165975,0.46544308912532456
meningioma,axial,14002.0,1133.3250352560274,0.8387444590870972,0.7809141653173548,1.6,326.41163340336135,0.9418601362976545,0.35213019714908866,0.49341235589966026
meningioma,axial,1669.0,382.7178207935912,0.7081035214255409,0.5491782574305638,1.0,2063.5448051948056,0.8463105090087883,0.35915592633725846,0.3984070584260865
meningioma,axial,5436.0,784.7848839920998,0.7800258286698235,0.46654759829887493,1.0909090909090908,2095.860272988506,0.8919945700335927,0.27570329029139085,0.3932248286444558
meningioma,axial,4202.0,468.5229073212244,0.8377192982456141,0.659472122187447,0.7272727272727273,3229.543462643678,0.6098818186658399,0.18831604742593383,0.411072856892686
meningioma,axial,4487.0,617.5117600329311,0.7971220465446793,0.5857346188910016,0.9090909090909091,1823.0669540229883,0.8524180113482057,0.2921130897846644,0.42064425778138664
meningioma,axial,4655.0,517.3635277547903,0.835277229499372,0.6267440681860094,0.8181818181818182,1825.6384099616857,0.8676419522699966,0.19409689851713724,0.3435848032756212
meningioma,axial,1916.0,419.4751801064719,0.6987600291757841,0.4183085714822714,1.0,3153.323701298702,0.8815980508521708,0.32070280781873955,0.5415785518407858
meningioma,axial,12641.0,841.2762620207482,0.8752336772138752,0.6874652387410964,1.1875,1470.6791856610027,0.9239656870216219,0.49502292995819014,0.7707494139800216
meningioma,axial,9203.0,836.755446740577,0.833076853444374,0.6324579590166536,1.0,845.3931372549021,0.9361332666581499,0.313017842956564,0.419104872277548
meningioma,axial,8444.0,790.9858941188766,0.8459226607894209,0.4147752328337875,1.0,1239.7826576576574,0.9106270497036432,0.27497246566690803,0.45232674152522795
meningioma,axial,8617.0,745.6305550595492,0.8042747806608176,0.7998005669758124,1.875,1833.5027367268751,0.9332260212515497,0.3713450845160702,0.5762679354896495
meningioma,axial,2026.0,335.7766952966369,0.8149637972646823,0.815580031318587,1.8,397.6363960113961,0.8777723013877848,0.2042117317702446,0.37691439652761255
meningioma,axial,4002.0,494.008188695463,0.828228476821192,0.1401492629690331,1.0,1884.2390453834114,0.8854787406611747,0.15511705492654007,0.28885328221012396
meningioma,axial,2675.0,394.85995641732205,0.7717830351990768,0.6815003764439899,1.1428571428571428,1364.3805114638449,0.9091141606915611,0.3430827763821675,0.43182144238615905
meningioma,axial,4528.0,576.7422074112307,0.7839335180055401,0.6277289078511604,1.2,1050.6758966244724,0.9447283278736998,0.3462750571986706,0.435554263041573
meningioma,axial,5229.0,627.3340905032675,0.7919127669241254,0.694975644563088,1.3333333333333333,1523.272517039922,0.9145358858441601,0.29688126830316025,0.4158624622539386
meningioma,axial,5558.0,610.4762261269984,0.8201268998081747,0.5035628751119307,1.0909090909090908,514.4099068322981,0.935864151359411,0.7726847893474421,0.7959210399151394
meningioma,axial,69082.0,2605.935387780043,0.8695794468990345,0.48284690241758293,1.0094637223974763,136.62161192292768,0.9850224757474817,0.7469142150341468,0.8241576246244319
meningioma,axial,3666.0,476.70057685088807,0.7776834959694527,0.7576671295740168,1.5,1715.918154761905,0.8661413646810895,0.32999331830971335,0.4317534585205034
meningioma,axial,56125.0,2170.624637873889,0.8328139838556505,0.8107062412872289,2.1784037558685445,601.2382818765036,0.9785185942942846,0.42354895636832485,0.70827780750196
meningioma,axial,10289.0,855.5128060534577,0.8506117724867724,0.6561472875691694,1.3846153846153846,1745.6162351672065,0.910556054379067,0.2668834378392421,0.46747891426586885
meningioma,axial,5594.0,580.6477990022522,0.8453982167145232,0.49691504189429864,0.9772727272727273,819.3256269592478,0.9246359594545652,0.21951665734407969,0.39350910194343014
meningioma,axial,6199.0,602.0681092190353,0.8071614583333333,0.6932907186752559,1.1354166666666667,1542.1607142857142,0.9288964527717882,0.3706382104676749,0.4613992089864039
meningioma,axial,6822.0,772.8437584951456,0.7870327641901246,0.6904821015645051,1.3333333333333333,677.9386513157895,0.9651867164689609,0.3933397872249413,0.5056625014275096
meningioma,axial,1123.0,253.49242404917499,0.7451891174518912,0.6292722024990518,1.2,2091.1228632478633,0.9192585131067686,0.324617809760928,0.4864682356650837
meningioma,axial,16020.0,900.5310960166873,0.8799780280142818,0.6948482232814672,1.0,643.0134295590433,0.9674721286792012,0.5970674776309851,0.7271586535666812
meningioma,axial,4881.0,647.8670990922585,0.7729216152019003,0.8948771011548192,0.7719298245614035,458.0236822001528,0.9324868768166307,0.4842157653757517,0.5956249873350337
meningioma,axial,853.0,217.58683245815345,0.6743083003952569,0.49364287682898567,1.0,1052.6243589743588,0.8273511301094179,0.31354706242449404,0.39535801265640486
meningioma,axial,6247.0,642.0386719675123,0.8253402034614876,0.15653195320419835,0.9411764705882353,349.7812500000001,0.9316449655100094,0.30950761817996886,0.4882453162318344
meningioma,axial,7078.0,836.8975823643078,0.815249942409583,0.7401921952928622,1.25,803.5828070175438,0.8988527374458603,0.32658660475163553,0.42951501886423066
meningioma,axial,5433.0,600.3401871576774,0.8412821306906163,0.48366339187368235,1.0,467.9557210031348,0.8976992086852157,0.24468715408840738,0.4730085110906838
meningioma,axial,9567.0,884.8387078612623,0.8379609354471402,0.6013688139977831,1.1636363636363636,317.55525056306305,0.9083125760668014,0.2832471130720962,0.5507591190554624
meningioma,axial,12815.0,880.2823586751582,0.8708208752378364,0.5437512738817825,1.1900826446280992,395.9831036745407,0.9305032844595316,0.26122063360303244,0.5080760932598757
meningioma,axial,14559.0,1131.5321420372138,0.862960109062889,0.45764635350824023,1.1176470588235294,519.8327972709552,0.9276544950390145,0.25473611099818644,0.4551371268174081
meningioma,axial,12465.0,1436.3382745853737,0.8298382264829239,0.6240891657604228,1.0588235294117647,1158.938271604938,0.8773597692586276,0.30976478935196067,0.43517748258733546
meningioma,axial,2982.0,365.3330444827409,0.8199065163596371,0.5414158246300571,1.125,215.13316224693475,0.9540030750654797,0.7825003489869431,0.8286249379779795
meningioma,axial,9088.0,941.8153672641491,0.8096213808463252,0.5137917266991243,0.875,378.6124156355456,0.9261868249274966,0.3095865968222495,0.48209011553681774
meningioma,axial,5100.0,671.1513703397204,0.7576883078294459,0.4940979344340401,0.8461538461538461,326.0146734333627,0.9268688086193178,0.3742769381719525,0.565548246337805
meningioma,axial,2457.0,434.7949852598665,0.7506874427131073,0.4033388527596191,1.0,922.7289186507937,0.8177561421882877,0.30835585184159126,0.44813283220403993
meningioma,axial,6955.0,687.352380466497,0.850972715037318,0.4736460361337496,1.0833333333333333,281.4554655870445,0.9595847352904286,0.2528614273323939,0.4905865788391246
meningioma,axial,3222.0,436.03762594698577,0.8231987736331119,0.5386398657495934,1.125,1168.9029982363318,0.8436168277122265,0.2233014450861688,0.38152792119578915
meningioma,axial,4358.0,836.4183976444792,0.6333381775904665,0.7933358247865201,1.25,1424.2178947368425,0.8586004914225998,0.5600134552147342,0.6130515035509916
meningioma,axial,711.0,205.3797256769669,0.7117117117117117,0.296132904686616,1.0,1209.1824596774193,0.7350055767074072,0.13757772611583965,0.22128395027894068
meningioma,axial,7648.0,873.0752518939717,0.7933609958506224,0.7373681133625914,0.8666666666666667,409.93907563025215,0.911031687993675,0.3265328507286124,0.4732561318322832
meningioma,axial,10733.0,868.0752518939717,0.7919864226682408,0.47261115590744796,0.9236111111111112,339.544220485397,0.9222961484379013,0.41293124555354965,0.5485998854802662
meningioma,axial,9081.0,830.4833688019348,0.8344206560690985,0.2797889407246673,1.1428571428571428,712.422438063063,0.8796298817029663,0.3245992516705978,0.48043712813303796
meningioma,axial,7606.0,949.6021638285529,0.7894955366410629,0.45329235238634474,1.0,1510.6563706563707,0.7868632626560307,0.33431848987810825,0.46251050746041134
meningioma,axial,1935.0,343.4041122946064,0.7222844344904815,0.8213769698478197,1.5,1073.776891252955,0.8621994222881866,0.3301976054722081,0.44644347863697265
meningioma,axial,6808.0,616.541197284454,0.8368776889981561,0.5714887061208727,0.9142857142857143,391.94000400641033,0.9262457765073673,0.2791626267350147,0.529262526407764
meningioma,axial,2481.0,506.22139213105936,0.6749183895538629,0.8266161192953067,1.5714285714285714,951.4107438016529,0.8553393953831017,0.4009575805768411,0.5221972532482512
meningioma,axial,4203.0,654.0742058734451,0.7215450643776824,0.8469743313085898,1.56,575.909282700422,0.9138984904287546,0.4954907414237461,0.5828311146107817
meningioma,axial,5435.0,550.1919548795365,0.8248596145090302,0.45785501055179645,1.0,427.8748693834901,0.9118465117812082,0.24145515566336748,0.49058883852836593
meningioma,axial,1799.0,334.6112190757929,0.7584317032040472,0.22601115569694658,1.0,836.2480519480519,0.8969019302165887,0.3458206791803526,0.47060733212120615
meningioma,axial,2032.0,360.0254326381661,0.7827426810477658,0.37071451565352403,1.0,797.6883116883118,0.9059490994122852,0.24988686510768823,0.3819385637773626
meningioma,axial,3295.0,532.98484809835,0.7497155858930603,0.668967664139208,1.4375,774.4055886243385,0.9124165490801593,0.38100252264419443,0.5014667484889392
meningioma,axial,4093.0,564.3635277547903,0.8103345872104534,0.5838543798077453,1.2222222222222223,361.09330985915494,0.9393720267113602,0.27874724045076266,0.4329806110916299
meningioma,axial,846.0,174.33809511662426,0.782608695652174,0.6093830469090323,1.25,955.2056451612904,0.7833945094357587,0.20823089746656104,0.33305808498713096
meningioma,axial,5207.0,701.8082245892128,0.7763530639630237,0.5557124966477874,1.0909090909090908,406.3461446360153,0.9358901680283069,0.3134592835926254,0.4394820939006412
meningioma,axial,1515.0,337.9543648263006,0.7007400555041629,0.6995027080137476,0.8571428571428571,734.8594696969698,0.8907933185015093,0.33936001166323326,0.42663281124473545
meningioma,axial,4010.0,554.1625176280137,0.7929602531144948,0.5488830251659792,1.2222222222222223,737.0564980793854,0.8991903904512422,0.28455276608341473,0.4234011971374275
meningioma,axial,4393.0,577.0914498161482,0.8087260677466863,0.46832087397940214,1.0125,541.6763556805752,0.9309541870683111,0.24427278702899904,0.42496137779868304
meningioma,axial,3621.0,479.77164466275354,0.7873450750163079,0.5380329060503822,1.1111111111111112,706.0704225352113,0.9305507087359529,0.3019731633123067,0.4375829877630033
meningioma,axial,4041.0,603.1625176280137,0.7660663507109005,0.5515334115387238,0.9090909090909091,433.8596264367817,0.9307041029631901,0.3516707974775846,0.5607161845689147
meningioma,axial,654.0,257.8355697996826,0.5338775510204081,0.6606396056065672,1.075,1145.962606837607,0.7117518857811307,0.5071604096732771,0.5537532652369064
meningioma,axial,11215.0,1107.1828996322963,0.8374402628434886,0.43732477202508846,1.1333333333333333,313.9437098368759,0.9386927818256673,0.25812161671618195,0.43937663768135193
meningioma,axial,4760.0,551.1919548795365,0.8005381769256643,0.5741540010332701,1.0,346.6550417972832,0.9438409229004592,0.32269967280929585,0.5771563223456515
meningioma,axial,8527.0,720.8021279348029,0.8277837103193865,0.5212778524723773,1.1538461538461537,261.14911003236244,0.9659690388531071,0.2673008086911731,0.5062384042327197
meningioma,axial,4610.0,525.7777413171634,0.8216004277312422,0.7019858113635153,1.0,301.58712121212125,0.9560297408100216,0.3478891848831404,0.5380208635433346
meningioma,axial,2237.0,477.35743110038044,0.7010341585709808,0.8287685589410301,1.8333333333333333,1012.536750483559,0.8780457157935516,0.3771517205015812,0.45112897993060486
meningioma,axial,629.0,173.92388155425118,0.6491228070175439,0.7167584644581403,1.3125,1049.657258064516,0.6987989076284019,0.45162465382498396,0.5261633840436872
meningioma,axial,658.0,196.17261889578035,0.6613065326633166,0.6651273161804775,1.25,1064.8354838709677,0.8674417198895595,0.3528836352703583,0.4017000046624741
meningioma,axial,5895.0,572.5767311903867,0.8432270061507653,0.3416270672405595,1.0786516853932584,195.10748318385643,0.9554250535543385,0.6441164718309315,0.7234036720607329
meningioma,axial,3025.0,470.73001410241096,0.753988035892323,0.6555433181604652,1.0,284.0213223787167,0.9727113791638928,0.3401554452424342,0.4720137408675059
meningioma,axial,3473.0,447.97265478953017,0.7793985637342908,0.45307963096527504,1.1666666666666667,288.2405569782331,0.9719369694026563,0.38087612971402723,0.5161358034661315
meningioma,axial,3586.0,455.0437226013957,0.8111287039131418,0.5356627916437173,1.1,331.15822784810126,0.9635159523213799,0.43139824642118363,0.5882878733698235
meningioma,axial,3401.0,480.00818869546293,0.775421796625627,0.6440830414353977,0.9625,392.3303797468355,0.952893031590503,0.3928813718059555,0.5457921574265086
meningioma,axial,4410.0,560.5767311903867,0.8035714285714286,0.7066490632339748,0.8333333333333334,512.839605263158,0.9421185607029828,0.3607526421754457,0.4455301819438774
meningioma,axial,4072.0,411.8954903232549,0.850992685475444,0.5763146665632174,0.9,430.9161392405063,0.9419110848226714,0.2295731714769682,0.33168547457813846
meningioma,axial,2748.0,439.9015869776647,0.7483660130718954,0.6555535778535252,1.0,749.7059859154929,0.8911864073266738,0.39440748248449525,0.4731369540933792
meningioma,axial,6778.0,609.3757210636102,0.8668627701752142,0.7246493997059679,1.4,532.7772377938517,0.8963455862046988,0.18919339106783697,0.4613500931339628
meningioma,axial,5375.0,538.848809129029,0.8437990580847724,0.3634381075593152,1.0,509.6060606060606,0.9046777696516334,0.2517376810999099,0.46267105985714735
meningioma,axial,7171.0,667.8610024378486,0.8310348823733921,0.6173634150182824,1.0,719.6467513069455,0.9016696417332394,0.2797681298530808,0.5132925345471335
meningioma,axial,6316.0,734.4589821842953,0.825405122843701,0.6652383447137632,1.1818181818181819,835.1107427055704,0.8788363737686933,0.24349146278438305,0.4713132827373061
meningioma,axial,6722.0,959.7026688919411,0.6791270963831078,0.6341896508502111,1.1851851851851851,376.71389358108115,0.9306824025746298,0.4771825491339478,0.6093164797058558
meningioma,axial,9512.0,1017.9514062334703,0.7736478243188288,0.5440351111840409,1.2142857142857142,379.55339162692104,0.9192944618259041,0.3198503911270934,0.4722940022747419
meningioma,axial,6337.0,609.0325753131024,0.8445954951352792,0.7258133483998785,1.1818181818181819,480.8264809902742,0.8951512947640884,0.2516755407821089,0.4515768035958144
meningioma,axial,5974.0,581.5056633785213,0.8195911647688298,0.7355676904865931,1.1063829787234043,525.6564777327937,0.9092128000384461,0.34934663225106505,0.5022020169016198
meningioma,axial,4593.0,591.7838379715733,0.8163881976537505,0.48696735402988395,1.05,942.1195339470657,0.8350094073647871,0.27842615577659086,0.4319529541351914
meningioma,axial,1598.0,280.32085117392114,0.800200300450676,0.6744666434467858,0.7142857142857143,1684.8245454545458,0.7520043765350245,0.1868743003524867,0.3326394781291062
meningioma,axial,1437.0,360.5401512639275,0.7324159021406728,0.7997251088845798,0.8392857142857143,510.7193181818182,0.9487047213402228,0.365870268973865,0.4653822716166468
meningioma,axial,3485.0,476.3868683519033,0.7803403493058666,0.5365120711042003,1.0833333333333333,557.0845070422533,0.8817319353645828,0.3211204383026026,0.5250159740691394
meningioma,axial,1143.0,269.28531726798843,0.725253807106599,0.5744546131366352,0.8333333333333334,1043.3920212765956,0.8782743358774573,0.2840423041675536,0.40492893797931256
meningioma,axial,2288.0,535.120887067671,0.6244541484716157,0.6306606674927976,0.8,808.5893987341775,0.8770247474059593,0.46963481524526507,0.5399290063541743
meningioma,axial,4293.0,473.8071785686863,0.8396244866027772,0.5315228093403244,1.0,1060.0041139240507,0.9046714125634404,0.26121735717803124,0.46375047634145283
meningioma,axial,5316.0,561.0203820042827,0.810736617355498,0.5023070042619808,1.0909090909090908,889.6153017241379,0.9211724953905419,0.306749567134429,0.5020844272692043
meningioma,axial,5868.0,545.1919548795365,0.8410491615307438,0.3311212448133733,1.0909090909090908,519.1238026819923,0.9173743047428135,0.2456933165342639,0.3950348118516799
meningioma,axial,6523.0,625.1747109368334,0.8438551099611902,0.27747678425935096,1.0,483.82532894736846,0.9286370899122995,0.23004216107445763,0.3974969066984885
meningioma,axial,6020.0,668.0386719675123,0.8202752418585638,0.4705788574695434,1.1818181818181819,565.5859858532272,0.9257833229112797,0.2798872121203966,0.4310829353952834
meningioma,axial,4721.0,890.152416360247,0.5912335629304947,0.600052483612849,1.25,638.5688596491229,0.9254130444085656,0.5310380875665052,0.6167787423440179
meningioma,axial,2583.0,402.99599538664313,0.782016348773842,0.34369645844466173,1.032258064516129,432.09499007936506,0.8580559610205923,0.2815148957424181,0.5075689883679524
meningioma,axial,4246.0,562.0620125646253,0.7769441903019213,0.670668045718897,1.1,534.9141254315305,0.9039420616887056,0.33138598199275043,0.5055360952070024
meningioma,axial,3190.0,423.72391744800103,0.8135679673552665,0.5227324438236182,0.8888888888888888,601.4896566901409,0.8674814112878012,0.21322075725178877,0.3995442577131645
meningioma,axial,1882.0,392.03152929257595,0.6699893200427198,0.5161496920468663,1.0327868852459017,879.0357142857142,0.8351509158248297,0.446529660898104,0.5643282587164923
meningioma,axial,1257.0,325.6406563273158,0.638395124428644,0.65128354852165,0.8571428571428571,856.6068181818181,0.8475687615702024,0.44220049668670935,0.5099908854877121
meningioma,axial,7629.0,677.3462838120872,0.8322242827533545,0.5265659930584276,1.0769230769230769,366.58001040221905,0.9153985320267716,0.2986019268047987,0.531027941769194
meningioma,axial,11740.0,945.6965722375312,0.8452732378140975,0.3813074602333257,0.8888888888888888,348.2182036713286,0.9242381764041071,0.32127479162981154,0.5287034711661734
meningioma,axial,11951.0,921.5605332682102,0.8591660675772825,0.3988328464235008,1.0149253731343284,318.29216371863436,0.9289301704276397,0.3469821001108106,0.5220292723053956
meningioma,axial,3327.0,585.6772362537752,0.7275311611633501,0.4226924560835487,1.0,764.5367762128325,0.817509490473473,0.26050815489049955,0.4239411947467135
meningioma,axial,9392.0,824.7138161802343,0.8059727108898996,0.4422525429798986,1.0666666666666667,575.3096113445378,0.8974419856251744,0.3399134097360917,0.5127184513592339
meningioma,axial,7532.0,789.4356415871823,0.8327252625760089,0.4617155853840768,1.1666666666666667,779.3992481203007,0.8766028916844462,0.23914228516835534,0.4130101384399954
meningioma,axial,2590.0,358.19090885900994,0.7905982905982906,0.7111771169455402,1.125,1122.8311287477954,0.895121584058054,0.3740868559823617,0.4927205435388928
meningioma,axial,11505.0,1316.7930726875627,0.7543273013375295,0.8665035386664315,2.0833333333333335,531.0398947368423,0.8874020299659412,0.3445211277690011,0.4679051083210205
meningioma,axial,12931.0,1288.9291116568838,0.7932642169192075,0.8225639038273351,1.7142857142857142,380.91277214714717,0.928009709603131,0.34612846313862894,0.47742094373406097
meningioma,axial,13715.0,1048.0407640085655,0.8396596057303783,0.7890475781742027,1.5583333333333333,318.85512955182065,0.9432219765239662,0.36131654985969286,0.5048875273302464
meningioma,axial,12519.0,975.4661248592316,0.8366637706342311,0.7154662480748831,1.4833333333333334,534.4763883814395,0.9034194054181198,0.3921547938887073,0.5583437997107761
meningioma,axial,9251.0,796.4417382415921,0.8424551498042072,0.4368993226854852,1.1428571428571428,727.8492398648649,0.8779015718621732,0.3072593873425028,0.4959029495294954
meningioma,axial,8105.0,836.7615433949868,0.8103379324135173,0.32419437534698364,1.0,825.208092020592,0.9111798776809565,0.30090804360789947,0.44570208176837933
meningioma,axial,4235.0,921.7026688919411,0.5949704973307108,0.6507441580304972,1.6,474.9885284810127,0.8779521384505332,0.5111254170950055,0.6042675342230831
meningioma,axial,7040.0,715.6366517139589,0.8181289947704823,0.6597345648118631,0.8571428571428571,440.1570945945947,0.9220870538455873,0.28941346349841646,0.4766487377212043
meningioma,axial,8057.0,1044.0285706997456,0.8104818428729504,0.6289051040136824,0.75,419.5375656167979,0.9153395238220323,0.2839903510376057,0.5097964814460452
meningioma,axial,957.0,253.69953083036154,0.6792051100070973,0.6767613641413139,1.2,988.8787393162393,0.9139585139956681,0.3681633077606191,0.41808547584942973
meningioma,axial,774.0,210.75840533340727,0.7140221402214022,0.441404846710311,1.25,1520.7540322580644,0.8886780038506881,0.2532367215646327,0.3008646563111647
meningioma,axial,3235.0,476.5229073212244,0.7584994138335287,0.7658704086109188,0.8888888888888888,437.4072477650063,0.9177570324252619,0.42029252627634417,0.526717847642253
meningioma,axial,2843.0,406.6173157302028,0.7481578947368421,0.927094581668777,2.1875,838.461056231003,0.8693734970759283,0.3922604395936229,0.5140160212886831
meningioma,axial,1570.0,336.29751057680824,0.7278627723690311,0.6425695588397016,0.8888888888888888,1022.7007575757577,0.8556625811132552,0.3031310201943055,0.41059996036824875
meningioma,axial,1906.0,366.43964620053913,0.7575516693163752,0.6038817030659583,0.75,736.8369708994708,0.7590185899516406,0.285310112881972,0.5168916303423013
meningioma,axial,1903.0,317.19090885900994,0.7679580306698951,0.3560652068174201,0.9821428571428571,737.3594155844158,0.8680223677982677,0.30596958852866757,0.5015066959733487
meningioma,axial,2545.0,380.167568261897,0.7677224736048266,0.39171649761459704,1.046875,657.909832451499,0.8991624947659216,0.3604982398098971,0.5062201549631729
meningioma,axial,2434.0,544.3990616607231,0.643745040994446,0.8629595530226262,1.6428571428571428,883.0380681818182,0.8898059210672857,0.4484888075045365,0.5310665178553166
meningioma,axial,6735.0,907.868145112785,0.820041397784001,0.6570504176765428,1.2727272727272727,559.7842775041051,0.8126093041595418,0.24250649465331908,0.49698112064537964
meningioma,axial,8078.0,848.140223051427,0.8181081628519343,0.6489186267496184,1.2307692307692308,456.8826608009708,0.8745265452520573,0.34193150451800314,0.551090980064344
meningioma,axial,8337.0,676.8376618407357,0.8647443211285136,0.5828320936764182,1.25,261.35403508771935,0.9453261227557999,0.23387071248228453,0.5350250790651314
meningioma,axial,8389.0,1167.9524522539969,0.767590813432153,0.7276082826953582,1.4615384615384615,437.1773122125703,0.8816218078019694,0.40958962602763516,0.5807065071813176
meningioma,axial,5143.0,631.8315651863257,0.7950224145926728,0.333627249982993,0.9166666666666666,308.761961722488,0.9077882447716478,0.3288357792458598,0.5510037076740933
meningioma,axial,4699.0,681.4589821842953,0.7832972162027004,0.5312743849808644,1.0,692.7042842215255,0.9251522789546542,0.3234257592377547,0.42305676477319026
meningioma,axial,3286.0,440.0376259469858,0.7566198480313148,0.7020715416883617,0.8372093023255814,412.0477330779055,0.9313794603987743,0.4137037260781821,0.5503904387383319
meningioma,axial,5942.0,606.0975464705581,0.827230961993596,0.6759517928921125,1.3493975903614457,728.9483784893267,0.9457288622236368,0.3414952652534193,0.4740207420450672
meningioma,axial,6500.0,681.1097397793778,0.8531303320645754,0.5517438229469314,1.1818181818181819,798.7370689655172,0.9243575041421336,0.2278465787468959,0.4139543322865019
meningioma,axial,4483.0,584.0620125646253,0.7799234516353514,0.5783393913650106,1.1,502.5664556962025,0.9022420986193933,0.28326395278277366,0.3720363025009922
meningioma,axial,5531.0,573.0559159102155,0.8379033479775791,0.6436423534780102,1.3,703.342989289192,0.8900738565746547,0.2648923228881844,0.37707688291396185
meningioma,axial,6080.0,756.5067093990477,0.8279994552635163,0.2685270716205079,1.0,709.8598684210525,0.874311227930656,0.28005972268883184,0.3879549016503679
meningioma,axial,4974.0,754.920922961421,0.7784037558685446,0.6304974057032233,0.8333333333333334,1367.596447368421,0.8483639570107547,0.2835919346311027,0.36816322105383403
meningioma,axial,2639.0,397.3746750430835,0.8072805139186295,0.6585091955263609,1.2857142857142858,864.0095959595959,0.9065111425559284,0.261941974685682,0.4265878213252868
meningioma,axial,7222.0,628.9259735953043,0.8587395957193817,0.6236733612557614,1.2727272727272727,397.75913382594416,0.942612521855928,0.21481168472771564,0.46932542324141935
meningioma,axial,3106.0,409.03152929257595,0.8251859723698194,0.6497482782390589,1.2857142857142858,1056.5636363636363,0.8789478842289782,0.1464709594599066,0.3484755223826721
meningioma,axial,2787.0,462.1858582251266,0.7763231197771587,0.7095027257802611,1.2857142857142858,1988.9747474747476,0.8148146109926028,0.21181977138462252,0.36807661437130745
meningioma,axial,1862.0,339.5756851698602,0.7526273241713823,0.23631272166858847,1.0,1136.8285714285716,0.9233920259685854,0.31045616848737884,0.3858149598364206
meningioma,axial,3656.0,772.2935059634514,0.6808193668528864,0.7027919420927528,1.3333333333333333,602.0993251173709,0.886678789376114,0.39246642033551193,0.5048487953461215
meningioma,axial,2130.0,353.0193359837562,0.7618025751072961,0.3080310274061643,0.875,868.4302721088437,0.937781353446822,0.32676624072706345,0.4279695317292219
meningioma,axial,3250.0,482.5584412271571,0.8137205808713069,0.6370724909808386,1.125,767.3172398589068,0.8421506230818239,0.21959796756589042,0.4197962502607584
meningioma,axial,11404.0,809.9270196158309,0.8285984160430139,0.741164342949468,1.051094890510949,302.9794580419581,0.9355212393828038,0.4103237904328752,0.6247466454477762
meningioma,axial,14766.0,1071.3483758531402,0.8595378077885791,0.652789959442689,1.0789473684210527,260.3797303689688,0.9394889729809675,0.3860691269009499,0.619931803264003
meningioma,axial,15705.0,1027.720958855171,0.8625329525483304,0.5362931730748611,1.105263157894737,249.1807395143488,0.9414901958813539,0.3506020676178123,0.5928339997916905
meningioma,axial,14318.0,1013.1290757631339,0.8734215823827244,0.5849853443933617,1.2647058823529411,369.47344276094276,0.9263797737240913,0.3605829050830316,0.5765941967770298
meningioma,axial,11668.0,905.6021638285529,0.8379174147217235,0.7096000229667828,1.1875,410.8495648570244,0.925824080872444,0.35985953370414975,0.5674603950074305
meningioma,axial,4518.0,557.2924599429248,0.7964040190375463,0.5142690985952787,1.1875,569.7816455696201,0.9379550851560854,0.35025028692427573,0.5194830717986044
meningioma,axial,9290.0,1261.5859659063763,0.7113867830614902,0.8496810272148196,1.1875,651.6557708246995,0.9018604927112874,0.47208740661714493,0.604621917827859
meningioma,axial,3109.0,586.0620125646253,0.734467280888259,0.4167994483415619,1.0694444444444444,839.2804577464788,0.9131068731715252,0.37589190865020305,0.5312667739857467
meningioma,axial,4054.0,519.6356056934325,0.793035993740219,0.6486826782254472,0.8181818181818182,588.323275862069,0.929036436695652,0.2900653004651687,0.4763462399097087
meningioma,axial,5377.0,643.7544007200504,0.7564715813168261,0.6352909631229489,1.1818181818181819,351.56642351900973,0.9395697299680751,0.34607158913767644,0.4575906314100016
meningioma,axial,3331.0,538.2274887854692,0.7652193889271767,0.4126315344986069,1.1111111111111112,555.323767605634,0.9089934143858464,0.3436221494042522,0.5422828050120287
meningioma,axial,9197.0,1016.6143571373725,0.7634899551718413,0.8369564168828959,1.3571428571428572,341.851173541963,0.9221060476561829,0.4166228169351075,0.6646758684405621
meningioma,axial,12757.0,1106.3189386016174,0.8593465813405187,0.7737283540408418,1.375,285.234143657463,0.926524678340096,0.3232647380285508,0.643688653994229
meningioma,axial,13296.0,1060.2062402294093,0.8557636609384051,0.7095775092415042,1.2421875,409.1124507874015,0.92374989521785,0.3081224230304695,0.5946771118336047
meningioma,axial,13369.0,1151.3016946589144,0.8349362977766674,0.7276219454712407,1.3125,297.6548556430447,0.9314816010215022,0.3344243511128016,0.5986819556701412
meningioma,axial,10178.0,864.7615433949868,0.8425496688741722,0.7675276797669359,1.2857142857142858,510.0180180180179,0.9166732545892227,0.3223781253133972,0.5864462357248785
meningioma,axial,7767.0,1010.5432893255071,0.8264524366886572,0.8518380174326361,1.4545454545454546,1053.9741379310346,0.8557441899313889,0.23835741963746057,0.45726829114292433
meningioma,axial,1427.0,370.3980156401965,0.5496918335901386,0.9328779355474986,0.43956043956043955,436.86500000000007,0.9381020294739578,0.5405241057198708,0.6091753932895018
meningioma,axial,2744.0,450.48737341529164,0.7430273490387219,0.35709482732172254,0.8888888888888888,710.5035211267607,0.8955279686725457,0.31937272249562665,0.4822453394316568
meningioma,axial,3464.0,382.71782079359116,0.8409808205875212,0.34123325174474833,0.9722222222222222,668.2879499217527,0.9189967106785365,0.2524892769489414,0.5170289332355523
meningioma,axial,7215.0,828.033621333629,0.777143472641103,0.7081010307672141,1.1538461538461537,366.0525080906149,0.9319816557389657,0.3656426182808351,0.4698513457684795
meningioma,axial,648.0,176.65180361560903,0.6742976066597295,0.6835082914076501,1.1875,1479.0709677419354,0.8218097688121645,0.3599598377701216,0.4358750142169704
meningioma,axial,3691.0,687.8254685319159,0.6944496707431796,0.7973298776336349,0.6923076923076923,470.279935275081,0.9137949213389949,0.4293463571510603,0.6153345489254483
meningioma,axial,4349.0,662.6599923110721,0.7034940148819152,0.5616610835788731,0.9166666666666666,583.292105263158,0.8956933999320066,0.4155179836833949,0.6153509803101678
meningioma,axial,5555.0,632.3757210636101,0.8105939004815409,0.4761963391203806,0.9166666666666666,246.45263157894738,0.9501714277463263,0.27606950643195755,0.5510859841274706
meningioma,axial,3527.0,531.1208870676711,0.7890380313199105,0.4496008182079583,0.9,459.23136427566817,0.919153932121514,0.29462979250583793,0.4756242196660265
meningioma,axial,6509.0,652.5533905932738,0.830653394589076,0.3768889603184682,1.0,454.76096491228066,0.8709770307519076,0.23715877191603532,0.5580308597385878
meningioma,axial,9337.0,723.2935059634514,0.8367987094461373,0.23649576510962278,1.0,317.3625350140057,0.9139179510134251,0.30762848614317845,0.6198139637484064
meningioma,axial,11148.0,742.8498551495554,0.8458270106221548,0.3217736301123239,0.9411764705882353,258.92777777777775,0.9338111576358481,0.32144215864336984,0.6210904269434959
meningioma,axial,8470.0,800.9980874276962,0.8133282120222777,0.504167699005757,1.1538461538461537,460.9127022653721,0.9298395112712515,0.2683615492292486,0.3879381570674036
meningioma,axial,10111.0,838.0630585851519,0.8535370589228432,0.24257297021421367,1.0666666666666667,319.0256039915967,0.9312809312820484,0.3031348830750795,0.5758047495070586
meningioma,axial,5111.0,702.6244584051392,0.7725211608222491,0.34197603570121077,0.9090909090909091,1120.2936781609199,0.8069248885353096,0.18787390604146598,0.402933270056046
meningioma,axial,1676.0,312.4629867976521,0.7344434706397897,0.5891876876557992,0.8571428571428571,1355.7753787878787,0.8537761521200491,0.2739308197488272,0.39174787209506556
meningioma,axial,4158.0,443.0376259469858,0.8394912174439734,0.5165209020007218,0.9,580.7841068917019,0.9318147573685637,0.20815693066399465,0.39496035519672923
meningioma,axial,4597.0,499.8010819142763,0.8290351668169522,0.44471490543015363,0.9302325581395349,728.2772988505747,0.9273118820478653,0.27601978923394516,0.4258596075758345
meningioma,axial,2330.0,317.3919189857867,0.8268275372604684,0.5980871361994863,0.828125,1187.8333333333333,0.8862422839723763,0.27227671916659435,0.4010025855891767
meningioma,axial,1977.0,280.32085117392114,0.8099139696845555,0.5764337703607053,1.0,470.0792207792207,0.9562667471733733,0.29645132983289124,0.4380156363478505
meningioma,axial,5124.0,510.4224022578361,0.832493907392364,0.13391660725513227,1.0,579.812565308255,0.9342138795125616,0.2765409250173637,0.44704108436355006
meningioma,axial,8830.0,853.6904755831214,0.8035308035308035,0.6793793491051711,1.3076923076923077,361.4350371216448,0.937843978195796,0.32163608880543376,0.44373686378147326
meningioma,axial,5004.0,547.7422074112307,0.8342780926975658,0.42700725693698566,1.1,739.8726985040275,0.9150752780211229,0.22463125451487254,0.400909671486096
meningioma,axial,3353.0,462.86605307173204,0.7837774661056568,0.4978254346521212,1.0,1232.594483568075,0.8829416014869322,0.2708728744199156,0.3987206536864407
meningioma,axial,2452.0,424.9310242291875,0.7598388596219399,0.7676290016079872,1.6666666666666667,934.1085106382978,0.8854975376500605,0.2666554006669353,0.3900374342086015
meningioma,axial,2491.0,388.1970055134198,0.7858044164037855,0.5048243658429991,0.835820895522388,678.5216297786721,0.9307548442761585,0.29765392622067394,0.4521781230491907
meningioma,axial,5457.0,594.7483040656405,0.8083246926381277,0.6596172561503505,0.7692307692307693,300.02815533980583,0.9477399320879764,0.2818834507759866,0.46963766773661714
meningioma,coronal,4454.0,638.9676041556468,0.7334101761896921,0.8834637288613809,0.6,645.5346638655462,0.9245384249744216,0.4194868573313152,0.535616559969361
meningioma,coronal,7382.0,993.3300858899106,0.7604821263006079,0.6206113348043669,1.0,698.6340894465895,0.906244415721824,0.34887738052823003,0.501616795632778
meningioma,coronal,8598.0,884.7260094890541,0.7986994890849977,0.4525566577896343,0.896,528.2119656917886,0.9248950169623598,0.3428794959352703,0.4846823937087235
meningioma,coronal,8889.0,778.1513703397204,0.8008108108108108,0.5115483504167357,0.96,378.93097112860903,0.9451213291769645,0.3681037943724059,0.5095169865242939
meningioma,coronal,9044.0,1076.383909759073,0.7583431158812678,0.7640903871884931,0.8823529411764706,480.4511728395062,0.9260410298772199,0.39577546926231594,0.5219651190250986
meningioma,coronal,1897.0,359.78279195104676,0.7630732099758648,0.6666973352959863,1.3333333333333333,1152.6486037234042,0.8848304346605589,0.29466510592633327,0.41543485196537683
meningioma,coronal,1556.0,331.2264427649427,0.7491574386133847,0.631772339585557,0.8571428571428571,1189.082196969697,0.8722402033007677,0.2994860199539239,0.40567214585786915
meningioma,coronal,2056.0,393.0315292925759,0.7219101123595506,0.8018445541175132,0.6,936.6722046413502,0.8768951874499651,0.3623309278928046,0.4617529081461571
meningioma,coronal,2255.0,495.0792565073284,0.6749476204729123,0.6481481213083526,0.717948717948718,821.9272151898736,0.852001271643794,0.4033692436153659,0.5218155511213723
meningioma,coronal,2518.0,432.41630560342617,0.7903327055869429,0.5623217966096253,0.8,707.8033199195172,0.8916729621459821,0.29006049755801366,0.4221532977174166
meningioma,coronal,4434.0,578.1269837220809,0.8194418776566254,0.5442000728373995,1.0,1053.9988924050633,0.8899739108023319,0.23061674935381174,0.42739209364320285
meningioma,coronal,6787.0,573.541197284454,0.8463648834019204,0.416049876184814,1.0,392.2202850877193,0.9464548268151752,0.20163325883400515,0.47621010909750827
meningioma,coronal,7925.0,665.6183617507293,0.8683028377341953,0.4733703731738144,1.0769230769230769,236.15889389736475,0.9654389930588662,0.2717453867307215,0.5423946443241803
meningioma,coronal,8029.0,630.4884194358182,0.8511608184034771,0.4578020144530466,1.0769230769230769,259.7897018030513,0.9629935906977887,0.26170527452022824,0.5157437318812046
meningioma,coronal,6968.0,645.2752160002217,0.8529807810013466,0.4882080590443232,1.0833333333333333,381.0817813765182,0.9548197562976135,0.24470419006422484,0.4694534052686883
meningioma,coronal,3987.0,464.2152954766495,0.8413167334880777,0.5948628484483794,1.25,679.930753968254,0.8955438495378502,0.15786856937903382,0.4237342130631255
meningioma,coronal,3637.0,662.659992311072,0.6627186588921283,0.3953477951574096,1.0,655.5555120167189,0.9086885413622829,0.4667178305253357,0.5871420688968203
meningioma,coronal,5331.0,638.4823227814084,0.8404540438278417,0.20536722980883518,1.0227272727272727,540.6320641762452,0.9252171630592937,0.3102693739833529,0.5138331292361389
meningioma,coronal,6580.0,606.7188668141177,0.8541017653167186,0.5824930885858759,0.875,336.56755663430425,0.9389943260078077,0.2957871396231391,0.5540529437320499
meningioma,coronal,6520.0,555.564537881567,0.8231283928796869,0.6200300275859422,0.9711538461538461,290.23160941000754,0.9558184294561599,0.35404639561661777,0.5973411290778806
meningioma,coronal,5555.0,638.1747109368334,0.796987087517934,0.643495936015853,0.8461538461538461,427.53309796999116,0.9378463686923187,0.33797055859515823,0.5709793093158041
meningioma,coronal,3476.0,706.9087296526011,0.6454967502321263,0.6089394249616333,0.8080808080808081,374.7575242718447,0.9425520254045356,0.5147300917456428,0.581820236444686
meningioma,coronal,2264.0,482.90768363207457,0.6841946207313387,0.6196931239615772,0.7,626.8594032549729,0.9385780740373324,0.4077511778229465,0.4964431182753827
meningioma,coronal,2132.0,491.25692603699207,0.7178451178451178,0.7634502162104113,0.7361111111111112,583.0354627766599,0.9311038098728092,0.3776802276765036,0.44961632862684453
meningioma,coronal,1158.0,269.4568901432422,0.6605818596691386,0.5895785303619436,0.7142857142857143,1184.7222727272726,0.8716047834302288,0.3638551898400704,0.44483308485136314
meningioma,coronal,1146.0,277.35028842544403,0.7388781431334622,0.8318022387622733,0.7272727272727273,803.9182539682541,0.8898277417175725,0.4409863162173571,0.5139498682808549
meningioma,coronal,1578.0,333.2975105768082,0.676962676962677,0.5803100060772303,1.0,1355.3318181818183,0.8308846480239174,0.3943009050767038,0.4995219496658416
meningioma,coronal,5007.0,577.0264786586926,0.8277401223342701,0.4029719277789854,0.9775280898876404,466.84270334928243,0.929508409393954,0.3389321719311058,0.5768221768800079
meningioma,coronal,4625.0,534.7005768508881,0.810692375109553,0.46557083649830927,1.1,418.81962025316454,0.9367236042567357,0.27592175171414296,0.5259689787327083
meningioma,coronal,2932.0,408.1736649163069,0.8072687224669604,0.5015697760399865,0.8888888888888888,448.94894366197184,0.9422796976575776,0.29726875302732514,0.5028066365650523
meningioma,coronal,1834.0,369.12593770155434,0.7413096200485044,0.5384503731855584,1.0,818.2535714285715,0.8820538007949558,0.3096223978702847,0.42550736739518374
meningioma,coronal,1348.0,268.56349186104046,0.7322107550244432,0.7405736135237183,1.3333333333333333,1346.053951367781,0.8523183570630096,0.39258431129273874,0.4869408883720181
meningioma,coronal,1932.0,396.48127676088177,0.6724678036895232,0.6029185927675073,1.1428571428571428,970.4352272727275,0.8883613939553014,0.3644457877102605,0.46192704868580287
meningioma,coronal,2471.0,401.0315292925759,0.7349791790600833,0.81180099987438,1.0434782608695652,642.5888106416276,0.9033759047932683,0.44243196073564606,0.5308895095817545
meningioma,coronal,2832.0,421.65284963613556,0.7895177028157234,0.7629053201957546,0.8888888888888888,631.583846830986,0.9037029109430551,0.2985329300035528,0.4302268810042346
meningioma,coronal,2583.0,501.8010819142764,0.7382109174049728,0.6902236832698497,0.8888888888888888,630.1397447183099,0.8880136228466928,0.33803225232733985,0.44055127924038195
meningioma,coronal,1299.0,292.94826817189073,0.7113910186199343,0.5983882084235399,1.0,492.0447695035462,0.8929713504398475,0.3104593600979377,0.44324365225102635
meningioma,coronal,615.0,156.43250352560273,0.7044673539518901,0.750032996145573,1.6666666666666667,1134.3228260869566,0.7174650472939399,0.20922995462658658,0.3599932856084317
meningioma,coronal,652.0,175.89444430272832,0.7228381374722838,0.33212205287661656,1.0,2781.845766129032,0.839863038190721,0.22721179365085223,0.2768813780260822
meningioma,coronal,1613.0,282.97770542341357,0.7622873345935728,0.683456770858994,0.8571428571428571,650.5829545454546,0.9485915032892348,0.29065941779572824,0.41951278432152284
meningioma,coronal,2832.0,526.7422074112308,0.7454593314030008,0.5520978211235671,0.8888888888888888,622.5525968309861,0.9410426389914904,0.28860283070515974,0.40085862663778377
meningioma,coronal,3541.0,407.8954903232549,0.8256003730473304,0.2754339589526384,1.0,585.3595461658844,0.9319814367596698,0.25760619572458926,0.4599674111128116
meningioma,coronal,3760.0,473.42240225783604,0.8140290106083568,0.43926052971558105,1.0,407.69256329113927,0.9500640226841689,0.3497255688133395,0.537042411713185
meningioma,coronal,3368.0,456.5584412271571,0.7945270110875207,0.4791613291809701,1.0,461.8478090766823,0.950372711667692,0.2821870006756252,0.48772142433995297
meningioma,coronal,2742.0,403.4751801064719,0.8112426035502959,0.5233648209342635,0.7777777777777778,333.17731388329986,0.969362862105709,0.2370584579127409,0.4054587035339532
meningioma,coronal,1754.0,341.0904037956216,0.7230008244023083,0.5906536470514333,1.0,354.01948051948057,0.9655964153137304,0.3461372452927447,0.4300917650444938
meningioma,coronal,2471.0,493.6650429449553,0.7074148296593187,0.7479654268992845,0.7,760.5140144665461,0.9352154240780263,0.358636638749955,0.4243530844810979
meningioma,coronal,4105.0,491.45793616376875,0.7798252279635258,0.5654112035364194,0.7934782608695652,438.3203197868088,0.9510017957442012,0.40603907416953133,0.47415506740139485
meningioma,coronal,2440.0,472.76554800834367,0.7409656847859095,0.6672644167757711,0.8888888888888888,835.5952904929577,0.9342948514294329,0.38809872941774054,0.45181789467974115
meningioma,coronal,4299.0,567.848809129029,0.8064153066966798,0.536832784683103,0.9090909090909091,483.7811781609194,0.941497827226181,0.31229592689289243,0.3946669446243886
meningioma,coronal,4354.0,500.31580054003786,0.8194993412384717,0.3807616211677993,0.9186046511627907,592.6238505747127,0.9419123848776677,0.3138629611516427,0.3878989951915029
meningioma,coronal,2832.0,302.53405460951757,0.8644688644688645,0.4056152021872733,0.9375,694.2380952380953,0.9116880535623425,0.2370811219571225,0.32886012445034846
meningioma,coronal,4468.0,486.9076836320746,0.8196661163089342,0.4692795270277829,1.0875,501.2840909090909,0.9449199487429792,0.30843871667400335,0.38481032412570454
meningioma,coronal,2824.0,361.78279195104676,0.8347620455217263,0.4069456780495622,0.953125,770.5205853174602,0.8737747709406688,0.2142206145832184,0.31474103611326987
meningioma,coronal,2486.0,352.85385976291224,0.8140144073346431,0.7399917619582538,1.032258064516129,1340.9310515873012,0.8427696173139045,0.31480171251315586,0.5088244294455289
meningioma,coronal,5163.0,715.8437584951455,0.7845312262574077,0.620382056409402,1.0909090909090908,952.3383620689656,0.8545996506206938,0.31658773787364797,0.5531023099004416
meningioma,coronal,6130.0,580.6417023478423,0.8310737527114967,0.6314837957340218,1.1704545454545454,532.1520778072503,0.8976796702840779,0.26393890794281527,0.523634421238038
meningioma,coronal,6044.0,621.5056633785213,0.8456695116832237,0.6673137314385487,1.2093023255813953,670.3616268788682,0.9013160610315655,0.277255281618291,0.5040275373010749
meningioma,coronal,4851.0,667.5594872476836,0.7949852507374632,0.6164162567930582,1.0909090909090908,937.3861350574713,0.875294445302686,0.34816583039361865,0.5114203519476564
meningioma,coronal,2809.0,437.0376259469858,0.7643537414965986,0.6822550635444324,1.125,461.28306878306887,0.886512619411282,0.30747519757839614,0.5005791520823307
meningioma,coronal,3263.0,429.0254326381661,0.7894991531575127,0.516122468896053,1.0285714285714285,338.4131455399061,0.9336030742783958,0.3013589872971712,0.5109209519855622
meningioma,coronal,5935.0,769.7787873376899,0.7861968472645383,0.7573174480972616,1.2727272727272727,478.0521346469621,0.9115617783561302,0.3338796648770016,0.4994042153158676
meningioma,coronal,6686.0,655.5828278447966,0.8346024216702035,0.734684383962888,1.2727272727272727,345.019499178982,0.9137891345008664,0.25846195558080914,0.4738688722671547
meningioma,coronal,5635.0,517.1503243191939,0.8557327258921792,0.7022720225589103,1.2,505.5979694092826,0.8994698670966431,0.20970873861288228,0.43271809884551654
meningioma,coronal,4444.0,504.3868683519032,0.8300336197235711,0.6718839257739139,1.2222222222222223,507.3858834827144,0.9107634008229764,0.23507265983291012,0.4570422509705423
meningioma,coronal,2738.0,475.3868683519033,0.7787258248009101,0.6580335085885675,1.0,1145.9315476190477,0.7836618171706167,0.24044502532367065,0.45521673392093803
meningioma,coronal,1597.0,328.74725804511405,0.7648467432950191,0.4918866979193168,1.0,727.3218085106383,0.920803220837782,0.19367625594168159,0.325971148069649
meningioma,coronal,2028.0,434.10259710444143,0.7618332081141999,0.5215666513311507,1.0,715.3175324675325,0.929613744765592,0.25334944221729894,0.38841960255519875
meningioma,coronal,1015.0,243.04267658086914,0.6721854304635762,0.6233372645318767,0.8333333333333334,814.8558510638298,0.9073402064975726,0.3313208592437725,0.4046122346049046
meningioma,coronal,1402.0,337.1614716074871,0.6635115948887838,0.9109175531507215,0.875,394.9200680272109,0.9124645033228691,0.5150247426942525,0.5787479520656618
meningioma,coronal,691.0,196.2020561473032,0.7462203023758099,0.7636882076076881,0.9142857142857143,1323.3461538461538,0.8091094729737859,0.3351634570788488,0.4544675607598299
meningioma,coronal,2854.0,426.8954903232549,0.8189383070301292,0.6597362133742453,0.7777777777777778,835.1312877263582,0.8392703840287329,0.2101734776666847,0.4411423270846716
meningioma,coronal,4023.0,532.4995667241114,0.8041175294823106,0.6248900191815997,0.8181818181818182,630.7105683269475,0.9048119927102083,0.29524041813272045,0.5758632969369145
meningioma,coronal,4084.0,442.167568261897,0.8317718940936863,0.5527919246121609,0.8372093023255814,344.24568965517244,0.9188018085516719,0.2905732687225671,0.6380236950828968
meningioma,coronal,3377.0,458.9015869776648,0.7873630216833761,0.32758070100393505,1.0,643.8125978090767,0.8852213616096917,0.2710747812770199,0.5436218818042899
meningioma,coronal,5882.0,709.6660889654818,0.8014715901348958,0.34860313411468363,0.9166666666666666,450.26578947368426,0.9157255490225192,0.23561923014371342,0.44995189667314306
meningioma,coronal,7335.0,802.0924958366746,0.8432973097263738,0.4528129203503352,1.1354166666666667,535.6203947368421,0.9274093631664299,0.2597162585284815,0.4725697654089813
meningioma,coronal,5299.0,767.193000900063,0.7766378425912355,0.5212771812765536,0.8712871287128713,491.6246690203002,0.9196842252430508,0.35377856926164175,0.5354843723391189
meningioma,coronal,6679.0,665.0092347159895,0.8308247294439607,0.6517177546932552,0.7857142857142857,466.15868140868133,0.916671581601474,0.26303183273926883,0.4602924094051425
meningioma,coronal,7874.0,934.016377390926,0.8038795303726392,0.620550737830401,0.75,408.0907972440944,0.9208087779916484,0.3044563960670627,0.5248250055681003
meningioma,coronal,5202.0,807.3056992722711,0.7362015284460798,0.7622507169962437,0.9230769230769231,581.0002022653721,0.9022449918732156,0.4187056380979817,0.5920537329020029
meningioma,coronal,9517.0,824.0691552395617,0.8061155344739963,0.43497424750314606,1.0714285714285714,764.1439939939942,0.9531835633397078,0.2453318771780166,0.41379634765843043
meningioma,coronal,1524.0,417.1025971044413,0.6376569037656904,0.8879865771452168,0.9142857142857143,1119.4311179577462,0.9187573459733129,0.5826570060642926,0.6067452207109295
meningioma,coronal,3945.0,483.700576850888,0.7706583317054112,0.7371619680417,0.8863636363636364,715.9165229885058,0.9137002648386585,0.3805284966531343,0.4396655253949058
meningioma,coronal,5428.0,546.2274887854693,0.8341785769171661,0.5506442789677477,0.9072164948453608,1451.5610795454545,0.9292134504304057,0.30747830911015417,0.443286643903067
meningioma,coronal,10350.0,862.4539315504119,0.8681429290387519,0.4138359318947128,0.9333333333333333,707.9045618247297,0.9109507101487395,0.18632533885861988,0.3998400028339246
meningioma,coronal,4105.0,499.0498192558056,0.8156169282733956,0.6049618548037466,0.9875,1127.60917721519,0.9003790629259829,0.281440020641548,0.3499268902792103
meningioma,coronal,7825.0,681.7310601229374,0.8534191296760825,0.41533307812289016,1.1666666666666667,563.9320488721804,0.9180912931789491,0.21988700393154914,0.49226984929750073
meningioma,coronal,4695.0,517.2152954766495,0.8223857067787703,0.7973394069598845,1.625,883.9308608058608,0.9230397784953843,0.22277550718944514,0.37335063786154865
meningioma,coronal,7076.0,819.7909806465098,0.7887637944487794,0.6774370163448863,0.8666666666666667,826.7190530058178,0.945174894614284,0.37753758582954183,0.5011596620759164
meningioma,coronal,4081.0,716.352380466497,0.734521238300936,0.776915601224189,0.8712871287128713,1693.269969108561,0.9279475402041275,0.49248803105250616,0.6701731495617685
meningioma,coronal,1524.0,294.5279579551077,0.7704752275025278,0.4279641648371957,1.0,2976.010638297872,0.8233345653075218,0.22961335192826487,0.33158636181955475
meningioma,coronal,5816.0,539.3340905032674,0.8402195897139555,0.7554136773293276,0.8461538461538461,353.1843556928507,0.9262485476502713,0.312142763266579,0.5457543283915494
meningioma,coronal,7032.0,711.5300499961609,0.8042086001829826,0.6714976842201913,0.8666666666666667,769.9873141564319,0.9489727091507503,0.3820510797929132,0.50567156504161
meningioma,coronal,5160.0,559.0203820042827,0.8468734613490891,0.6653760767372637,1.035294117647059,1603.4963427377224,0.9309219405606843,0.26571968340627955,0.419986225172971
meningioma,coronal,7971.0,921.2529214236354,0.7378505970563732,0.9003528617541112,2.0,1806.8151776384534,0.9346178355483769,0.4330979574228909,0.6449845166812772
meningioma,coronal,7740.0,802.920922961421,0.8178360101437024,0.3189444682838083,1.0,749.2835424710426,0.9379487859951388,0.3300513600772936,0.4359418595728506
meningioma,coronal,7639.0,637.2102448427661,0.8466142081347667,0.36553985402308836,0.9910714285714286,613.8997747747749,0.9495762466611192,0.34343700783339803,0.4483779823464137
meningioma,coronal,7651.0,657.4823227814082,0.8551469766402146,0.46187999031015864,1.15625,566.4129699248122,0.9205818107894808,0.23644293885535722,0.49912231641945015
meningioma,coronal,3607.0,394.71782079359116,0.8312975339940079,0.6055094755075165,0.8375,1375.227672292546,0.8869924421105104,0.2904088934212832,0.4342444212237385
meningioma,coronal,2473.0,341.2975105768082,0.7969706735417338,0.5821633231009564,0.9375,809.7140376984125,0.8883582008682109,0.3218801273022607,0.6065601855696323
meningioma,coronal,1859.0,376.13203435596427,0.7514147130153598,0.6949046300467145,1.0,776.2055194805197,0.8559930814232752,0.3121232760467573,0.45539748025286864
meningioma,coronal,537.0,189.92388155425118,0.6060948081264108,0.7676821299932323,0.7,654.6402243589743,0.8487098879601944,0.45680245726194624,0.5202733141062942
meningioma,coronal,9830.0,712.0803025278549,0.8826434407829756,0.6810370529727532,0.875,348.22511248593935,0.9339989538762417,0.2755544284882131,0.5577545578262331
meningioma,coronal,840.0,245.1787155501902,0.5853658536585366,0.8669343049310309,0.7407407407407407,873.8213636363637,0.8434595760035193,0.48719555019748634,0.5347629360383298
meningioma,coronal,4174.0,670.1808075912433,0.7165665236051502,0.4653581399996082,1.0,415.23354231974923,0.9440020654043666,0.390967026961362,0.479592093092161
meningioma,coronal,4122.0,486.87214972614186,0.805078125,0.8171547018863832,1.5,393.84060846560845,0.9352760165669427,0.2504746398046221,0.380930354694161
meningioma,coronal,2845.0,448.21529547664954,0.7885254988913526,0.6863631406024199,0.9027777777777778,653.277921047411,0.9070748135779163,0.36605157111468956,0.5250445237096404
meningioma,coronal,2690.0,427.5523445727472,0.7428887047776858,0.698625481860797,1.125,716.2848324514989,0.8923043866109792,0.3337206968492712,0.4897875905992305
meningioma,coronal,2028.0,426.2031021678297,0.7302844796543032,0.9126494173678533,0.4166666666666667,794.3381578947368,0.9170561676817038,0.3904959911619752,0.5145076708958258
meningioma,coronal,2420.0,456.5229073212244,0.7128129602356407,0.9280842626101229,0.36363636363636365,761.5709459459458,0.9216898894702892,0.3804527410955611,0.4971304108862554
meningioma,coronal,3045.0,524.3574311003804,0.6872037914691943,0.7896478793174784,1.0256410256410255,711.3026898734175,0.8785208378947184,0.4562363568625206,0.6007443903790471
meningioma,coronal,3077.0,578.547293938864,0.6721275666229795,0.7345083225495604,1.1111111111111112,912.5802816901406,0.8538228376700128,0.38242846951265386,0.5004436415464133
meningioma,coronal,2297.0,379.88939366884495,0.6869019138755981,0.812104990527551,1.125,896.241402116402,0.8790046415236957,0.4220306047242703,0.5414277572956567
meningioma,coronal,8850.0,751.2285348059959,0.8587230739375121,0.6812284163209931,0.8666666666666667,374.86441499676795,0.9102565888025511,0.23956603957012762,0.5235922493880276
meningioma,coronal,1952.0,420.5523445727472,0.6806136680613668,0.8170551622662013,1.0,1282.7899305555547,0.8624259481095767,0.4296135362313388,0.5283714429537938
meningioma,coronal,5631.0,626.2752160002218,0.8052338052338053,0.49720035801121465,1.0,403.772149122807,0.9186361438864735,0.3253675550947827,0.48201443465354216
meningioma,coronal,7533.0,844.9980874276963,0.8233686741720406,0.3968078216307651,1.0769230769230769,367.6408633841887,0.9364657792874366,0.2941179622400459,0.44475753609463997
meningioma,coronal,7631.0,772.7077195258245,0.8374670763827919,0.5125411945665694,1.108910891089109,334.5367545076283,0.940185128065475,0.28445961939410214,0.419182076718313
meningioma,coronal,7274.0,695.7726906832801,0.8389850057670127,0.7283137494213535,1.3636363636363635,330.6677203065134,0.9426651051410584,0.26043659698253113,0.3994085595508845
meningioma,coronal,6845.0,739.4295449327725,0.8003975678203928,0.7534871546321826,1.25,385.0929824561404,0.9377662352382654,0.3471571271699691,0.4728734549890345
meningioma,coronal,5380.0,680.1452736853106,0.8114630467571644,0.7663307527571014,1.1818181818181819,368.3976569407604,0.930783720503957,0.3534723890138447,0.5094048533623018
meningioma,coronal,2093.0,463.0376259469858,0.7082910321489002,0.7132513593352765,0.921875,1361.3234126984123,0.873834471725003,0.3908904049240134,0.49841887089181514
meningioma,coronal,2298.0,593.1330803764907,0.6662800811829516,0.8331882979493968,0.6363636363636364,955.2612889983577,0.8801108194841375,0.44245030641539024,0.5312772211582277
meningioma,coronal,1677.0,382.9898987322333,0.7368189806678384,0.5893083946731401,0.8571428571428571,828.1768939393942,0.8962574019678193,0.2821531133299788,0.4374190897043365
meningioma,coronal,5422.0,607.2335854398791,0.8179212550912657,0.7611810653536236,0.7692307692307693,504.30606796116507,0.8805718226733156,0.2864539157735568,0.5442016500171598
meningioma,coronal,2014.0,465.03762594698577,0.7614366729678639,0.21043446106141514,1.0,820.5655844155846,0.8851943489343548,0.2545052810863857,0.42362161559775374
meningioma,coronal,4702.0,570.0975464705581,0.8443167534566349,0.3917519030601286,1.0,562.9386075949367,0.912671001261805,0.1931678205134332,0.39789140490558117
meningioma,coronal,4910.0,601.541197284454,0.8320623623114727,0.5006962025649861,0.8602150537634409,613.8314473684211,0.9246471776623151,0.28945672797228456,0.48504440450667646
meningioma,coronal,4103.0,579.2985565973347,0.8155436294971179,0.41065954256007825,1.1111111111111112,621.1727112676057,0.8951650549335355,0.20985394850097083,0.39702265511617074
meningioma,coronal,2924.0,491.5290039756342,0.7735449735449735,0.5829730778968161,1.125,879.9999999999999,0.8729444334599801,0.2729888964855476,0.4259404775584482
meningioma,coronal,422.0,164.6812408671319,0.6196769456681351,0.6511593798164769,1.103448275862069,1348.6441532258063,0.7817976334727605,0.46263901642785377,0.5148251912233329
meningioma,coronal,3873.0,579.7483040656406,0.7552652106084243,0.49707437953745554,0.875,462.6277298850576,0.9155887394357711,0.38264796064386936,0.5443162195648951
meningioma,coronal,5423.0,526.0437226013956,0.8580696202531646,0.4322135057430133,0.9090909090909091,269.29767587939705,0.9582578953320535,0.6025183517393663,0.7097303570039787
meningioma,coronal,6040.0,574.3279938488575,0.8328736900165472,0.37776757370383307,1.0909090909090908,512.8641044061303,0.9211403160353685,0.22608100274152215,0.4233471535889323
meningioma,coronal,5345.0,589.2335854398791,0.834634603372892,0.29071719225438264,1.0,458.4514106583073,0.9215604000399368,0.24711245655358047,0.4412410212966176
meningioma,coronal,4980.0,530.7422074112308,0.8033553798999838,0.4215592481806303,1.0,416.2762539184953,0.937133055318159,0.2892742292100682,0.510674259948382
meningioma,coronal,3301.0,643.2457787486989,0.6423428682623078,0.8352448417559625,0.7755102040816326,709.9797330097089,0.9247720796883715,0.5335089281173309,0.6000879918131111
meningioma,coronal,4782.0,698.914826307011,0.7712903225806451,0.766852598373832,0.9166666666666666,799.98504784689,0.9136477073525328,0.3658424624673224,0.49319922455466525
meningioma,coronal,4026.0,622.097546470558,0.7161152614727855,0.807300489568981,0.9456521739130435,545.3188995215311,0.927275947604494,0.46112534054354354,0.5633042167012369
meningioma,coronal,2982.0,596.5828278447966,0.6998357193147149,0.6305540268212799,0.9125,676.7110759493671,0.9129882557195608,0.45183029378818107,0.5104943578010607
meningioma,coronal,1528.0,306.4274528917194,0.7892561983471075,0.6956042267126913,0.7142857142857143,1132.317727272727,0.8450971399001375,0.21912344156805336,0.4117354684093599
meningioma,coronal,2433.0,428.10259710444143,0.7513897467572576,0.5367814161931415,0.875,725.5487528344671,0.8828003430832588,0.23336651682663492,0.4213002731246824
meningioma,coronal,2372.0,383.5107140124046,0.7731421121251629,0.5683340968863497,1.1428571428571428,1057.565909090909,0.8600552626554765,0.23482816039558102,0.3828433622147948
meningioma,coronal,2111.0,343.747258045114,0.759899208063355,0.7041601764348301,1.3333333333333333,1028.6652260638298,0.8580558985994615,0.21278712390559948,0.4015144468627069
meningioma,coronal,9153.0,1050.7270555095806,0.7830438874155189,0.6987781530513624,1.2710280373831775,570.5003312135666,0.8782007521974791,0.3438467794203445,0.5617361240026747
meningioma,coronal,9769.0,1134.691521603648,0.7590520590520591,0.656068754782893,1.2916666666666667,510.93965336134454,0.8984418452786276,0.4361750253853738,0.6069974411403453
meningioma,coronal,4887.0,492.70057685088807,0.839114010989011,0.27360416163913714,1.0625,389.39197353279627,0.9363288901604718,0.2475278712581061,0.4996795184134227
meningioma,coronal,5336.0,543.6061684419096,0.8451061133987964,0.45573129088854386,1.0,422.97727272727263,0.9085086947983244,0.2565957098872499,0.5083030227972071
meningioma,coronal,4733.0,608.6477990022522,0.7885704765078307,0.5700272016192657,0.8333333333333334,422.77184210526326,0.9018439846236868,0.30796474968713794,0.4868769772401304
meningioma,coronal,2039.0,377.7888886054567,0.767406849830636,0.5731835075363012,1.0,993.3948051948051,0.8568078646078412,0.2531147674709847,0.4005981748538215
meningioma,coronal,3420.0,524.2863632885148,0.7275047862156988,0.5670828015605118,0.9,85.38851983532933,0.9652200055334345,0.8941626756002785,0.9144538680231323
meningioma,coronal,4599.0,742.77269068328,0.7163551401869159,0.6529043647577261,0.7142857142857143,353.3980855855855,0.9439519395883266,0.4246404065562833,0.5798256220433965
meningioma,coronal,4788.0,562.3635277547903,0.7970700849009489,0.6143979764547794,0.7722772277227723,309.0008495145632,0.950359035298437,0.3629554508783049,0.5607066685327009
meningioma,coronal,4127.0,706.8376618407356,0.7234005258545135,0.7228218379401806,0.6428571428571429,372.3881381381382,0.9349146346567347,0.4122894613068706,0.5682237042565002
meningioma,coronal,3928.0,488.4934700697015,0.8311468472280998,0.6039855075008047,0.8,1117.3259493670887,0.8405569137226381,0.14462242521064392,0.27457107902678896
meningioma,coronal,4440.0,503.56453788156693,0.8164766458256713,0.16515183221241433,1.0,1399.6215189873417,0.820642788769946,0.23532625217077555,0.3686653871937683
meningioma,coronal,4860.0,579.1919548795365,0.8152994464016105,0.4627382922133295,1.1,1435.667577675489,0.7570076573788465,0.2245754745337493,0.36215435268521823
meningioma,coronal,3630.0,449.48127676088177,0.8318056828597616,0.3040791756539827,1.0140845070422535,503.58059467918616,0.9196247830991391,0.22561248929521005,0.4509094371631074
meningioma,coronal,3771.0,495.564537881567,0.7809070200869745,0.5729502752015302,1.2083333333333333,968.8894046094753,0.881510152925277,0.33912675487942234,0.443511720534562
meningioma,coronal,1945.0,316.0548698896889,0.7609546165884195,0.7383037951372469,1.1428571428571428,569.0741477272728,0.8808653023341052,0.3636093407040181,0.5109703268744848
meningioma,coronal,2546.0,411.3807716974934,0.7914205781784271,0.610705585983212,1.1428571428571428,666.5332386363636,0.8576693455746055,0.18220384789432964,0.4092654259144981
meningioma,coronal,2620.0,326.6406563273158,0.8264984227129337,0.5569701640374946,1.1428571428571428,467.5238636363636,0.8972926452025867,0.18011587681428448,0.4462589258416203
meningioma,coronal,2092.0,408.445742854949,0.6915702479338843,0.646505862691416,1.0,561.609375,0.8908731466772047,0.4080716638480634,0.5529651211335411
meningioma,coronal,1460.0,419.48127676088177,0.6681922196796338,0.6417812050828549,0.8571428571428571,962.8030303030304,0.881272924170557,0.33775582930508896,0.4488494877271241
meningioma,coronal,1952.0,347.7056274847714,0.7944647944647945,0.4387911755769429,0.8571428571428571,648.701893939394,0.885512319447426,0.1797539066116471,0.359993246678064
meningioma,coronal,6005.0,795.335136523794,0.7823084940072955,0.8330964524016605,1.1666666666666667,533.4323308270676,0.8960644494148154,0.38043839854147016,0.5576465522209758
meningioma,coronal,9176.0,793.0275246792191,0.8355490803132398,0.8164607087055424,1.0666666666666667,323.1585477941176,0.9412164304959989,0.35780565173538537,0.5543199838832248
meningioma,coronal,10550.0,759.3645737753168,0.8661029472128725,0.7884843077719403,1.0625,242.78560676239,0.9495309249562546,0.3529092228309283,0.6150594712061148
meningioma,coronal,3579.0,492.9787514439401,0.798705646061147,0.3092445383943008,1.0277777777777777,576.5730633802815,0.917597670848257,0.2946511241928284,0.48429000335186156
meningioma,coronal,11576.0,896.2823586751581,0.8564664101805268,0.6899212947753752,0.8888888888888888,280.6646634615385,0.939060258936151,0.32887405752102994,0.598274062568066
meningioma,coronal,12963.0,979.7148622007608,0.8406614785992218,0.5822763647798695,0.8653846153846154,204.85335738068815,0.948694280267466,0.36538076543121506,0.6212396539631687
meningioma,coronal,12343.0,956.8153672641492,0.8490163708900812,0.4723886143135996,0.9444444444444444,230.22218222953518,0.9294807925049012,0.326681785635198,0.5997166977059933
meningioma,coronal,9226.0,748.1930009000631,0.865884561238855,0.4744876278305534,0.875,336.9969769403825,0.9075530340902227,0.31306492812836423,0.5683750538082597
meningioma,coronal,3413.0,608.3818177180199,0.7374675885911841,0.48282482161543533,1.1111111111111112,473.318838028169,0.9163443758919848,0.3266501537985126,0.48345554140902275
meningioma,coronal,3945.0,565.0264786586926,0.7813428401663696,0.7260514931505632,0.8181818181818182,539.1427203065133,0.9389773474741613,0.3020083407125028,0.45377155383329904
meningioma,coronal,3189.0,582.2691193458119,0.7055309734513274,0.5764552322858161,0.9,704.3818565400844,0.9201812525403116,0.35621137514619344,0.4974395518020352
meningioma,coronal,4343.0,565.7422074112307,0.7818181818181819,0.5850839313983178,1.1,547.0817031070195,0.8981394095133884,0.32233339703572567,0.5403657239754811
meningioma,coronal,7020.0,715.1158364337876,0.8135357515355197,0.6727616092840946,1.1979166666666667,429.91219298245613,0.920733311772952,0.3344530017853046,0.5678948838041693
meningioma,coronal,8586.0,711.1869042456532,0.8662227602905569,0.5630637262665381,1.1214953271028036,312.0486486486487,0.9288512946214321,0.31430522916248266,0.607106463276428
meningioma,coronal,5019.0,582.6477990022522,0.8279445727482679,0.38697649066592654,1.0,378.3347701149426,0.938295941087942,0.2880716108179979,0.5196579739842402
meningioma,coronal,10164.0,964.3300858899106,0.8383371824480369,0.4292569853862406,1.0666666666666667,329.7134322478991,0.9196859105184637,0.29254374427251423,0.5906137736373187
meningioma,coronal,10553.0,1004.1585130146568,0.802814758463294,0.6164395292156241,1.4285714285714286,263.79369369369374,0.9337391273563863,0.366891971823334,0.6182186354236433
meningioma,coronal,10441.0,1043.0052301026326,0.824919017144663,0.5586605534665315,1.2857142857142858,306.8380880880881,0.9264905843896826,0.30547346959529487,0.584171498839847
meningioma,coronal,9609.0,864.0691552395617,0.8498275404616609,0.5677106339958679,1.2307692307692308,332.78117415048536,0.9132548943089968,0.22798783193826175,0.5488703008838225
meningioma,coronal,7813.0,857.4833688019348,0.7996929375639713,0.6252451031151958,1.2307692307692308,390.4254399271845,0.9195593598107196,0.35846377866149165,0.6097005194529239
meningioma,coronal,1818.0,356.7117241391813,0.7372262773722628,0.5825327276992334,1.0178571428571428,940.0210227272728,0.8436616546845798,0.389340138955198,0.4993948511032291
meningioma,coronal,3128.0,435.8954903232549,0.7831747621432148,0.569986604663235,0.8888888888888888,734.6890404929578,0.9095214506790078,0.23479492732143684,0.5052114833810661
meningioma,coronal,1390.0,205.9594154601839,0.8210277613703485,0.6296159902713452,1.2,997.2179487179487,0.8431272666677844,0.17876353346447754,0.38452644527984764
meningioma,coronal,5335.0,622.6833329081849,0.8397607429560837,0.3732639237824617,1.0,456.07876175548597,0.9297341055095916,0.2469106043737601,0.4561796578647017
meningioma,coronal,4617.0,508.66504294495536,0.8128521126760564,0.2608853204822486,0.9411764705882353,331.6772988505748,0.9451500766188012,0.2836172323328622,0.5029297194145368
meningioma,coronal,519.0,180.16652224137047,0.6298543689320388,0.4061972335884769,1.0,1200.2217741935483,0.7379903254024307,0.3441562375853249,0.42582828200150347
meningioma,coronal,3676.0,532.5584412271571,0.7695206196357547,0.3407626109847021,0.9625,522.2841772151899,0.9363301873662142,0.35511879699386356,0.5401322284240437
meningioma,coronal,2094.0,407.51681066681454,0.7729789590254706,0.6193214707423332,0.859375,571.1598639455782,0.9137344188062687,0.3311381301362709,0.48808336324687496
meningioma,coronal,1423.0,244.10764773832474,0.7985409652076318,0.4040687482520525,1.0,1274.064716312057,0.8828347353748331,0.2870999380491847,0.4276393854496764
meningioma,coronal,1685.0,325.32085117392114,0.7475598935226264,0.6435432405309769,0.8571428571428571,922.4689393939395,0.9165313050889747,0.2865607286313946,0.4038330673175464
meningioma,coronal,1401.0,224.90054095713822,0.7910784867306606,0.6586056517404154,0.9583333333333334,1200.6897163120568,0.8972385796729013,0.2891900839655482,0.4147275994714871
meningioma,coronal,1261.0,297.5990257669732,0.7255466052934407,0.6958480622192302,0.7272727272727273,1392.6595454545452,0.8756838255566941,0.2978564952045484,0.3729464384273746
meningioma,coronal,5119.0,619.4112549695428,0.7969796045461622,0.6212720429798687,0.9166666666666666,482.5078947368421,0.941744424606587,0.3384831948645924,0.509710148018032
meningioma,coronal,6140.0,621.4762261269984,0.8309649478955203,0.4410410535391338,0.8461538461538461,489.245145631068,0.9378726950674091,0.27104774383651886,0.49107760784295384
meningioma,coronal,6739.0,688.4173516239528,0.8199294318043557,0.3439785617901132,0.8807339449541285,424.6241554054053,0.953032610625917,0.31442716335078424,0.4895815186872828
meningioma,coronal,4793.0,795.2346314604057,0.7371577976007382,0.42924659510678176,0.8461538461538461,629.4534421888791,0.9433415030545758,0.40630093829533415,0.5167179950512193
meningioma,coronal,3196.0,545.1564209736038,0.7530631479736098,0.8402533399135341,0.59375,1357.0233918128656,0.834619404089979,0.3939095617313232,0.5216131298435382
meningioma,coronal,7124.0,713.6366517139589,0.8521531100478469,0.5878928880021946,0.9230769230769231,396.241707119741,0.8911572672495027,0.22667694227055413,0.513397207254623
meningioma,coronal,9998.0,887.8742417671949,0.8392512381432049,0.6887269653493903,0.8823529411764706,254.2535802469136,0.9346942829852105,0.34285757186649846,0.615795849699377
meningioma,coronal,11204.0,885.2173875177026,0.8366813531476365,0.7182140625742034,0.7643312101910829,271.22038784067075,0.9422614394653793,0.373358506228213,0.6320584541675149
meningioma,coronal,11255.0,934.8448045156721,0.8633783369131636,0.6906732603393853,0.8450704225352113,300.6386946386946,0.9329799530263486,0.30484405146922566,0.5672369740708992
meningioma,coronal,9965.0,869.8326112068523,0.859422164726175,0.6467950402910797,0.875,376.6540354330709,0.9120167430642242,0.2604341207510113,0.5424308239808147
meningioma,coronal,7242.0,736.1158364337876,0.8259580291970803,0.6611533635765965,0.8,299.86589635854347,0.9196373549402329,0.32122412096891023,0.6146307845215837
meningioma,coronal,5189.0,673.4528855298854,0.7989222478829869,0.7449430673937641,0.6428571428571429,394.11961961961964,0.9044217034009785,0.2956166681316194,0.5517392613838206
meningioma,coronal,2630.0,428.9665581351204,0.7509994288977727,0.5128011351968307,0.8888888888888888,562.6925616197184,0.9054290902865458,0.35239116133011844,0.5305236479821833
meningioma,coronal,2357.0,429.55234457274724,0.788294314381271,0.4643809813924227,0.875,683.543083900227,0.8596714171802358,0.23653122867479762,0.4278251297616712
meningioma,coronal,2410.0,392.64675298172574,0.7888707037643208,0.5996521060070088,0.875,830.1522108843537,0.8332123553925146,0.24177281785073293,0.45175502409941704
meningioma,coronal,12160.0,1465.7585848021565,0.7545296599652519,0.7512986763899774,0.9548387096774194,576.4627192982456,0.9348261308674568,0.4517180981277528,0.5544065866762956
meningioma,coronal,3674.0,608.961507501237,0.7364201242734015,0.5301726588786728,0.8181818181818182,409.35807790549165,0.9118525247311352,0.3510860532353245,0.5211722168938011
meningioma,coronal,3634.0,534.3574311003805,0.7791595197255574,0.39759390712676373,0.9,415.8134669479606,0.9091043996354864,0.2953165259459995,0.4974079071749372
meningioma,coronal,3121.0,401.9604614807104,0.8250066085117631,0.21630831567917863,1.0,516.8702876984127,0.8747892465845464,0.16476058642562916,0.3951743635270056
meningioma,coronal,2458.0,533.7777413171634,0.6967120181405896,0.7044067181980487,0.8888888888888888,488.5794454225352,0.9047531244714162,0.3839141609270883,0.5232773449511944
meningioma,coronal,788.0,196.06601717798213,0.6507018992568125,0.6085883687192964,1.0,927.6064102564102,0.8405182121350303,0.3889211442902053,0.4654596578783988
meningioma,coronal,7313.0,765.1574669941303,0.8130976206359796,0.5663318929328395,1.25,423.6600877192983,0.9129522188930592,0.3070637120675416,0.48426479002775574
meningioma,coronal,8556.0,781.7848839920997,0.8546598741384477,0.18135772767914446,1.0865384615384615,495.6349514563108,0.8874101173612281,0.2565498260179829,0.4812842260469841
meningioma,coronal,9464.0,987.3006486383878,0.842967845372762,0.6130673253255292,0.9333333333333333,396.3323079231693,0.896853684235815,0.24294628096594703,0.477637555087569
meningioma,coronal,8324.0,920.288455329568,0.8051847552718128,0.7308659252584571,0.8125,293.22713506965476,0.9146821191545127,0.32354623757936324,0.527262859139792
meningioma,coronal,7494.0,839.9919907732864,0.7753750646663218,0.7758208794037317,0.9333333333333333,334.49024609843934,0.9289975149921121,0.3936548237376779,0.6120786605800272
meningioma,coronal,7038.0,681.1158364337878,0.8310308182784272,0.47932076049300065,1.0,569.9821695294996,0.9368805045926122,0.291165580091866,0.4513544262143431
meningioma,coronal,5519.0,581.4406922210657,0.8552611188594452,0.3619392425815299,1.0,664.3291536050156,0.9199710573487843,0.2292762909408983,0.38756111176181474
meningioma,coronal,3058.0,411.9959953866432,0.8220430107526882,0.5312763698118887,1.125,725.7469135802468,0.9177821839194877,0.25057192565707287,0.4161242914836585
meningioma,coronal,9191.0,789.5128060534576,0.8551358392259025,0.6902355838466789,0.9333333333333333,350.94372749099637,0.9184692458128189,0.27169279046783373,0.5674354610642839
meningioma,coronal,4225.0,501.35743110038044,0.795668549905838,0.3135584718737968,1.1,516.9148446490219,0.9362729395974019,0.32956518456126327,0.5295789544727373
meningioma,coronal,3675.0,476.45793616376875,0.7709251101321586,0.3982278162494387,1.0389610389610389,546.4227848101266,0.936339571955055,0.3596110864423243,0.49904566368885594
meningioma,coronal,1057.0,216.75840533340724,0.7929482370592649,0.51848930762186,1.0810810810810811,1312.0326923076923,0.7611694200613652,0.21597380112988349,0.36832612207086696
meningioma,coronal,1186.0,267.04267658086917,0.7421777221526908,0.514273914363739,0.8333333333333334,931.3398936170213,0.8306259796733383,0.28058624079633543,0.41662845780836794
meningioma,coronal,6802.0,668.2457787486989,0.8385108481262328,0.3924185629749254,0.9230769230769231,553.4934263754045,0.9070041796095579,0.2603189914853506,0.48491035629939405
meningioma,coronal,11868.0,848.6549416771886,0.849595532965853,0.6799112198833027,0.8888888888888888,352.8669143356643,0.9432484306949076,0.3191332836898011,0.5419236481946943
meningioma,coronal,11948.0,859.033621333629,0.8483385401874467,0.6705796099661933,0.9444444444444444,357.46678321678326,0.9453994638620611,0.34959733851779884,0.557742564430352
meningioma,coronal,11235.0,912.6610383315985,0.8392470307014268,0.6991558116731601,1.125,332.59601924759403,0.9443249602649936,0.3510235942346796,0.569857197802342
meningioma,coronal,9075.0,863.1107857999043,0.806093444661574,0.7952944626458994,1.3846153846153846,270.96359223300976,0.9325126960927815,0.34411676778077976,0.5887243345349817
meningioma,coronal,10046.0,966.430590953299,0.835912797470461,0.5867203498943893,1.1333333333333333,474.005128521997,0.8902815453647466,0.33529596538069883,0.5532645509270373
meningioma,coronal,9889.0,815.3056992722711,0.857824427480916,0.6883329933190497,1.024,354.2672244094489,0.9395735978707038,0.3515014310321437,0.584217987208112
meningioma,coronal,12507.0,1005.9158723275375,0.8444969615124915,0.6036063209801793,1.1875,538.6943120596767,0.8927383967583338,0.3139221090215639,0.5200104041374938
meningioma,coronal,13654.0,975.8448045156721,0.8697369259188483,0.6013670393019447,1.1875,434.3867592208869,0.9143626192087903,0.255690702463167,0.43941803794121936
meningioma,coronal,12958.0,1147.8630944789018,0.8406643311275463,0.6400662316266321,1.2459016393442623,391.2497927890593,0.9100995981047633,0.28350057189821803,0.4928535681848227
meningioma,coronal,10370.0,975.3950570473662,0.8070038910505837,0.6540479918982038,1.3214285714285714,415.98660502607873,0.9168234821647654,0.34047127471346084,0.5080152171398433
meningioma,coronal,7707.0,968.9097756731278,0.7588617565970854,0.6685574033690239,1.4166666666666667,483.3510835913312,0.9135928726310758,0.35297945399001185,0.4725031831104556
meningioma,coronal,4057.0,603.9970414071697,0.7522714630076024,0.8264406277002432,1.75,483.4204931972788,0.9293463358223065,0.362435448012779,0.48221804053439976
meningioma,coronal,6709.0,688.1391770309008,0.8112454655380895,0.6374716512171021,0.8135593220338984,320.8004201680672,0.9428834180977025,0.36412252703244635,0.5676460446013842
meningioma,coronal,7018.0,679.4173516239528,0.8400766100071821,0.5874124569280486,0.8807339449541285,327.32075825825825,0.943324511562236,0.2900608544015925,0.5226048454147543
meningioma,coronal,6236.0,660.38181771802,0.8332442544094067,0.563592727911296,0.8461538461538461,373.8912180052957,0.9356168854750925,0.26208492151363294,0.4771131496778355
meningioma,coronal,4726.0,723.0153313703993,0.7682054616384916,0.7073582657497833,0.7207207207207207,534.2743243243244,0.9323236468943474,0.4074766595849201,0.5429248125807167
meningioma,coronal,1246.0,300.49852070358486,0.7470023980815348,0.6304223294207856,1.2,1786.9556623931628,0.7783612631105772,0.22811142599141213,0.36024218660679774
meningioma,coronal,6451.0,1082.111831820431,0.6823566744235244,0.5637951589166059,0.9333333333333333,733.4326980792316,0.905270862350645,0.4595912139159902,0.5702871026934077
meningioma,coronal,8410.0,1302.9291116568838,0.7342413130784006,0.6805641097336241,1.0625,571.6456113941639,0.9216517531805379,0.45877527725646006,0.5781546838394922
meningioma,coronal,9050.0,894.3767670841366,0.8085410524434915,0.3386620608457123,0.9333333333333333,417.0573979591837,0.9357822690659569,0.2767209783300833,0.437127304552128
meningioma,coronal,8517.0,841.4478348960021,0.8069926094371802,0.813580509618647,0.8235294117647058,424.99609788359794,0.9354903968257365,0.3968434216585342,0.5299184233699029
meningioma,coronal,5812.0,796.9797974644666,0.7530448302669085,0.7903634688675406,0.8571428571428571,566.713307057057,0.914909653471253,0.4029308790061362,0.5483220897296441
meningioma,coronal,4065.0,617.5533905932738,0.7679954657094276,0.8295563005269472,0.6153846153846154,771.1997876213592,0.8664109156838178,0.3121226417471632,0.47878699888162063
meningioma,coronal,1899.0,375.6467529817257,0.6973925817113478,0.6533549405754614,0.835820895522388,680.7082494969819,0.8833624597065176,0.4451563190286217,0.569058632111392
meningioma,coronal,3200.0,665.6305550595491,0.7062458618406533,0.742119025920514,1.0,745.1221518987343,0.8927115642939483,0.41771795285205815,0.5111966645414291
meningioma,coronal,6951.0,587.6061684419096,0.8692009503563837,0.4373686142587899,1.0,318.3882675438597,0.9547699110853659,0.1911743854961262,0.4732558609951192
meningioma,coronal,8110.0,710.4528855298854,0.8610255865803164,0.4740069639081623,1.0769230769230769,255.2161927877947,0.9614409556717591,0.25232076284610794,0.5301204140937298
meningioma,coronal,8264.0,706.2457787486989,0.8580625064894611,0.4504865015212341,1.125,220.12548543689317,0.9693040702113281,0.28945288820861226,0.5346827875732804
meningioma,coronal,4403.0,547.1503243191939,0.7962025316455696,0.6495282162123202,1.2222222222222223,639.2669654289372,0.9143403572058275,0.23498404870914585,0.47370328287577634
meningioma,coronal,1363.0,363.3980156401965,0.698974358974359,0.891105101042828,0.42105263157894735,1232.2290348101264,0.8817535827045608,0.3495804975537805,0.4547057551986535
meningioma,coronal,2459.0,496.0498192558056,0.6610215053763441,0.7982424951306761,0.6363636363636364,685.2719622331691,0.9201847910505248,0.42191886770446013,0.5505379696375743
meningioma,coronal,3320.0,505.6356056934325,0.7795257102606246,0.2850843363776149,1.0,920.4996087636932,0.8648937081772179,0.27669605219976606,0.4507330317539856
meningioma,coronal,6531.0,593.8843430349616,0.7915404193431099,0.5974709605080363,0.8571428571428571,348.1905030030029,0.9390193991160996,0.3450690904160355,0.5907716104009868
meningioma,coronal,6625.0,588.961507501237,0.8454568657478305,0.637594916538515,0.8727272727272727,302.8794106606606,0.9528457248799466,0.33935321709635374,0.5862939963082235
meningioma,coronal,5583.0,644.7960312803931,0.8134926417018796,0.6474558442658757,0.8461538461538461,402.60271403353926,0.9405314358303727,0.3378387096050245,0.571989116780846
meningioma,coronal,2319.0,450.93712088359746,0.6957695769576958,0.5986863090440355,0.7,542.8293399638336,0.9461444567978229,0.39849964322049025,0.4910165323619365
meningioma,coronal,2507.0,570.7483040656405,0.6494818652849741,0.7849676404132032,0.7272727272727273,434.9577945402299,0.9408422359611955,0.4795668247388585,0.5436014036477879
meningioma,coronal,1082.0,260.0071426749364,0.669969040247678,0.3902758281506593,0.8333333333333334,1410.4127659574465,0.8492482273765882,0.30335568528905676,0.39728753382231885
meningioma,coronal,1149.0,272.73506473629425,0.6699708454810496,0.8325063508311985,0.625,719.2781746031745,0.9021752446818532,0.4520780975937798,0.5195991598981518
meningioma,coronal,1585.0,329.19700551341987,0.7082216264521894,0.5495391997189428,1.0,1119.1545454545455,0.8594549480308482,0.408204499888387,0.5213398918212784
meningioma,coronal,4855.0,644.3107499061545,0.7931710504819474,0.3104813172267162,1.0,612.7543103448277,0.9047880048887761,0.3045906857522271,0.5592328888472036
meningioma,coronal,2979.0,384.4396462005392,0.8275,0.43118809104077865,0.9846153846153847,415.7794894366197,0.9448560435216674,0.28120216763846084,0.489045393718354
meningioma,coronal,1670.0,378.1614716074871,0.6923714759535655,0.618048290721064,1.0,857.4363636363636,0.8815488836835038,0.356833913010115,0.46315789194364865
meningioma,coronal,1467.0,317.8061325481598,0.712135922330097,0.7121075371909126,1.4,1110.5755494505497,0.8733708657184497,0.24619929733934096,0.3760414132956671
meningioma,coronal,2271.0,433.00209204105306,0.7168560606060606,0.7848462749822919,1.0,862.3005952380953,0.8745296501547086,0.3498904970081649,0.45563185213760543
meningioma,coronal,2937.0,495.1503243191939,0.7579354838709678,0.7149523587476392,0.8888888888888888,652.0149647887323,0.8961878881499199,0.2698691118269883,0.40768602259436837
meningioma,coronal,1305.0,339.29751057680824,0.6664964249233912,0.6271033412237081,1.1666666666666667,516.705547112462,0.887220984637702,0.4053900625816561,0.5234634550138788
meningioma,coronal,743.0,238.35028842544403,0.6736174070716229,0.6943779638524965,1.25,1283.9185483870967,0.6820083658082631,0.2707384302360116,0.3937191036239362
meningioma,coronal,733.0,213.10155108391487,0.6633484162895927,0.6083706595379511,1.25,2520.9346774193546,0.8491737870618411,0.26189260037487394,0.30107747307896787
meningioma,coronal,2721.0,480.1503243191939,0.7485557083906464,0.5258866083742987,1.0,679.0585317460318,0.9345389001140972,0.23986135545452608,0.3683365678647344
meningioma,coronal,3075.0,378.3391411371508,0.8137073299814765,0.51947154180357,1.0,646.6206964006259,0.9327288515748497,0.33866200360464077,0.5215329287961304
meningioma,coronal,3665.0,480.55844122715706,0.7723919915700738,0.2999733293154008,1.0256410256410255,435.08971518987335,0.9472226165052686,0.36313675503329695,0.5477800687805964
meningioma,coronal,2707.0,417.2741699796952,0.8173309178743962,0.46162834521189494,0.875,397.2825963718821,0.9599806192805331,0.16455747804804371,0.3524637280526759
meningioma,coronal,1521.0,287.5990257669732,0.6926229508196722,0.6849845112405805,1.2727272727272727,528.7727963525836,0.9513345181695367,0.30604474790158953,0.3975490231017967
meningioma,coronal,4410.0,573.5117600329312,0.7762717831367717,0.5126350942447528,0.84375,430.24856459330147,0.94944098303739,0.41526628372541974,0.4816525646935313
meningioma,coronal,2702.0,599.3757210636101,0.7199573674393819,0.634003141887072,0.8205128205128205,628.565466772152,0.9480497045662709,0.3921113914956572,0.4549588066012132
meningioma,coronal,4979.0,674.8082245892127,0.7889399461258121,0.5094580536996441,1.0,417.4067398119123,0.9459105337506388,0.28409973682821815,0.3765607716487186
meningioma,coronal,2887.0,369.4396462005392,0.8481198589894242,0.2966527810416064,1.0,783.5372023809523,0.8981168660872677,0.22108566732252444,0.3145533079312359
meningioma,coronal,4446.0,557.3696244092002,0.8015143320713899,0.49299799986839155,0.9090909090909091,625.7099137931035,0.9304662190862973,0.2972430134643633,0.37433416158582616
meningioma,coronal,3008.0,452.14422766478407,0.7980896789599363,0.48729551923122305,0.9142857142857143,697.4341989436622,0.8877526584347126,0.2588198923806643,0.34864745580479933
meningioma,coronal,5584.0,645.4173516239528,0.8046109510086455,0.6467809841763872,1.1818181818181819,742.9796640141468,0.8854713055893215,0.3326930871661436,0.5637501252827674
meningioma,coronal,6746.0,757.0630585851518,0.8063590724360507,0.67735018672575,1.3636363636363635,533.7908045977013,0.8998909993602995,0.2976489837035281,0.5309331273673964
meningioma,coronal,4848.0,578.3340905032675,0.8185041364173561,0.636039677079969,1.1625,830.7728111814345,0.8836829938940653,0.29805929541840903,0.4818522821495025
meningioma,coronal,3077.0,438.96655813512035,0.7819567979669632,0.6812835326300413,1.0,332.00489045383415,0.9157978320497069,0.3393358172094581,0.5248127687051494
meningioma,coronal,3503.0,540.8721497261419,0.7738016346366247,0.5348967328722286,1.1111111111111112,402.2017605633802,0.9189095503278156,0.3150044456568425,0.5109044406643287
meningioma,coronal,6851.0,656.2752160002217,0.8331509181563906,0.7565085562446617,1.2727272727272727,327.80839490968805,0.9150255749856482,0.24597041222641688,0.471491723839595
meningioma,coronal,6127.0,655.4173516239528,0.8301043219076006,0.733744411435483,1.4,487.52203887884264,0.9085660448617221,0.2512057969281919,0.4561107004319195
meningioma,coronal,4663.0,538.8843430349616,0.7958696023212152,0.6454079932934257,1.0875,541.8019275028769,0.9078798344428552,0.2739640753165396,0.48075089098411217
meningioma,coronal,3146.0,615.0620125646253,0.7926429831191736,0.4738750813773982,0.8888888888888888,898.2304137323944,0.8269505646617807,0.2309373024067156,0.427845629387025
meningioma,coronal,1599.0,298.2558800164656,0.7959183673469388,0.5101309881575979,1.0,744.7770390070922,0.9178841806376951,0.19057113582654853,0.3226946894188839
meningioma,coronal,1950.0,435.03762594698577,0.7420091324200914,0.49611965609072767,1.0,831.776948051948,0.9196017670752236,0.2659845999064942,0.40581356200865726
meningioma,coronal,1420.0,375.8183258569795,0.639063906390639,0.9097950542038152,0.8,360.1373239436619,0.9168258503751644,0.5610846265252535,0.6174615547637238
meningioma,coronal,957.0,250.6579002700189,0.6186166774402069,0.8015670104493459,0.7142857142857143,761.9777272727273,0.883456706004444,0.46876761674885,0.5481966287646504
meningioma,coronal,2960.0,459.1503243191939,0.7771068521921765,0.6097139396857882,0.8888888888888888,877.2077464788732,0.8410296348117554,0.26148033780310803,0.47275942969612794
meningioma,coronal,4260.0,567.1919548795365,0.7906458797327395,0.5265846962198796,0.9090909090909091,387.7234195402299,0.9104364441363159,0.3283218103337603,0.6446529897324302
meningioma,coronal,3559.0,450.35133444597056,0.8204241585984324,0.38315066705940143,1.0,647.3656103286386,0.8758155142052072,0.23635433352339152,0.5160763513445701
meningioma,coronal,7437.0,767.5361466505707,0.8275286524980527,0.47233837506333015,1.2395833333333333,444.96912280701764,0.9417270597333302,0.2996493346582924,0.5045622535343034
meningioma,coronal,7204.0,730.2874093090415,0.8447467166979362,0.49916575816004605,1.0833333333333333,542.5792510121457,0.933979378042188,0.21907343532494383,0.39518540254262563
meningioma,coronal,5397.0,565.541197284454,0.8163666616245652,0.4016802272203741,1.0909090909090908,637.5506465517241,0.9297781383585028,0.30285673232944044,0.4438285244096901
meningioma,coronal,4242.0,480.866053071732,0.8063105873408097,0.3263440430559209,1.1,473.70886075949363,0.9409601782897212,0.32805200947497926,0.5330705379614175
meningioma,coronal,3950.0,466.7594513539338,0.822402665001041,0.41610431105082335,1.125,487.9480330257407,0.9381830263588826,0.29346814651111686,0.446317103677236
meningioma,coronal,1412.0,315.8061325481597,0.7274600721277692,0.7018235079841753,0.96,885.7068181818182,0.8422868835257202,0.3530965440520306,0.4577244183990211
meningioma,coronal,6817.0,734.9503602129438,0.8225144787644788,0.41540721882885057,0.8888888888888888,570.7688626126127,0.9089808774648928,0.3079179759290236,0.5150300562989063
meningioma,coronal,4760.0,551.1919548795365,0.8005381769256643,0.5741540010332701,1.0,346.6550417972832,0.9438409229004592,0.32269967280929585,0.5771563223456515
meningioma,coronal,11993.0,921.3534264870236,0.8387886417680794,0.6728403485158874,0.9930555555555556,358.2379564879564,0.9459306966532077,0.3809503275334829,0.5801228438198802
meningioma,coronal,11201.0,949.6082604829626,0.8423704595021433,0.7161489169100916,1.125,360.065780839895,0.9392827238429485,0.34941817280042387,0.5707054804098661
meningioma,coronal,8436.0,819.2701653663383,0.802206162038798,0.8167444811815773,1.3076923076923077,375.693389491719,0.907493812492926,0.355166519850866,0.612357059785387
meningioma,coronal,9918.0,963.4366876077089,0.8183843551448139,0.5769793613360138,1.1333333333333333,416.6999505684626,0.9026503886035526,0.34623724338168643,0.5672886285752887
meningioma,coronal,13195.0,1078.4905114768712,0.8539900330075724,0.6660088184505522,1.2421875,439.32977362204724,0.9115311770161372,0.31042758433068196,0.5120808245467049
meningioma,coronal,13615.0,1066.7920266670362,0.8405358686257562,0.5922631101598487,1.0555555555555556,433.6093117408907,0.9209345365792154,0.33515877906145375,0.49883279092983807
meningioma,coronal,1221.0,279.04267658086917,0.7574441687344913,0.5790022620426617,1.2,1589.0502136752136,0.8049205361746461,0.24632556573392236,0.37019625342781
meningioma,coronal,11621.0,1532.084486609961,0.7718004914657635,0.5742377453647152,1.1875,579.3162038955658,0.8767226974797623,0.33954574506625507,0.5301640609634893
meningioma,coronal,10065.0,1191.3250352560271,0.7369307365646508,0.619783238503445,1.1640625,390.92157065893076,0.9237148622936489,0.432731369387126,0.5764805692595253
meningioma,coronal,4131.0,603.2752160002217,0.7664192949907236,0.8659630345427752,1.9672131147540983,443.0641534391535,0.9341504044078952,0.39071709707691277,0.502253748562527
meningioma,coronal,6809.0,795.5422433049805,0.8100166547704021,0.6570847740859554,0.8,353.999912464986,0.9359538066045469,0.3543422718947669,0.5566334667288432
meningioma,coronal,5895.0,692.6366517139589,0.8047781569965871,0.4958170538496629,0.9230769230769231,371.3983616504854,0.9425674416249169,0.36009865366168886,0.5484067685524296
meningioma,coronal,4667.0,684.1452736853105,0.7316193760777552,0.729575651137466,0.6666666666666666,450.345693277311,0.9427303612270711,0.456991309155049,0.583854353348029
meningioma,coronal,993.0,326.0904037956216,0.5810415447630193,0.8681074167976676,1.1666666666666667,1022.2986322188449,0.8127375149838737,0.5374891109130562,0.5826028972493241
meningioma,coronal,4144.0,530.1564209736039,0.8018575851393189,0.7900405078306347,1.5,389.6521164021164,0.9361167483596659,0.2513591624191586,0.38085248310484937
meningioma,coronal,3108.0,557.5056633785213,0.6865473823724321,0.7422728092511929,1.0126582278481013,615.1231012658228,0.9084313039007981,0.43252620572960154,0.5641496625990868
meningioma,coronal,2761.0,453.76554800834367,0.7616551724137931,0.705255471236301,1.125,235.37091149591149,0.9391569306097254,0.7918406275682552,0.8381244320640778
meningioma,coronal,2008.0,421.3452377915607,0.6695565188396132,0.9298135770732655,0.38461538461538464,946.0247572815533,0.8991612820481278,0.42757570483270235,0.5451869012935737
meningioma,coronal,2348.0,474.07315985291854,0.6823597791339727,0.9395296419997536,0.3418803418803419,909.8800420168068,0.9060919955663,0.4228214276893936,0.5319319979939783
meningioma,coronal,3952.0,888.7676400493966,0.5754222481071637,0.8101861565553954,0.9230769230769231,558.9475121359222,0.8929104935784143,0.535780273396847,0.6427078834237969
meningioma,coronal,2471.0,449.9726547895302,0.7005954068613552,0.8209792436146219,1.0285714285714285,819.9133411580596,0.8852891051963195,0.4503370582726549,0.5588106447307072
meningioma,coronal,2548.0,530.5706345359769,0.717948717948718,0.6686221014197641,1.125,906.4318783068783,0.894347160487418,0.3469897530914573,0.44638138515672826
meningioma,coronal,5566.0,633.4823227814082,0.7952564652093156,0.47867955189910577,1.0,386.6580043859649,0.9222852170950788,0.33672656481390006,0.49421415575461863
meningioma,coronal,7719.0,738.1280297426074,0.8391129470594629,0.5098404241661153,1.0769230769230769,293.0305131761442,0.946753068257295,0.2835806322889945,0.41928061526961696
meningioma,coronal,7700.0,738.6011178080263,0.875995449374289,0.7084945526427474,1.3636363636363635,336.2405172413793,0.9365094749286256,0.21160791331644913,0.3600273887307928
meningioma,coronal,5714.0,609.7604973744603,0.8118783745382211,0.7465983007042173,1.1666666666666667,282.2232142857143,0.9459419783809795,0.41789672945214545,0.5608497297766591
meningioma,coronal,2015.0,395.5462479183374,0.7105077574047954,0.7532817495934575,0.7777777777777778,1259.2874748490947,0.8865034772760819,0.41618885865535576,0.5257284942198348
meningioma,coronal,1474.0,424.7239174480011,0.616994558392633,0.7924881805201726,1.0,1097.5048701298701,0.8803539877118591,0.427154658419499,0.5168847808977499
meningioma,coronal,2011.0,422.2741699796952,0.7517757009345795,0.3123477767475219,1.0,706.8590909090909,0.9007498208713032,0.268884001803829,0.44044929082730494
meningioma,coronal,4710.0,582.819371877506,0.7944004047900152,0.44263328076523706,1.0340909090909092,439.9558189655172,0.9433518352269887,0.3796969140634918,0.5394817838858138
meningioma,coronal,5100.0,644.1391770309007,0.8073452588253918,0.44730960013794935,0.9886363636363636,564.1583072100314,0.9290962313448744,0.2794933288035428,0.4763277741277099
meningioma,coronal,2937.0,521.0203820042827,0.7581311306143521,0.6613487153757612,1.0434782608695652,340.1269096464427,0.936612530541761,0.7260329724270145,0.773730623008687
meningioma,coronal,443.0,171.88834764831844,0.5946308724832214,0.7076224333992136,1.0,1272.3487903225805,0.7884534233539978,0.4303260822193345,0.4811008731389168
meningioma,coronal,5752.0,565.7777413171634,0.834833091436865,0.45614831936286193,1.0113636363636365,240.95680628272257,0.9596143556176833,0.6295122060912902,0.7274189453359645
meningioma,coronal,6168.0,586.2924599429248,0.8459744890961459,0.34176185251518104,1.0909090909090908,471.8184865900383,0.9245097623477803,0.20927502195210315,0.40689846666684915
meningioma,coronal,5439.0,604.6122650963194,0.8121546961325967,0.25250932977658636,1.0909090909090908,443.22533524904213,0.9265749173488859,0.28744692956080437,0.4693148807555796
meningioma,coronal,5128.0,764.6782822743016,0.7164012293936853,0.7436782096064065,0.8461538461538461,675.8979479258605,0.9257411786507002,0.3677724308271422,0.48698750500821575
meningioma,coronal,5096.0,674.5950211536164,0.7498528546203649,0.7564132034218742,0.9166666666666666,475.44784688995213,0.9335382674453936,0.33736267086061633,0.46374245152903254
meningioma,coronal,3118.0,630.7249634685276,0.6482328482328482,0.6033757586543873,1.1,657.0992520138091,0.912087040587321,0.4727532062143188,0.5269723097450025
meningioma,coronal,2480.0,399.13203435596427,0.773067331670823,0.48905615760915966,0.875,671.3049886621317,0.8860730961265998,0.21796195162568396,0.4134329009073408
meningioma,coronal,2360.0,345.8122292025696,0.8005427408412483,0.5752906818093242,1.1272727272727272,871.1974431818181,0.882236665303564,0.23952427145104294,0.39358056006775666
meningioma,coronal,9273.0,979.6376977344855,0.7522511559990265,0.7130099150159714,1.5288461538461537,484.702609223301,0.8977253118109496,0.39345974553999996,0.5989282291486321
meningioma,coronal,9914.0,1098.691521603648,0.7691233514352211,0.6044712947248632,1.2,573.0824579831934,0.8821949060286541,0.3684591075566422,0.5584775408578863
meningioma,coronal,5547.0,611.4112549695428,0.8351400180668473,0.2389863864124082,1.0,543.7741640543364,0.8753570480344262,0.22121885168532363,0.4822958829737794
meningioma,coronal,2199.0,380.9959953866432,0.739656912209889,0.5664558199414925,0.7777777777777778,624.055583501006,0.9129317820502437,0.3670732212489846,0.48990133997746993
meningioma,coronal,3623.0,604.2630226914019,0.6839720596564093,0.48719341723360815,0.8977272727272727,488.8854885057471,0.9383771064833251,0.4157929677495649,0.5330642193907753
meningioma,coronal,4692.0,636.3757210636101,0.7064137308039747,0.6497953503746826,0.7142857142857143,324.3587837837838,0.9475948545888502,0.41666219257398235,0.5738014073583884
meningioma,coronal,4776.0,531.0498192558055,0.7826941986234022,0.6188075526258244,0.7692307692307693,293.6078883495146,0.9523656646700077,0.36478001631795814,0.5634900888695903
meningioma,coronal,3750.0,533.3929650063131,0.7840267614467907,0.6700807845616414,0.8470588235294118,426.2721902937421,0.9264169861122862,0.3279286716709643,0.5130717448550192
meningioma,coronal,4009.0,517.2508293825822,0.8186644884623239,0.6229826622622577,0.7272727272727273,937.6776221264367,0.8798588770347638,0.2200576487395644,0.3406975322711715
meningioma,coronal,4896.0,657.7310601229375,0.8207879295892707,0.6007383703988124,1.1,1356.6403912543153,0.7686516853159888,0.2227314038697719,0.3621087193567189
meningioma,coronal,5365.0,882.6610383315984,0.7568063196501622,0.40555341801892664,1.0,929.1947368421054,0.8818652621551328,0.3433736030018295,0.44498750885617677
meningioma,coronal,2098.0,404.58787847867995,0.7552195824334054,0.7030016592789401,1.1428571428571428,565.3386363636364,0.8747080745023474,0.3156703847985157,0.4744767289826017
meningioma,coronal,2779.0,381.8244225113894,0.8024833958995091,0.5577250671633752,1.0,412.72023809523813,0.9169566096577385,0.24413607209473537,0.4816446640888227
meningioma,coronal,2156.0,351.6467529817257,0.7783393501805054,0.6360889006192809,1.1428571428571428,532.0369318181818,0.8907669060469225,0.31280305553109095,0.4767185501972289
meningioma,coronal,2095.0,359.43354954612926,0.7065767284991569,0.4654124575420244,0.8,384.9587525150905,0.9401195043959728,0.3900152535448374,0.5201970136135088
meningioma,coronal,7635.0,844.2112908632927,0.7654135338345864,0.8457248619274461,1.0666666666666667,301.954306722689,0.9366567076698454,0.45608687871575293,0.6075677308999118
meningioma,coronal,9309.0,879.1168824543141,0.8249734136830911,0.8066260670137823,1.0666666666666667,348.4518776260505,0.9355129406438562,0.3476541067658119,0.5513364612845332
meningioma,coronal,12043.0,925.2173875177025,0.8455975284370173,0.6786358027172744,0.9444444444444444,212.69297614150557,0.9532576048828285,0.3455134682023709,0.6096660969020975
meningioma,coronal,12622.0,967.3300858899105,0.821103304709862,0.5724678119975982,0.8947368421052632,221.19614335800546,0.9440370321919428,0.35470156424082955,0.6250764745586525
meningioma,coronal,12079.0,916.56662992262,0.8626624767890302,0.49388026746922437,0.9444444444444444,237.47408473879062,0.9273377240247807,0.3415741304641668,0.6202638369114533
meningioma,coronal,3329.0,526.0142853498728,0.7654633249022764,0.4519256985601893,1.0138888888888888,453.3877696559101,0.9198671059734318,0.3279342215621607,0.48535525777287764
meningioma,coronal,3882.0,551.1919548795365,0.7756243756243756,0.7235839080330017,0.7613636363636364,612.2337164750958,0.9305391567967707,0.3012493350065997,0.4575829951863173
meningioma,coronal,4380.0,520.7422074112307,0.8135215453194651,0.5798588040746422,1.1375,509.09020652898073,0.9068261017798406,0.36665385457478206,0.5800467103804113
meningioma,coronal,7045.0,746.7432534317572,0.8080055052184884,0.6832776896533057,1.25,423.8679824561402,0.9210764264708489,0.3356897205586816,0.575808970008044
meningioma,coronal,8682.0,835.6610383315984,0.8376266280752532,0.5732326045736299,1.2307692307692308,352.1755916262136,0.9175127365103681,0.29533286668660186,0.5945164312615058
meningioma,coronal,9924.0,830.7909806465098,0.8517723800532143,0.4788635245489255,1.2142857142857142,284.4211711711712,0.9234949047993456,0.3055152645832318,0.6013491740943662
meningioma,coronal,9739.0,775.5067093990477,0.8418914246196404,0.5433816306477923,1.2053571428571428,295.0123873873873,0.9302497679800001,0.31331678435714055,0.5996576677604719
meningioma,coronal,9612.0,838.726009489054,0.8410184618076822,0.5798450093150227,1.2307692307692308,338.38372269417476,0.9110659621994555,0.22804827306536388,0.5488634657672452
meningioma,coronal,1753.0,378.0965004500315,0.7381052631578947,0.4613076237566503,1.0,1062.3178571428573,0.824990412146637,0.3331778728248994,0.4549900289745451
meningioma,coronal,3031.0,380.37467504308347,0.7911772383189768,0.5597597191621899,0.8888888888888888,594.3699383802816,0.9302602760613725,0.2712993055344193,0.5467121637953339
meningioma,coronal,461.0,142.2670273047588,0.7070552147239264,0.7088952875287403,0.75,854.5618279569892,0.8188837431186,0.2622604258866389,0.3518252007197156
meningioma,coronal,600.0,209.51576464628795,0.6243496357960457,0.4509763611595157,0.8,1185.375,0.7177213704187639,0.3591424457664185,0.43091622871604107
meningioma,coronal,3980.0,618.2102448427661,0.762598198888676,0.8658165997422338,0.6153846153846154,997.1146844660198,0.8799289746152311,0.3223531909522588,0.4542078052812119
meningioma,coronal,7078.0,787.1574669941302,0.815343854394655,0.7395642905992593,1.0769230769230769,463.4877773925104,0.9432858494724106,0.335755833510532,0.5000932441846703
meningioma,coronal,5975.0,767.2640687119285,0.8188296560230232,0.6058129172960884,1.1818181818181819,460.47402740937224,0.9221187152835622,0.2822340036938454,0.48037661341719307
meningioma,coronal,7348.0,890.0813485483815,0.7969631236442516,0.7857803207493915,0.9655172413793104,392.4174208144797,0.9070485843113709,0.6151879862689864,0.7432067796501619
meningioma,coronal,9545.0,986.4427842621187,0.8207928454725256,0.680815795252512,1.1166666666666667,366.73541769649023,0.922265245805846,0.3640543137352374,0.6119385367255507
meningioma,coronal,9584.0,764.4650788387053,0.8727007830996175,0.6897817580888767,0.9916666666666667,377.92612044817935,0.9314374427184997,0.29047624956442925,0.5521039040106079
meningioma,coronal,8942.0,726.8437584951455,0.8590642713036795,0.6619744976824998,0.8666666666666667,346.9877989657401,0.9150902385198022,0.2365832721517767,0.5278347462601402
meningioma,coronal,5522.0,661.5239533417509,0.7812676853423882,0.7433489254604737,0.8461538461538461,489.0005516328332,0.8891598332714453,0.3401320007109816,0.5784671864482158
meningioma,coronal,4995.0,596.9909447527598,0.8070770722249152,0.4043427328863877,1.0,468.8452194357367,0.9283151216455996,0.2813770373037572,0.5024047861836906
meningioma,coronal,3841.0,513.4640328181786,0.8391959798994975,0.23400012549703283,1.0,467.6400625978092,0.9199376484278275,0.19279248307777774,0.43145747358378245
meningioma,coronal,3719.0,587.269119345812,0.8004735256134309,0.5464797071436699,1.1111111111111112,514.7961267605634,0.9242550996878205,0.28223700767491394,0.48020554312234764
meningioma,coronal,4954.0,561.3696244092002,0.8349907298162819,0.3766695354757822,0.9204545454545454,366.62748171368867,0.9407207191128181,0.2980978110431903,0.5306340842923969
meningioma,coronal,5312.0,572.8843430349616,0.8214009587134684,0.33618463663528636,1.0,447.0301724137931,0.9310989317832705,0.24935550419198396,0.4548080368385664
meningioma,coronal,4573.0,527.98484809835,0.8059569968276348,0.2549513582510153,0.9302325581395349,389.57442528735635,0.93609289039717,0.2853779599011768,0.5060460840731198
meningioma,coronal,3595.0,517.1797615707167,0.8185336976320583,0.42997133164175966,1.0,650.0655320813771,0.9107769386263502,0.22157613917155605,0.4479420086384079
meningioma,coronal,1557.0,294.1848122046001,0.7565597667638484,0.4332038986683591,1.0,1175.8036347517732,0.882570000929514,0.22552497138771713,0.37485625813977874
meningioma,coronal,2264.0,428.3807716974934,0.6898232784887264,0.8753625650552067,0.5783132530120482,894.9123563218391,0.9162611462564926,0.3704251917799145,0.46431081712266875
meningioma,coronal,2487.0,604.3696244092002,0.5617799864468037,0.9214988657873422,0.5384615384615384,883.5197642163657,0.9145397691051206,0.4842904284339664,0.5507891189058387
meningioma,coronal,4738.0,537.6061684419096,0.7805601317957166,0.5727164592217879,1.0,540.2689393939394,0.9361420216255744,0.32941086306422684,0.5085791942835904
meningioma,coronal,6133.0,658.4112549695428,0.8361281526925699,0.49227224941528036,0.8461538461538461,528.2887246248896,0.9326752111521951,0.2697044678657677,0.4908942995911718
meningioma,coronal,4551.0,699.358477120907,0.7678420786232495,0.40382178069529445,1.0,659.4762277951935,0.9414371786326344,0.3399416062985656,0.4643004756103719
meningioma,coronal,1362.0,342.0904037956216,0.6749256689791873,0.8627795996239481,0.625,1497.3674603174602,0.9117768774855005,0.37116954830008075,0.4345678377326633
meningioma,coronal,6855.0,621.2752160002217,0.8493371329451121,0.5743205633180977,0.9230769230769231,346.4554004854369,0.9097577687131075,0.26231350767076916,0.554692436615208
meningioma,coronal,11024.0,831.3706704297267,0.8626653102746694,0.7079938000871451,0.8955223880597015,287.75824915824916,0.9412816630888393,0.48868817007433213,0.6992895839448108
meningioma,coronal,10942.0,884.6965722375312,0.8660071230708349,0.7164069744746918,0.9375,329.8229002624672,0.9192060793025485,0.24529807617595717,0.539271186827063
meningioma,coronal,9722.0,770.9858941188766,0.8591375044185224,0.6378741923707615,0.875,357.51272497187847,0.9179597828696054,0.2747621749625733,0.5615867601900152
meningioma,coronal,4476.0,453.4873734152916,0.833364364177993,0.7222136370029755,0.75,375.8932748538012,0.9119890914898566,0.3010246343938522,0.5787538763715077
meningioma,coronal,2579.0,336.54015126392744,0.8483552631578948,0.48449515372776664,0.875,549.8256802721089,0.8890743012634406,0.20231365237064838,0.43521513576815524
meningioma,coronal,2894.0,492.25082938258225,0.744916344916345,0.6600433242004841,0.7,448.30673598553335,0.9114242028544917,0.2706343841359082,0.4563951498116055
meningioma,coronal,3494.0,460.86605307173204,0.7966256269949841,0.49958429099362783,0.9583333333333334,404.4716353677622,0.9052021489084171,0.25286054543368636,0.46123631026540307
meningioma,coronal,3597.0,466.5107140124046,0.8261368856224162,0.3424890466413459,0.8888888888888888,397.8479313380283,0.8861634601206924,0.14464880834358676,0.39484532450493137
meningioma,coronal,2121.0,310.3919189857867,0.831438651509212,0.5009700732608945,0.8571428571428571,536.3799242424243,0.8559806107090074,0.12615001291151645,0.35107352680334053
meningioma,coronal,702.0,166.23149339882605,0.7655398037077427,0.7642692212298254,1.6666666666666667,1025.8489130434784,0.7958503216646966,0.148539677920831,0.2769371522144871
meningioma,coronal,6988.0,695.938166904124,0.8376888036442101,0.5998130705175968,1.3636363636363635,465.29454022988506,0.9022189694392689,0.2780646309203916,0.46516179133236113
meningioma,coronal,10526.0,875.6965722375312,0.8255038820484668,0.6943413584836287,0.8823529411764706,381.0387654320987,0.9049865764015316,0.3062980939034935,0.5171649658903632
meningioma,coronal,8205.0,725.9087296526011,0.8346048214830638,0.7751817400981904,0.7164179104477612,207.79236111111112,0.9387639628094413,0.32394547988783184,0.5305454519682964
meningioma,sagittal,4454.0,638.9676041556468,0.7334101761896921,0.8834637288613809,0.6,645.5346638655462,0.9245384249744216,0.4194868573313152,0.535616559969361
meningioma,sagittal,2509.0,404.167568261897,0.7731895223420647,0.6435230806376999,1.0,2492.3869047619046,0.8588555011283295,0.30382410103331353,0.4168258988224075
meningioma,sagittal,5220.0,749.2935059634514,0.7212933535995578,0.6971628076221503,1.0833333333333333,2016.6158906882592,0.8951399010863529,0.4071897381906507,0.5289963019696995
meningioma,sagittal,10101.0,754.5006127446379,0.8625224148236701,0.5509396164358166,0.9375,497.57047244094497,0.9574787046955061,0.3035349949443642,0.48349155088768425
meningioma,sagittal,2713.0,388.5107140124046,0.7984108298999412,0.8293017183407698,1.4285714285714286,613.0070454545455,0.9185878629854743,0.32010635500157864,0.5536400323254143
meningioma,sagittal,3173.0,438.2447327281723,0.8310633839706653,0.5092246326110095,1.125,996.839947089947,0.9535412919255498,0.23145413250717747,0.37942892373499915
meningioma,sagittal,3015.0,438.3452377915607,0.7714943705220061,0.6700691728976936,1.25,1330.6349206349207,0.9213157378560584,0.34342707695659186,0.458141382476094
meningioma,sagittal,5731.0,699.3462838120872,0.7929984779299848,0.8370124914109136,0.5294117647058824,1328.8716049382715,0.9272074547211759,0.356973195457864,0.5086142019857028
meningioma,sagittal,1335.0,280.56349186104046,0.7752613240418118,0.7379085329032393,0.6851851851851852,1329.8713636363636,0.9070928106723466,0.2935948464879749,0.35735125756260316
meningioma,sagittal,1800.0,356.7533546995239,0.6944444444444444,0.7183938518503618,0.75,2920.584325396825,0.8103731189667113,0.29631428797298265,0.3822086347071442
meningioma,sagittal,3166.0,531.0203820042826,0.7305029995385325,0.7958771411468145,0.8181818181818182,2161.713282247765,0.9144325084056966,0.43239432391176097,0.6099842739224945
meningioma,sagittal,3649.0,463.03762594698577,0.7074447460255913,0.6640515059933368,0.75,567.272514619883,0.9169410489165396,0.39623193955441455,0.5580145980970398
meningioma,sagittal,5708.0,614.8549057834388,0.8005610098176719,0.8275452023361562,0.5333333333333333,1206.072427983539,0.9339059988211355,0.3608595007618354,0.5138223399361832
meningioma,sagittal,969.0,206.20815280171308,0.804149377593361,0.6375628171782899,1.25,2611.083870967742,0.6829825165730565,0.10746100132332212,0.19254603896768685
meningioma,sagittal,3106.0,421.5462479183374,0.8059159314997405,0.46526615338575156,0.8888888888888888,1397.8111795774648,0.8712272365848829,0.24825675095383695,0.33479027619610435
meningioma,sagittal,5573.0,556.1269837220809,0.8676630857854585,0.5685287060034325,1.1851851851851851,642.8554837164751,0.9217914692554164,0.28220732102255114,0.4980138917127608
meningioma,sagittal,1456.0,275.8355697996826,0.7161829808165273,0.5917728038861665,1.1666666666666667,1349.381458966565,0.8544034512243024,0.35842567743117537,0.4018728352535373
meningioma,sagittal,18972.0,1366.9534982745236,0.7426312287157004,0.6259376101706813,0.8888888888888888,282.83117291000457,0.9846234599793819,0.4276094560300338,0.5627055616323581
meningioma,sagittal,2777.0,395.7533546995239,0.7824739363200902,0.49450189367206004,0.8888888888888888,962.9812940140844,0.8813830161326822,0.3127105457658852,0.4206941372457511
meningioma,sagittal,3728.0,470.80108191427644,0.8227764290443611,0.7768207624326136,0.7272727272727273,1302.9243893678158,0.7658770149974027,0.2818626142287959,0.6379897598284685
meningioma,sagittal,3010.0,442.90158697766475,0.7962962962962963,0.6010179671005764,1.125,1556.6690917107587,0.9022103028658595,0.2650799829639796,0.3882582743965859
meningioma,sagittal,8728.0,1021.8569978244918,0.7577046618630089,0.7342799789393384,0.8823529411764706,513.3796913580247,0.9224950471040331,0.4167165242232875,0.5508522982612369
meningioma,sagittal,9320.0,984.2590180780452,0.7682796142115242,0.7028253132936385,0.8333333333333334,416.9378205128205,0.9373038409883238,0.4161716907737702,0.5677762035222312
meningioma,sagittal,9031.0,997.7798333582164,0.7612745511253477,0.5680878060743467,0.7368421052631579,390.45795884579,0.9411867333658519,0.42437117877374436,0.573590023140205
meningioma,sagittal,8978.0,1130.1179284748407,0.7433349892366286,0.5581394818867154,0.8055555555555556,373.14324009324014,0.93467312731001,0.43087234092189786,0.5730989584960591
meningioma,sagittal,6871.0,860.3534264870236,0.7744589720468891,0.7710092987916893,0.5882352941176471,470.2953703703704,0.9122023118176115,0.30365153120073135,0.4706054016977712
meningioma,sagittal,5003.0,830.7909806465096,0.7193386053199138,0.7131743101532235,0.7619047619047619,578.8077702702702,0.9024077383898123,0.3675112483212489,0.5040150100711078
meningioma,sagittal,2164.0,560.2335854398791,0.5969655172413794,0.8352397510954811,0.935064935064935,741.2361111111112,0.8915208607697728,0.5462560831135209,0.6132449965270801
meningioma,sagittal,1861.0,353.9898987322333,0.7441023590563774,0.5260620852707484,0.75,663.6273148148149,0.8861129029720636,0.29956338722227527,0.45956415136145534
meningioma,sagittal,2258.0,410.8954903232549,0.7501661129568107,0.607739063964103,0.875,778.3137755102042,0.8707565281930264,0.26198450749698554,0.4196025117445019
meningioma,sagittal,2785.0,472.3218971944476,0.7248828735033837,0.44608715915825475,1.0,1011.3006651017215,0.8762510944564714,0.3838542604298713,0.5527787234566006
meningioma,sagittal,4004.0,524.8843430349616,0.8225143796220213,0.5385660763917623,0.8181818181818182,652.7720306513411,0.8875836389608265,0.3016875615555161,0.5428357497681096
meningioma,sagittal,3805.0,545.120887067671,0.8315122377622378,0.5062248410788754,0.9,633.5386779184246,0.8722138656751364,0.2716737400642011,0.45566556385018325
meningioma,sagittal,7950.0,827.1990975544729,0.813548915268113,0.6264650951792351,0.9333333333333333,235.36749699879948,0.9578438096387772,0.35456723997679673,0.5778148151245154
meningioma,sagittal,8831.0,670.6305550595491,0.883453381352541,0.42764683388812275,0.9553571428571429,193.32898970398972,0.9625496199234227,0.24823243238218726,0.5251656079233591
meningioma,sagittal,9328.0,607.0620125646253,0.8854295206454675,0.35534339977278656,1.0,147.5309684684685,0.9680350726699022,0.21927686463963197,0.5131713752750916
meningioma,sagittal,5961.0,636.8315651863259,0.8313807531380754,0.4209263832018865,0.9166666666666666,396.041028708134,0.9402500562518356,0.2273738600220613,0.4802319058763215
meningioma,sagittal,2512.0,543.7066735052979,0.7116147308781869,0.747991883952407,1.0416666666666667,608.6239436619718,0.9219897954881735,0.48511006937482487,0.5916899151497609
meningioma,sagittal,3051.0,624.0681092190353,0.6745522883042229,0.7471094976796159,0.78125,520.8681578947369,0.9367912483993467,0.5369132112351975,0.6302111556303664
meningioma,sagittal,1989.0,549.541197284454,0.5802217036172695,0.8267709466726142,0.9861111111111112,941.5295383411578,0.8933672967738165,0.5128370443279102,0.5873267454494396
meningioma,sagittal,2604.0,584.4112549695428,0.6156028368794326,0.8559275200629248,0.9,603.3626933895922,0.9363985010701221,0.4724081396720105,0.5711107001436175
meningioma,sagittal,2402.0,660.4173516239526,0.618753219989696,0.8934144667200976,0.9,589.8844936708861,0.9300661909598203,0.4902747457031408,0.5696208900146447
meningioma,sagittal,1703.0,437.7949852598665,0.6858638743455497,0.7056135060591586,0.75,711.7288359788358,0.9065685977091495,0.31805585811861714,0.40345373263339307
meningioma,sagittal,4625.0,612.0386719675123,0.7871000680735194,0.4779202921538518,0.7766990291262136,449.38167475728153,0.9316037916274487,0.3823614976510395,0.5854242695327639
meningioma,sagittal,5824.0,581.0203820042827,0.8276254085547818,0.611108382334098,1.0,355.4946271929824,0.9501715185692489,0.3147252069508796,0.5597756299915659
meningioma,sagittal,6300.0,587.7777413171634,0.8477997577714977,0.5637746766255615,1.0,434.97280701754386,0.921286842945529,0.2642590039270369,0.5493420435338484
meningioma,sagittal,4956.0,510.73611075682084,0.8454452405322416,0.6070803959884197,0.9090909090909091,370.8725574712643,0.9343675907589963,0.23954868220355904,0.5190765616894656
meningioma,sagittal,3890.0,509.56453788156705,0.7945261437908496,0.6960437043988688,0.8977272727272727,403.1862068965517,0.9356810985431261,0.3777594092465159,0.551867523962692
meningioma,sagittal,2268.0,401.16756826189703,0.7623529411764706,0.5171638583977994,0.7777777777777778,692.88254527163,0.9037148688494847,0.3358437988238607,0.47433681789977455
meningioma,sagittal,553.0,193.373629022557,0.5400390625,0.8753060895992405,0.7291666666666666,556.6175531914894,0.9054693433537904,0.622029382172661,0.6616231461392156
meningioma,sagittal,2851.0,368.4041122946064,0.8220876585928489,0.5446406863374424,0.8888888888888888,766.8411091549297,0.9111792929829685,0.3043951445252552,0.463033274686799
meningioma,sagittal,10423.0,780.8143212436228,0.8560282522996058,0.6969015815531304,0.7777777777777778,354.8369130869132,0.9458066810231602,0.3146906726249704,0.5786172233349123
meningioma,sagittal,11521.0,829.0985924910847,0.8803392679758539,0.6628138641817402,0.7777777777777778,305.46965534465534,0.9364537954399544,0.24758258702263158,0.541271335354951
meningioma,sagittal,11480.0,818.16966030295,0.8674625963427535,0.6470627673658583,0.7368421052631579,277.83449621570486,0.936610454091294,0.28102808938983603,0.5930694426973173
meningioma,sagittal,9964.0,725.6305550595491,0.8591877209623179,0.6213755004444087,0.8235294117647058,266.98716931216927,0.9297892256395981,0.30630522927877857,0.6414577808076343
meningioma,sagittal,6481.0,649.8610024378486,0.8464150450568108,0.6152781719732904,0.8461538461538461,408.9524492497793,0.8587990472126437,0.23251433198119525,0.5615382550441764
meningioma,sagittal,2865.0,421.06706319850866,0.7707828894269573,0.5408773762926861,0.8888888888888888,550.4399207746479,0.890999431748305,0.3097791189848278,0.5650186651210775
meningioma,sagittal,2643.0,431.45183950935893,0.7623305451398904,0.5865074170537873,0.8888888888888888,671.15625,0.8857717798170426,0.3458921818220899,0.5616356964911193
meningioma,sagittal,3632.0,660.1747109368334,0.6910197869101978,0.7782332029282598,0.8461538461538461,253.41736540158863,0.9359414494733831,0.5466645473308869,0.6520909018626059
meningioma,sagittal,3631.0,554.2630226914019,0.7820374757699763,0.5185742662857153,0.9615384615384616,372.9174050632912,0.9215557093106641,0.36067386350493214,0.5142535593721422
meningioma,sagittal,3637.0,501.45793616376875,0.798463227222832,0.5144947054317078,1.1111111111111112,348.92429577464793,0.9297824796084541,0.3006853873523433,0.4637139011160228
meningioma,sagittal,3123.0,490.7300141024109,0.7005383580080754,0.8437015119351112,0.6666666666666666,496.5542763157895,0.8533328114716215,0.4175939553224094,0.599873601104407
meningioma,sagittal,3354.0,482.4934700697015,0.7867698803659395,0.5062068335467653,1.0,461.4246870109547,0.9103106282285175,0.2691415048487963,0.45213493376918323
meningioma,sagittal,2180.0,311.14927829866735,0.8056171470805618,0.5495481569578885,1.0,611.8792207792209,0.8824312403066439,0.22681865586410954,0.4120684352968375
meningioma,sagittal,1577.0,301.5990257669732,0.7603664416586307,0.4734797794417095,1.0,156.7440329218107,0.9417992019048046,0.8801571416065744,0.9066585588560534
meningioma,sagittal,3397.0,456.90158697766475,0.7557285873192436,0.740419837955384,0.8181818181818182,95.7667690732207,0.9533840434181207,0.9113936035743213,0.9318952445469921
meningioma,sagittal,1898.0,328.1614716074871,0.748422712933754,0.6488744193674044,1.0,1091.0259740259742,0.842969060500482,0.2969729606644837,0.4779517567684798
meningioma,sagittal,779.0,221.45079348883237,0.699281867145422,0.7990317501893992,1.5,505.7056451612903,0.8663211782746322,0.37729424746532275,0.4468716833580515
meningioma,sagittal,7812.0,630.1391770309007,0.8541438880384867,0.42330731464305044,0.9285714285714286,266.90410602910606,0.9223310330578399,0.2844366542366913,0.4958501011663731
meningioma,sagittal,9493.0,770.3706704297267,0.8538406188163339,0.5203508647550268,0.875,236.2760826771654,0.9329310758788736,0.2904318587137454,0.5333649878407268
meningioma,sagittal,8982.0,760.3940110268397,0.8362349874313378,0.5833334205221308,0.875,222.83872328458943,0.9447539471392191,0.32695748278124986,0.5300058233208407
meningioma,sagittal,6420.0,543.0853531617383,0.870626525630594,0.7716278477242303,0.8461538461538461,261.5621138570167,0.9336422631590624,0.2503550471416754,0.48266156375778296
meningioma,sagittal,4190.0,533.2569260369921,0.7502238137869293,0.694061379496767,0.8333333333333334,387.81500000000005,0.9079406861250376,0.40247292195697754,0.6156808576254765
meningioma,sagittal,5009.0,592.8549057834389,0.792939686560076,0.7845944199004272,0.8461538461538461,267.3990511915269,0.9418934623897244,0.4003402688421653,0.5597245914438307
meningioma,sagittal,3121.0,565.1625176280136,0.7615910200097609,0.6902274188891071,1.0,725.221635367762,0.8654720903637614,0.3160271357104674,0.48190419473763196
meningioma,sagittal,4680.0,509.15642097360376,0.825542423707885,0.528789391440604,1.1,588.0792577675489,0.9379265432831625,0.2751771613143487,0.42042116504968235
meningioma,sagittal,7362.0,679.8376618407357,0.8449443360495811,0.33586558319923937,1.0,443.49075802837945,0.9516271797961722,0.26761107860173855,0.4786346647738595
meningioma,sagittal,7989.0,636.653895656662,0.8745484400656814,0.39875138651019193,1.0,487.106142643764,0.9416465418752897,0.21509448474180456,0.44809314425805247
meningioma,sagittal,7733.0,727.3584771209069,0.8328486806677436,0.5061798482127392,1.0769230769230769,471.71697295423024,0.9483107286293952,0.28592677732865784,0.47905171264240654
meningioma,sagittal,10092.0,1023.5077554195743,0.7618903820021139,0.7368420879350812,0.8947368421052632,374.45164589014405,0.9622391323419904,0.4662690543797451,0.5935562738954061
meningioma,sagittal,5671.0,527.6356056934325,0.86593373034051,0.48163751056987075,1.0,451.48902821316614,0.895074631588035,0.2154923832280714,0.5138136502690016
meningioma,sagittal,4517.0,571.8549057834389,0.794547053649956,0.6585963302817942,1.0,498.8956374085684,0.9029446710158483,0.3447499497004321,0.5603544568575837
meningioma,sagittal,3177.0,575.0264786586926,0.7178038861274288,0.8167745963881473,0.9090909090909091,731.6451149425288,0.8866066363378652,0.4775416079601873,0.6219401952013047
meningioma,sagittal,1605.0,306.25588001646554,0.797713717693837,0.3834628388198402,1.0,1184.3484042553193,0.802116886112114,0.21156947861987732,0.4233254292678296
meningioma,sagittal,2816.0,447.69448019647814,0.8002273373117363,0.38261103393282503,1.0,922.5071924603175,0.8474042991889635,0.23425148441846638,0.46192043995212834
meningioma,sagittal,2425.0,425.55234457274724,0.7335148215366001,0.5499801743948751,1.125,556.4669312169314,0.9036238346977976,0.39082113068565516,0.5581848324950823
meningioma,sagittal,4149.0,450.85385976291224,0.8260003981684253,0.8318320523036535,0.5384615384615384,399.3918169209432,0.9368089712692882,0.22123146432295154,0.4793461312992867
meningioma,sagittal,2355.0,484.564537881567,0.6751720183486238,0.7751905790822505,0.8,541.7288370253166,0.927923515525623,0.45731554277588987,0.5574719432638597
meningioma,sagittal,1804.0,411.2386360737625,0.6965250965250965,0.631192177485022,1.3333333333333333,1050.5581781914896,0.8862555337108882,0.31586978258340426,0.4206837059314483
meningioma,sagittal,1180.0,317.3980156401965,0.7129909365558912,0.5650575071075081,0.8333333333333334,1352.1132978723404,0.8158275836510248,0.24608207703405074,0.3641534074036712
meningioma,sagittal,1143.0,391.0315292925759,0.5570175438596491,0.9107929254411443,1.0491803278688525,992.6502976190475,0.8654447551685445,0.6368269866023766,0.6735729486257077
meningioma,sagittal,1490.0,332.98380207782344,0.7293196279980421,0.8075210366977824,0.9107142857142857,661.3662337662338,0.9078332677098518,0.4437345513738838,0.5273559780882008
meningioma,sagittal,5070.0,747.0275246792191,0.7407948568088837,0.7109290566357931,1.0833333333333333,554.7487854251013,0.9309865637398643,0.42376475018437765,0.5810180880844136
meningioma,sagittal,4882.0,630.2752160002217,0.7590174129353234,0.46085482369976205,1.0,433.2708333333333,0.9382432061053718,0.4064898107214687,0.5957038726466491
meningioma,sagittal,4092.0,635.0620125646252,0.7642883825177438,0.4757819790298765,0.9090909090909091,457.05172413793116,0.9059873865914214,0.344666224817467,0.5721314004841604
meningioma,sagittal,3313.0,527.1564209736038,0.7308625634237812,0.5890730248734809,0.9,616.3588255977496,0.9113046674782989,0.35002805338356396,0.5323808267778739
meningioma,sagittal,3492.0,469.34523779156063,0.7712014134275619,0.6742938151454797,0.9,531.8417721518988,0.9133532237800043,0.3330176368566912,0.5313979536781985
meningioma,sagittal,5527.0,588.2985565973347,0.8461420698101654,0.7757985970600683,0.6923076923076923,332.3195792880259,0.924320295491698,0.2014779936964217,0.4855046562622381
meningioma,sagittal,3195.0,385.7888886054566,0.8140127388535032,0.595477389285836,0.8888888888888888,447.58780809859155,0.9225970496397646,0.22942333633092157,0.4738610688675278
meningioma,sagittal,2343.0,485.6650429449553,0.7344827586206897,0.6393323805725821,1.125,637.2116402116402,0.86450868225164,0.4118868525027345,0.5420165999669505
meningioma,sagittal,1020.0,261.28531726798843,0.7611940298507462,0.25246145308762497,1.0,466.2006410256411,0.8686686564336321,0.22766880942502835,0.3658290304168434
meningioma,sagittal,3172.0,616.8254685319159,0.7488196411709159,0.6727729917898488,0.8,711.4620253164558,0.9225975622147458,0.2963251141090348,0.38536041421828804
meningioma,sagittal,3709.0,418.9310242291876,0.791675560298826,0.7587836668029736,0.71875,423.63669590643275,0.949117666723263,0.39957343945513385,0.4787102106049239
meningioma,sagittal,3627.0,410.78888860545663,0.8167079486602117,0.7744523742100348,0.6354166666666666,494.53930921052637,0.9403074455897533,0.34445664822953,0.4340122279386656
meningioma,sagittal,4143.0,494.4934700697015,0.8187747035573123,0.7916176136758295,0.6875,583.5570175438597,0.9070280590927982,0.33316031854398664,0.4786892524925131
meningioma,sagittal,3146.0,410.6234123846127,0.7940434124179707,0.626902956661999,0.8,536.8492879746835,0.9258609253579422,0.30296917763328324,0.4378911735330499
meningioma,sagittal,1655.0,336.26197667087547,0.6971356360572872,0.6630418702198203,0.875,513.3146258503401,0.8792101148129826,0.44652565261959454,0.5556979218563151
meningioma,sagittal,1069.0,284.25588001646554,0.6787301587301587,0.5895924564182297,1.0,340.7455673758866,0.8837855486619743,0.4209693248488052,0.5244635614743013
meningioma,sagittal,5353.0,566.5706345359769,0.8517104216388226,0.6830804893125071,0.6923076923076923,303.10652642934195,0.923370350704923,0.222084554030489,0.492828519199201
meningioma,sagittal,2822.0,463.62950903902254,0.7780534877309071,0.4246459014110221,1.125,250.2530864197531,0.9433518107240624,0.30322493318596594,0.5201861488597447
meningioma,sagittal,3566.0,479.97875144394004,0.7752173913043479,0.4716511975370795,1.0,85.29533473906169,0.9533928539069221,0.8404726435224198,0.8865090926254237
meningioma,sagittal,4315.0,605.7544007200504,0.7575491573033708,0.5496484712295835,1.0348837209302326,61.120370370370374,0.9596458706070139,0.82394600678852,0.8786201605190148
meningioma,sagittal,4175.0,602.0975464705581,0.7663362701908958,0.5806718298480367,1.1,85.74849012775842,0.958784890410068,0.8307730421017967,0.870168207510329
meningioma,sagittal,3412.0,570.8254685319159,0.6721828211189913,0.7612089941026534,1.2,198.1139240506329,0.950217429282876,0.4943597995594357,0.6037578395943685
meningioma,sagittal,3032.0,531.1919548795365,0.7711088504577823,0.5625823579566598,1.125,512.1141975308642,0.9147014624128864,0.2528607235726091,0.33904559895096853
meningioma,sagittal,4509.0,594.5472939388638,0.827947117150202,0.6182773860121676,1.2222222222222223,381.04465428937255,0.940685213760506,0.21633161489484307,0.32157249309597913
meningioma,sagittal,4084.0,523.0498192558055,0.8050463236743545,0.5865464794715108,1.0,445.75158227848107,0.9346902933398151,0.2954017095834683,0.3997375333284074
meningioma,sagittal,2385.0,443.6883835420683,0.7018834608593291,0.5712743545876514,0.8472222222222222,757.3054577464789,0.9129377985562834,0.39919467427585603,0.488696638930086
meningioma,sagittal,7501.0,694.0153313703993,0.8475706214689266,0.6140083174264694,0.8,839.047706582633,0.9152477191277842,0.29720105116094314,0.5195729420657653
meningioma,sagittal,954.0,230.10764773832474,0.6732533521524348,0.49732865052817654,0.8333333333333334,909.55,0.8116211430502175,0.34886318645139835,0.4680209834759738
meningioma,sagittal,8645.0,755.1219330881975,0.841854124062713,0.4707134911608662,0.9333333333333333,675.5540966386554,0.9153735251469376,0.30502838427825346,0.5277903908238495
meningioma,sagittal,6925.0,746.3940110268397,0.835847917923959,0.4830474110842465,1.0,545.4875840179238,0.9124163222156657,0.29637539397380447,0.5517154107234791
meningioma,sagittal,4636.0,679.2813126546316,0.768185584092792,0.39499642015166614,0.9090909090909091,833.0383620689656,0.8570786261584653,0.26825264802325616,0.49478486276372935
meningioma,sagittal,6253.0,587.3757210636101,0.8499388337637624,0.6850356315188654,0.8461538461538461,222.9980924272963,0.9651565453830524,0.7054598523278804,0.7778719771199634
meningioma,sagittal,7907.0,694.6305550595491,0.8268325839171808,0.5718606953193054,1.0,494.38280244530245,0.9437045632238874,0.3155042306073811,0.4950320948137022
meningioma,sagittal,8094.0,658.245778748699,0.8197285801093782,0.5381340876786617,1.0714285714285714,354.69039039039035,0.9487798263758561,0.34948979961430754,0.5402204529136618
meningioma,sagittal,6322.0,654.7604973744603,0.7937225360954174,0.48490164536029423,1.0833333333333333,568.5383603238866,0.9212067120229628,0.30891441058209873,0.5131039168881182
meningioma,sagittal,3270.0,587.0975464705581,0.7776456599286563,0.35835064903197034,1.0,752.4207746478871,0.882653538014777,0.2802654536915034,0.4180397736677194
meningioma,sagittal,4448.0,482.35133444597056,0.8593508500772797,0.3921305657346497,1.0526315789473684,857.975158227848,0.875287604206826,0.23873404927376196,0.44334663984317296
meningioma,sagittal,3341.0,389.10259710444143,0.8162716833618373,0.4940829592953457,0.8,732.4835838607596,0.8869750005141067,0.27537822099936504,0.47346579968566804
meningioma,sagittal,880.0,258.28531726798843,0.6891151135473766,0.5099367178931702,1.0,714.6974358974361,0.9204507639805274,0.3286320965731944,0.4092339972459208
meningioma,sagittal,1407.0,273.56349186104046,0.740916271721959,0.6833296433615419,1.4,999.3754578754579,0.9181445650197857,0.2511093124566525,0.39727012907189013
meningioma,sagittal,1125.0,264.6639969244288,0.7668711656441718,0.7699896962273765,0.5714285714285714,1127.5500000000002,0.8800700941425597,0.23603800504236636,0.3748708924876705
meningioma,sagittal,1382.0,390.9898987322333,0.6439888164026095,0.9174226694911017,0.5555555555555556,799.4866197183097,0.9004205145189328,0.40619184765302924,0.49319202819889235
meningioma,sagittal,3938.0,447.10869375885125,0.8262694083088544,0.5199461218350719,0.9,522.7921940928271,0.896206819364101,0.2573191406243736,0.5747923167823948
meningioma,sagittal,4722.0,565.0559159102154,0.8192227619708535,0.6190818586545306,0.9090909090909091,506.075143678161,0.9024059908391321,0.2621038193323419,0.5786348859426176
meningioma,sagittal,3968.0,498.39296500631315,0.7894946279347393,0.6875705219461531,0.8181818181818182,386.6096743295019,0.9178282095624549,0.3085302421027483,0.624216569103039
meningioma,sagittal,7940.0,780.8914857098981,0.8240788790866632,0.46236303832522757,1.0535714285714286,218.39527027027032,0.9580732873201315,0.360801496601219,0.5488494332828148
meningioma,sagittal,7377.0,747.4001076812496,0.8347855607106484,0.407013538015541,1.0,327.1708364451083,0.943710202476986,0.26051466414256236,0.47475442287452985
meningioma,sagittal,6351.0,525.6711395993652,0.8711934156378601,0.38587035694360794,0.9166666666666666,349.78875598086125,0.9344420268922549,0.1953032633572887,0.43394858155348887
meningioma,sagittal,5303.0,591.4112549695428,0.8309307427138828,0.36790812031239695,0.9789473684210527,236.84466019417476,0.9574104734525397,0.4086876579841576,0.5684462385958862
meningioma,sagittal,549.0,146.8528137423857,0.7011494252873564,0.5093827563346709,1.0,1331.039314516129,0.8496908981157434,0.30608414539922896,0.38661769872883683
meningioma,sagittal,957.0,270.4274528917193,0.6392785571142284,0.7796622706241805,0.6964285714285714,719.5122727272728,0.9074193006453175,0.46465785421921296,0.5440210874063955
meningioma,sagittal,2658.0,432.144227664784,0.8165898617511521,0.5288910763221809,1.1428571428571428,680.1532947686118,0.9249497269503256,0.5612459275487873,0.6588224554730184
meningioma,sagittal,3938.0,483.5229073212244,0.7694411879640485,0.5468304534114315,0.9090909090909091,510.83721264367813,0.9398492062444307,0.3829370711605477,0.5402177608372127
meningioma,sagittal,4365.0,533.3635277547903,0.7979890310786106,0.5571754805683028,0.9659090909090909,542.0931295715781,0.9315292778814146,0.362465027699168,0.5456686682172935
meningioma,sagittal,1367.0,301.08430714121175,0.6512625059552167,0.8121345505588395,1.3333333333333333,438.53823138297884,0.8757829610857998,0.4750856820192889,0.5445082217728652
meningioma,sagittal,2678.0,556.7838379715733,0.6700025018764073,0.6996393752340376,0.7272727272727273,826.7162356321838,0.9141092038847732,0.443690641126686,0.5570815708752619
meningioma,sagittal,3183.0,506.04372260139564,0.7356135890917495,0.6449506360251687,1.0,286.25647854880503,0.9115084977243224,0.8128795651417728,0.8581961462126079
meningioma,sagittal,5406.0,604.9970414071697,0.8394409937888199,0.6470022222898628,1.0,729.4600313479623,0.8954281434895267,0.242809153511504,0.4595796490432393
meningioma,sagittal,8770.0,722.0153313703993,0.8622554321109035,0.44509817211939845,1.0,496.58960746460735,0.9139515050895851,0.25592252478538496,0.5366815609863469
meningioma,sagittal,11921.0,909.2529214236353,0.8595428653832288,0.49712135702479765,1.2,296.0231092436975,0.9286504111844301,0.2609321618766452,0.5367803749581768
meningioma,sagittal,13496.0,918.5605332682101,0.8669621635511017,0.43713743854533865,1.0588235294117647,225.99686213991765,0.9416290682941103,0.26899844326981354,0.5724972229684578
meningioma,sagittal,3758.0,695.2874093090415,0.7184094819346205,0.7416643508898997,1.0,687.0444096133753,0.8893276288170734,0.445113824479443,0.5255053679508739
meningioma,sagittal,13517.0,1084.8630944789018,0.8275883181289414,0.3854820689286007,1.0955882352941178,295.9712475633528,0.9389417041085928,0.30337523165773445,0.5718251908595267
meningioma,sagittal,6880.0,743.056961930742,0.8011178388448998,0.6926715921898196,0.704,483.751968503937,0.9113297853977445,0.3289396007675903,0.5639224734201339
meningioma,sagittal,15061.0,1064.7270555095806,0.8605793954631163,0.6545565156392826,0.9,330.69955450733755,0.9505986078516979,0.30446537690957165,0.47117404758595927
meningioma,sagittal,13171.0,1042.6915216036477,0.8546492764908182,0.6250373478580208,0.9432624113475178,319.4412793089265,0.9462814432095003,0.27986771652337306,0.4969222822143209
meningioma,sagittal,5493.0,653.6305550595491,0.7646158129175946,0.7549753305238028,1.1666666666666667,459.5141917293232,0.9204389730250405,0.4344232575833426,0.6263520049025635
meningioma,sagittal,6249.0,620.4823227814082,0.8184675834970531,0.6849380439151296,1.0485436893203883,286.9791955617198,0.9419033871655069,0.4160890997022468,0.6248960324726303
meningioma,sagittal,6780.0,739.9858941188766,0.8163756773028297,0.5655176237664925,0.8571428571428571,378.56259384384384,0.927881443824529,0.31426088129430335,0.5309144435460025
meningioma,sagittal,5299.0,591.0386719675123,0.8072821450335161,0.48725263327068613,0.875,492.8430622009569,0.9197850261340307,0.3046814382733604,0.5174006299001823
meningioma,sagittal,3994.0,648.6894295625948,0.7796213156353698,0.5249637032997739,0.7956989247311828,646.3147368421053,0.9050090570124599,0.40426638568593337,0.5556990481439015
meningioma,sagittal,2463.0,591.7899346259832,0.6410723581467985,0.7090239131331003,0.7272727272727273,882.523886494253,0.8901738762451966,0.4628446012910412,0.5631260534421231
meningioma,sagittal,4742.0,541.848809129029,0.7957711025339822,0.6701741735596277,0.8076923076923077,399.70719329214467,0.931811102731845,0.42999076265788705,0.522522771413997
meningioma,sagittal,1478.0,369.81832585697947,0.6519629466254963,0.7037756116192584,0.734375,1043.25,0.8662913222629602,0.41309124875032,0.5008335853306617
meningioma,sagittal,873.0,232.31475451951133,0.6603630862329803,0.6970369356133049,1.0,778.3051282051283,0.8207331545763281,0.2824061724176587,0.4200334264268491
meningioma,sagittal,3137.0,532.263022691402,0.7786051129312485,0.7333251617094799,1.25,718.4940476190478,0.9192290639052236,0.31020881542080175,0.4187491644885724
meningioma,sagittal,4005.0,519.0203820042827,0.7668006892590465,0.7953139729780935,1.3333333333333333,677.1649061032865,0.924902037002101,0.3486701612694386,0.4600588346146728
meningioma,sagittal,4132.0,638.5472939388638,0.7966069018700598,0.7899904350276051,1.2222222222222223,531.0920294494238,0.9332506131385357,0.26535550466821306,0.37799526034756736
meningioma,sagittal,2320.0,402.309703885628,0.7626561472715319,0.5935891752437626,1.1428571428571428,776.9201704545454,0.8644855372366048,0.2625298985580122,0.42956321128163
meningioma,sagittal,2491.0,322.0548698896889,0.7928071292170592,0.6219812798520262,1.0,525.6542658730159,0.9272712067893146,0.3145614757352262,0.49771348408860855
meningioma,sagittal,6724.0,918.9747468305834,0.7564405444931939,0.8175193307617556,0.7058823529411765,593.8357253086419,0.9055613928435594,0.42873189496585395,0.581389965354824
meningioma,sagittal,4873.0,816.033621333629,0.6592261904761905,0.9093363570557748,0.5555555555555556,545.7715034965034,0.9017560388684794,0.5259354970884335,0.6675244862546432
meningioma,sagittal,2059.0,335.56958851545033,0.8199920350457985,0.8261342933735658,0.5633802816901409,854.2795774647888,0.8486235622724144,0.1891212228627862,0.4046639734391379
meningioma,sagittal,5504.0,600.3401871576774,0.8440423247968103,0.6322150777739596,0.9166666666666666,448.03169856459317,0.9086849038409821,0.28254921645093867,0.43188452709478437
meningioma,sagittal,1776.0,412.41020894901635,0.6972909305064782,0.7184764255955537,0.6956521739130435,667.4398474178405,0.8470657951417848,0.38560044769333685,0.5379348492382436
meningioma,sagittal,6435.0,1054.827560572969,0.6289707750952986,0.8957914622730216,1.3083333333333333,380.7631827731091,0.9390783539285802,0.6162160715975211,0.7015262227723003
meningioma,sagittal,9985.0,1161.1889962867062,0.6769950505118991,0.8495441323797047,1.0855263157894737,369.85162409334606,0.9519178270017127,0.5711016204984313,0.6841222140422387
meningioma,sagittal,11374.0,1090.9047250392443,0.7866380800885262,0.7389595816698274,1.0780141843971631,380.2563029076186,0.9342774031526617,0.43398741022439763,0.6146897917419775
meningioma,sagittal,12360.0,1161.1534623807734,0.7470083403843829,0.7015659852094936,0.8242424242424242,305.87940295878826,0.9395079302891554,0.4134603109588601,0.5839325893885393
meningioma,sagittal,9608.0,800.1574669941303,0.8394198846758693,0.7414224984763202,1.0,360.94894957983195,0.945140153985471,0.28684433779412793,0.43308674157363386
meningioma,sagittal,10815.0,1003.6437943888953,0.8322431704501732,0.5659867175511417,1.0666666666666667,359.62375262605036,0.9403343413977504,0.23922167610428569,0.4001675370377194
meningioma,sagittal,9466.0,978.3361825443204,0.8435216538941365,0.43595734448278095,1.0714285714285714,529.6212462462463,0.931258252687845,0.2386256684948616,0.3905690192589845
meningioma,sagittal,7078.0,716.494516090228,0.8287085821332396,0.4175967845490876,0.9719626168224299,656.792532917533,0.9052826393268226,0.3319303941858314,0.48022797934981454
meningioma,sagittal,5346.0,701.6366517139589,0.7762450994627559,0.6982140530187517,1.0833333333333333,337.5404858299595,0.9150482900463741,0.4075511155468813,0.5371012991254788
meningioma,sagittal,2152.0,375.2680733252853,0.7508722958827634,0.7220198080993464,0.6,1009.4997362869199,0.8233256278067541,0.3573630429415827,0.5225153222330641
meningioma,sagittal,1843.0,339.88329701443513,0.7221786833855799,0.4393907820372442,0.875,468.0189909297052,0.9193452075680907,0.3931600032481849,0.5488386803533005
meningioma,sagittal,1693.0,371.9898987322333,0.7010351966873706,0.2782057394760015,1.0,494.0347402597404,0.9000593449708593,0.3553950740050954,0.490110632567922
meningioma,sagittal,3579.0,419.99599538664324,0.8564249820531228,0.5662062363039979,1.171875,634.109126984127,0.9258873087490365,0.22731298673973555,0.398471491929446
meningioma,sagittal,4964.0,608.5056633785213,0.8334452652787105,0.4414331422062867,1.075,365.5151035673189,0.9176982918812935,0.23237332816323936,0.43837451239369735
meningioma,sagittal,5643.0,792.4417382415921,0.7785596026490066,0.547857568878634,1.0,638.1473684210524,0.9179550554744947,0.32237848138914776,0.49440748899518094
meningioma,sagittal,4743.0,689.7604973744603,0.7484614170743253,0.5397092278927826,0.7692307692307693,524.5310679611651,0.9154923956896072,0.36165776488080087,0.5113269813260475
meningioma,sagittal,453.0,153.12489168102786,0.6317991631799164,0.7989233495846871,0.90625,381.71270161290323,0.9318636332817347,0.4283242285594778,0.4771718708246133
meningioma,sagittal,2509.0,456.7949852598665,0.7661068702290076,0.6581327994750531,1.0,787.4970238095237,0.8567427056103021,0.2926760697378753,0.46784323009960216
meningioma,sagittal,3682.0,489.422402257836,0.8094086612442295,0.6524779329824749,1.0,543.33313771518,0.8906516136807618,0.2189431221179149,0.5087315276088908
meningioma,sagittal,2925.0,480.42240225783604,0.7787539936102237,0.623649099523127,1.0285714285714285,493.320226917058,0.8904719509330161,0.36418917797807315,0.5619209351070428
meningioma,sagittal,2226.0,440.4812767608817,0.6796946564885497,0.48143447025078134,1.0,385.32018849206344,0.9441409893173167,0.38435099141610746,0.5198534308030497
meningioma,sagittal,1656.0,372.13203435596427,0.7250437828371279,0.5523121645706129,0.8571428571428571,948.4795454545452,0.8302988157386536,0.2501964907350318,0.39254323853337036
meningioma,sagittal,3896.0,636.653895656662,0.7470757430488975,0.5127547802763899,1.2222222222222223,1025.8612355953903,0.9106540919302489,0.3007297406315617,0.44742211802062737
meningioma,sagittal,9776.0,887.8326112068523,0.8160948326237583,0.6567119121443258,1.0158730158730158,278.22459399606294,0.9271078512075767,0.3585977152654869,0.6086023412695861
meningioma,sagittal,12516.0,896.3889603929564,0.8610346725371492,0.5635664605178095,0.9444444444444444,178.54648292883587,0.9462285565412729,0.32345629340351256,0.5919904387337886
meningioma,sagittal,14000.0,1069.5554826343268,0.8244023083264633,0.7102031966820035,0.625,214.82242582897032,0.9467649000773598,0.3535836494710442,0.6066716257054355
meningioma,sagittal,13703.0,944.1818536117698,0.8507481219345626,0.7646460047691107,0.7619047619047619,204.36236901197606,0.9573454699426488,0.33098134560182807,0.58943726127834
meningioma,sagittal,12353.0,995.8153672641491,0.8316838349155052,0.8116357540109785,0.7142857142857143,265.67994011976043,0.9565387429443271,0.3491304632372225,0.5734592604443265
meningioma,sagittal,8865.0,848.3412331782039,0.8059090909090909,0.8088330088511314,0.7777777777777778,316.33116883116884,0.9552734031034588,0.4083829447633656,0.5947258799541095
meningioma,sagittal,5084.0,765.9209229614208,0.766817496229261,0.863282511857353,0.6666666666666666,572.8294117647059,0.919178048095347,0.4055818498035263,0.565252311273473
meningioma,sagittal,4402.0,709.1452736853105,0.7073758637313193,0.8224416651134447,0.7142857142857143,570.4201576576577,0.9367228405297324,0.4454355984110287,0.5463687451381314
meningioma,sagittal,3192.0,442.4873734152916,0.8190916089299461,0.4596926033444675,0.8888888888888888,585.0099031690141,0.9163209492856494,0.21909019150211986,0.4056628427420943
meningioma,sagittal,2086.0,361.2325394193526,0.7937595129375952,0.3000573412348403,1.0,923.0545454545455,0.8684663221811735,0.24710202623178332,0.42738792550462756
meningioma,sagittal,5577.0,688.5655839020935,0.7879344447584063,0.6823295776594647,0.7142857142857143,602.3822072072072,0.9196430239549772,0.313146863176652,0.4695093057478134
meningioma,sagittal,3815.0,514.842712474619,0.7793667007150153,0.5633286388507788,1.105263157894737,571.2856731875719,0.939255223300583,0.38863143252772064,0.46890071975255854
meningioma,sagittal,3652.0,478.28636328851496,0.8102950965165299,0.4478678456396202,1.0694444444444444,603.5200704225351,0.935036875195461,0.2942028364351284,0.4098659248633416
meningioma,sagittal,6702.0,871.589970519733,0.7664684354986276,0.8103836667346634,1.0,321.91167953667957,0.9236347158844543,0.41128017658986143,0.5720884041154526
meningioma,sagittal,6639.0,797.16356364854,0.7059761803487877,0.6743727339760094,0.8125,488.71645972138106,0.8730082770589948,0.4477515470998973,0.625920473259103
meningioma,sagittal,7758.0,903.7382027978739,0.7737109803530468,0.7145131320685003,0.875,443.0400731158605,0.9048489793474993,0.4116060946103741,0.5961822660410322
meningioma,sagittal,5592.0,581.4406922210655,0.7942053685556029,0.6682840890206406,1.0,544.9404605263157,0.8900257620837663,0.3359258492990688,0.5216661504233358
meningioma,sagittal,8156.0,832.6549416771886,0.8071251855517071,0.6598138475642715,0.875,467.8918025871767,0.9097280586861207,0.38280040664977266,0.613649953763232
meningioma,sagittal,12758.0,958.6376977344855,0.8494573540182435,0.6785000209318262,0.8205128205128205,288.0827437106917,0.9278848493911894,0.3353851532603706,0.6388138913639773
meningioma,sagittal,15593.0,1041.1351724175438,0.8795690433212996,0.7074422410149322,0.7619047619047619,194.43735965568868,0.9343564171733363,0.24507439157527605,0.6322715042597622
meningioma,sagittal,16355.0,1057.999133448223,0.8850587152984469,0.6859005138539274,0.9,169.81822152341022,0.9357205712175493,0.25957171202767526,0.6216901867983955
meningioma,sagittal,5988.0,511.70667350529794,0.8576339157834432,0.5431706906638984,0.9166666666666666,572.8205741626795,0.9209030346240505,0.2408491709073542,0.4250717224446419
meningioma,sagittal,12142.0,929.2234841721124,0.8527883129653041,0.7087995875680307,0.8888888888888888,248.1814903846154,0.9146795988203187,0.299387802833412,0.6632665141872263
meningioma,sagittal,6372.0,844.0397179880389,0.7417927823050058,0.6592943491009436,0.9642857142857143,372.62829794079795,0.8835476406777111,0.4309947006383946,0.6470899728791515
meningioma,sagittal,92.0,81.80508652763321,0.34074074074074073,0.8784568461242244,1.5,8191.741666666668,-0.036634668597693,0.5096446353303326,0.5358656778727938
meningioma,sagittal,2966.0,349.54015126392744,0.8369074492099323,0.6039459621497216,0.7777777777777778,455.54778672032205,0.9156602202383933,0.2014985473020933,0.5448256911876952
meningioma,sagittal,2802.0,462.66504294495536,0.7530233808116098,0.5018573942544257,0.8888888888888888,673.9091109154931,0.9201471718459704,0.3029580910101269,0.5190510107219781
meningioma,sagittal,1535.0,292.04877323527904,0.7498778700537372,0.4117280001314956,1.0,1446.2664007092199,0.8454095136055917,0.21927291416124417,0.3631593087314992
meningioma,sagittal,4485.0,472.42240225783604,0.821729571271528,0.31558941758571607,0.8522727272727273,523.591235632184,0.9214172182009392,0.2939148287497428,0.4399109266242126
meningioma,sagittal,6373.0,652.8315651863257,0.8515499732763229,0.43906017454899815,1.0,627.265350877193,0.916539801907381,0.25170218260337107,0.428024218259364
meningioma,sagittal,7013.0,618.4112549695428,0.8375731517974442,0.4285710147167961,0.8571428571428571,535.4307432432431,0.9391537595046967,0.2909400115953525,0.5142871457568252
meningioma,sagittal,663.0,222.45079348883237,0.6610169491525424,0.6159505969860039,0.8,1030.5416666666665,0.82788283715797,0.3144912111872712,0.3895311735488465
meningioma,sagittal,5186.0,530.7066735052979,0.8290967226219025,0.3236486070998072,1.0,465.6504702194358,0.9321760878142107,0.2713152203436788,0.4883523942590567
meningioma,sagittal,1359.0,323.2914139223983,0.6825715720743345,0.5660425322118291,0.9444444444444444,647.3525974025974,0.8910896198199895,0.4431486358349778,0.5199546226018014
meningioma,sagittal,1609.0,389.9959953866432,0.6995652173913044,0.6110755130412205,1.0,544.0392857142858,0.8988242178481889,0.3823397632370993,0.49771016245503097
meningioma,sagittal,2548.0,394.6173157302029,0.7952559300873908,0.5605868030767975,0.7777777777777778,795.4325955734408,0.9055603514845654,0.28810710726690375,0.4518823787714369
meningioma,sagittal,3875.0,501.70667350529794,0.7969971205265323,0.5085493534559479,0.8181818181818182,662.404853128991,0.9292635732191425,0.31328827741283294,0.5137774414359745
meningioma,sagittal,5516.0,706.8082245892128,0.7412982126058325,0.787245245673584,1.0288461538461537,761.7734916782247,0.9226677474395636,0.46829892595884826,0.6330193468702364
meningioma,sagittal,5607.0,678.1452736853105,0.729318418314256,0.7594202575611774,1.0,683.3654779686333,0.9213343494299105,0.42305541750129844,0.6168341285389722
meningioma,sagittal,5763.0,738.4295449327725,0.7568951930654059,0.6183957884806526,1.0673076923076923,753.9202496532594,0.9108071828035853,0.4517387813095931,0.63660666153685
meningioma,sagittal,4265.0,746.2579720575187,0.6987221494102228,0.7172981328926173,1.0,677.310307017544,0.9180963952898631,0.47348121462552517,0.6273984802036249
meningioma,sagittal,4884.0,638.9381669041239,0.7853352629040039,0.7485695068608236,1.0,657.2642371995822,0.912126188070035,0.3089023021109118,0.5013003905118183
meningioma,sagittal,7595.0,799.9503602129438,0.8268916712030484,0.6706553411924773,0.8,448.0204831932774,0.9228794036294244,0.29028275636012973,0.5507356683867528
meningioma,sagittal,2439.0,355.5401512639275,0.7983633387888707,0.4595293364491203,1.1428571428571428,567.6698863636362,0.9273167188962298,0.2395609961589779,0.36215770997166175
meningioma,sagittal,9799.0,814.6488450227787,0.8557331237446512,0.47128803706039984,0.875,317.13420978627676,0.9321895889501268,0.2728092766033135,0.5653367156135118
meningioma,sagittal,9892.0,772.4062043356594,0.8599495783708597,0.41281870028036705,0.875,337.73854049493815,0.9206599845422001,0.2655782440094791,0.5764206741474656
meningioma,sagittal,8705.0,721.222438151586,0.8562014360184912,0.3608135896626832,0.9333333333333333,322.41866746698685,0.9250226084049311,0.3012533608308055,0.5788621368419233
meningioma,sagittal,6940.0,653.2457787486989,0.8407026044821321,0.4159970144289819,0.9230769230769231,350.05916262135923,0.9124798587912962,0.25816202600402427,0.5516262293896508
meningioma,sagittal,4934.0,633.0325753131024,0.8147291941875826,0.590152219224038,0.898876404494382,485.8015789473684,0.8855123560297482,0.2904836448450027,0.5537042444627363
meningioma,sagittal,2845.0,403.8244225113894,0.8135544752645124,0.5538051350532571,1.0,718.732390873016,0.8723272639902626,0.22783413608535413,0.45728451980672197
meningioma,sagittal,5604.0,628.3462838120872,0.7902975602876886,0.647993153328533,0.8461538461538461,568.510370697264,0.9042584281904018,0.3286934498208749,0.5530658333372764
meningioma,sagittal,6093.0,638.1036431249679,0.7953269808119044,0.5876697780254847,0.8571428571428571,511.86326951951946,0.9047363973930725,0.37677475294661494,0.606416903569674
meningioma,sagittal,5102.0,656.8670990922586,0.7645736550277237,0.5949126247254228,0.8461538461538461,582.8849293909974,0.877265576346173,0.3834511918138372,0.5957014585656484
meningioma,sagittal,7927.0,822.4894654563446,0.7772330620649083,0.715155515190678,0.8203125,331.96509895722494,0.9236837224695716,0.3914620676101861,0.6382610323562166
meningioma,sagittal,2575.0,431.6234123846127,0.7923076923076923,0.6373013913428301,0.7777777777777778,1041.0671529175052,0.8517776908550133,0.27051064493276133,0.4462615724244784
meningioma,sagittal,10333.0,866.6316010800757,0.8341136583790765,0.596046974234381,0.916030534351145,288.71370370370363,0.9324244797972595,0.318650635940678,0.6319358688809219
meningioma,sagittal,9892.0,760.5716805565035,0.8529056733919641,0.6144937039861128,0.875,312.4718082114737,0.9246999955208556,0.26711626393377236,0.6106704916224677
meningioma,sagittal,7953.0,704.7726906832801,0.8272311212814645,0.5887453959020608,0.8125,282.441474863719,0.935519485574878,0.3554324209774164,0.6328078105000143
meningioma,sagittal,5959.0,636.4173516239528,0.8108586202204382,0.5754594506511442,0.8727272727272727,435.8129692192192,0.9298944361593546,0.3852712806839553,0.5933666317301326
meningioma,sagittal,4204.0,484.2569260369921,0.8059815950920245,0.5915608048744639,0.9302325581395349,441.09985632183907,0.936294247241878,0.338211692064445,0.5348664510735245
meningioma,sagittal,4898.0,472.7300141024109,0.8600526777875329,0.5100973309052624,1.0,319.24751828631145,0.9508563870536952,0.3115199791230118,0.5127546909160591
meningioma,sagittal,4950.0,631.7960312803931,0.7912404092071611,0.5312920753925474,0.8811881188118812,403.19751213592235,0.9430632329395517,0.4396894293461809,0.6248588303165853
meningioma,sagittal,3583.0,625.2752160002217,0.7644548751866865,0.42337755681850264,1.0,594.6205696202531,0.9075993271944118,0.3610842870879732,0.5078139140331884
meningioma,sagittal,3458.0,460.6295090390226,0.818655303030303,0.5578587615230032,0.8,519.6420094936709,0.9214281751864356,0.2515009045489381,0.48787376841046604
meningioma,sagittal,4875.0,635.6183617507294,0.7950097847358122,0.5876845620063618,0.9166666666666666,292.75155502392346,0.949500066952573,0.36042936676490017,0.5575248273098469
meningioma,sagittal,3049.0,377.47518010647184,0.803425559947299,0.5940815631815003,0.8888888888888888,787.5147447183098,0.9119922325789367,0.27234121582535886,0.45266807947415005
meningioma,sagittal,5065.0,489.28636328851496,0.8462823725981621,0.5260253282688675,1.0,316.2233542319749,0.9459033957182115,0.28648186446285223,0.49211102197404155
meningioma,sagittal,4865.0,611.9909447527598,0.7870894677236693,0.5127795362397505,0.9166666666666666,429.6257177033493,0.9313742029988056,0.34553386352659593,0.5583519946074547
meningioma,sagittal,3969.0,657.938166904124,0.7173323694198446,0.5481968355657524,0.8333333333333334,427.9113157894738,0.9289705482162482,0.40829634303972423,0.5784736636756203
meningioma,sagittal,3251.0,553.8132752230961,0.7351876978742651,0.8166012154754643,1.1282051282051282,549.6963463751439,0.9308301503865887,0.4621216349852834,0.5816998607834004
meningioma,sagittal,5292.0,616.3401871576773,0.7981900452488688,0.7369208299560766,1.0909090909090908,385.47318007662824,0.9423442183659968,0.3103650940261696,0.49480017936381604
meningioma,sagittal,5816.0,538.3635277547903,0.8347925936558059,0.7368258168015406,1.0,376.5690789473685,0.9587167843538253,0.3225611910955817,0.5318782918282361
meningioma,sagittal,5432.0,714.3290398693841,0.7858796296296297,0.6724529609527792,1.0,270.0094298245614,0.9450650780971375,0.3508904791207157,0.5632916319801783
meningioma,sagittal,3355.0,466.0731598529186,0.7473824905324126,0.4424300553970888,0.9,340.66332630098447,0.9358860666691312,0.3540958495591364,0.5261213598038021
meningioma,sagittal,8407.0,821.6549416771886,0.8321290705730972,0.6917196705869367,0.75,438.76041666666663,0.9234865266905851,0.2662941883203153,0.5403406366248982
meningioma,sagittal,9342.0,1020.8214639185591,0.7532656023222061,0.7083063774610342,0.8333333333333334,486.6820512820515,0.9263250428570889,0.4116157644527012,0.5638085375126984
meningioma,sagittal,9419.0,1110.4966081312812,0.7296459834224185,0.598580848426663,0.7228915662650602,325.4763473053892,0.9492759902606003,0.4896334228088591,0.6196939266133631
meningioma,sagittal,9276.0,1138.5615792887368,0.7151888974556669,0.5786212169475509,0.75,299.88946540880505,0.9460394482701119,0.4702777605175591,0.6042686661715847
meningioma,sagittal,5454.0,819.1757569573599,0.6916930881420419,0.6991125957200799,0.7857142857142857,496.7981162981163,0.9131995043587889,0.3867889953756677,0.5159350303939002
meningioma,sagittal,2346.0,553.3340905032675,0.5768379641013032,0.7838965905572808,1.0,455.1816455696204,0.9221698995388707,0.5588579931873852,0.6167423869971125
meningioma,sagittal,2064.0,428.1025971044414,0.6356636895595935,0.8569882956332192,1.0,627.22906885759,0.9118177286572324,0.5279814228099126,0.5995595778355223
meningioma,sagittal,1889.0,338.5756851698602,0.756204963971177,0.4741009853767981,0.7868852459016393,704.2222222222223,0.8751122809351498,0.2833973486242331,0.440554316301624
meningioma,sagittal,2047.0,312.35028842544403,0.7780311668567085,0.531990141582274,0.75,700.8458994708996,0.8804069844169039,0.23417718911390706,0.42365292902149454
meningioma,sagittal,2995.0,429.2091988222396,0.7707153885743695,0.44570360193202463,0.9583333333333334,811.9982394366198,0.8947658699269777,0.34562029909026276,0.5232670523714518
meningioma,sagittal,3453.0,389.9249275747777,0.8465310125030645,0.35716273426758954,1.0,634.3182707355243,0.8726956706391077,0.26294321721232805,0.44954759595613203
meningioma,sagittal,7303.0,810.9564568673536,0.7964013086150491,0.5189488061683645,0.8833333333333333,271.46548619447776,0.9531123336377945,0.39749023503389347,0.609381032885701
meningioma,sagittal,8664.0,618.6538956566621,0.8782564622402432,0.4145271669826748,0.9285714285714286,205.71214483714482,0.9567310791236785,0.2078126349545959,0.5038861416886485
meningioma,sagittal,5532.0,531.706673505298,0.853440296204875,0.47490640061795536,0.8333333333333334,436.2232894736842,0.9334452031648893,0.21356623088002272,0.48420399864400865
meningioma,sagittal,2249.0,407.6528496361356,0.729484268569575,0.5932189303261649,1.0,735.2323908730159,0.9122961526024044,0.3675360519223009,0.5206590103187082
meningioma,sagittal,6778.0,609.3757210636102,0.8668627701752142,0.7246493997059679,1.4,532.7772377938517,0.8963455862046988,0.18919339106783697,0.4613500931339628
meningioma,sagittal,1785.0,443.48127676088177,0.6584286241239395,0.8071567089062381,0.984375,689.6009424603171,0.9244384041425014,0.48508119709433256,0.5778372943223511
meningioma,sagittal,2733.0,564.4406922210657,0.6316154379477699,0.8262137080309624,0.8181818181818182,467.42911877394647,0.9483709677670906,0.4910432358159879,0.5804696007149834
meningioma,sagittal,1737.0,357.0965004500315,0.6967509025270758,0.7398580947016172,0.6857142857142857,648.2596830985915,0.9334340459059904,0.4058729209536863,0.5194408152927815
meningioma,sagittal,4214.0,512.2924599429248,0.8028195846827967,0.42396347068379775,0.7659574468085106,504.25584795321646,0.9240475093165712,0.3292147711056953,0.5637987046177766
meningioma,sagittal,5545.0,600.3757210636101,0.8228223772073008,0.6209906079181828,1.0909090909090908,422.87655651341,0.9396097885752503,0.2872007281502359,0.5508868756796967
meningioma,sagittal,6221.0,587.0264786586926,0.8348094471282878,0.5749060494770982,1.0,435.9281798245615,0.9221117126193834,0.2770772476751005,0.5603980964248387
meningioma,sagittal,3489.0,512.0853531617382,0.7654673102237823,0.5993957897497306,1.1111111111111112,570.6897887323944,0.9099531904972884,0.32541341223332676,0.5305648338631335
meningioma,sagittal,2292.0,434.90158697766475,0.7539473684210526,0.49908324121264164,0.8615384615384616,745.5716800804829,0.8959277533517436,0.3328779581039236,0.4749111971781996
meningioma,sagittal,2695.0,392.47518010647195,0.7933470709449514,0.38684705520809465,1.0,784.9362599206347,0.8735452663136831,0.2622119593700267,0.49274783302438885
meningioma,sagittal,2445.0,423.23863607376245,0.7572003716320842,0.5605140776411384,1.125,540.5621693121694,0.9054146712628002,0.3856107485335211,0.5533865029329237
meningioma,sagittal,2834.0,578.3340905032675,0.6220368744512731,0.8493063328236767,0.75,479.05394736842106,0.9304980199329949,0.5195406086971063,0.6029795022490309
meningioma,sagittal,1231.0,377.3746750430835,0.6812396236856668,0.6447609079901412,0.7142857142857143,1279.7818181818182,0.825508704425081,0.31148620679701594,0.4163244835322885
meningioma,sagittal,903.0,259.14927829866735,0.6978361669242659,0.3285074307736094,1.0,1024.3179487179489,0.7860402650311697,0.3210834663657389,0.42707798818678705
meningioma,sagittal,1199.0,347.84776310850236,0.5579339227547696,0.890607062374495,0.9032258064516129,988.0328798185941,0.8772558637015374,0.5804494200946436,0.6274142122347495
meningioma,sagittal,2972.0,632.38181771802,0.6220175805776476,0.8132093620475989,1.1,905.5674626006909,0.9139126707229612,0.49697754833753527,0.5657706662288385
meningioma,sagittal,4613.0,649.1391770309007,0.7416398713826367,0.6361750687988624,1.0,654.8122807017543,0.9208295888860007,0.43783461789114414,0.6038442840076282
meningioma,sagittal,3948.0,600.4406922210657,0.7405740011254924,0.3412478154211039,1.0875,429.34536823935554,0.912403886384167,0.36270419757224137,0.5836982306962364
meningioma,sagittal,1471.0,326.91273426595797,0.7193154034229828,0.5526373789685217,1.125,789.9878419452887,0.7754757412222067,0.3508619804526412,0.5204057972353219
meningioma,sagittal,3036.0,429.2741699796952,0.8148148148148148,0.5634783037725342,0.8888888888888888,620.2196302816902,0.9055684952247025,0.25752095082693477,0.4796550596049955
meningioma,sagittal,3212.0,414.23863607376245,0.7629453681710214,0.6068988457387113,0.7272727272727273,349.0610632183908,0.9461881122526035,0.3572132585299499,0.562208402886823
meningioma,sagittal,2264.0,525.7422074112307,0.6927784577723378,0.38599115885249496,0.9571428571428572,569.576682316119,0.876187772597346,0.47709380763462444,0.5908054493381422
meningioma,sagittal,962.0,217.20815280171308,0.768370607028754,0.44668876814869113,0.925,422.074358974359,0.8850283128234756,0.2625565434859407,0.39492690793350954
meningioma,sagittal,2822.0,496.3929650063132,0.7815009692605926,0.629156196295961,0.8888888888888888,603.5636003521128,0.9370557497129572,0.3176201015177053,0.40348094740929447
meningioma,sagittal,6722.0,959.7026688919411,0.6791270963831078,0.6341896508502111,1.1851851851851851,376.71389358108115,0.9306824025746298,0.4771825491339478,0.6093164797058558
meningioma,sagittal,3754.0,496.1147904132612,0.7985534992554776,0.7447070894041147,0.6666666666666666,473.6493421052631,0.9415204296100316,0.3279264172860824,0.41689744297534403
meningioma,sagittal,4231.0,577.4701294725886,0.7880424660085678,0.7662987929904223,0.75,596.2963450292399,0.9024663556579775,0.310485134409864,0.4653919733793573
meningioma,sagittal,1778.0,332.84776310850236,0.750210970464135,0.6679683332035902,0.9824561403508771,470.8874716553288,0.8846200525249991,0.40192284010176377,0.5105178670508366
meningioma,sagittal,943.0,242.31475451951127,0.689327485380117,0.46846431599296773,1.1,374.23878205128216,0.8799011433201468,0.39118214431474463,0.5039923149935183
meningioma,sagittal,2787.0,429.90158697766475,0.7743817727146429,0.4187598558970468,1.125,245.53042328042324,0.9443152967060792,0.3136421006402997,0.5313192355617413
meningioma,sagittal,4372.0,601.6833329081849,0.756401384083045,0.5338118828444184,1.1162790697674418,52.37744922341696,0.9650302399592771,0.8222121213877968,0.8773541491424041
meningioma,sagittal,3390.0,557.3696244092001,0.7447275922671354,0.6389833266735018,1.0,311.90806962025323,0.934537436853351,0.39394694076319065,0.5679014278253698
meningioma,sagittal,3678.0,638.3107499061545,0.7081247593376974,0.7612408386595408,1.3333333333333333,166.00894953051647,0.9578230154271288,0.3895214290159923,0.5164668555683952
meningioma,sagittal,2878.0,491.63560569343247,0.7282388663967612,0.6347443901229674,1.125,544.3547178130511,0.911860787057396,0.27808157325794725,0.3621518965459806
meningioma,sagittal,4461.0,524.1919548795365,0.8372747747747747,0.6050259336017094,1.2222222222222223,363.8004161331627,0.9437258414729589,0.2248781388554884,0.32914148914021857
meningioma,sagittal,2434.0,401.71782079359116,0.7763955342902711,0.5763212618074228,0.7777777777777778,649.692907444668,0.9229274662678251,0.31403295030223627,0.4234842507474231
meningioma,sagittal,5140.0,934.9158723275375,0.672246926497515,0.8262009152405765,0.7719298245614035,1430.3182773109243,0.869392270079988,0.4414395759198088,0.5606165425336682
meningioma,sagittal,8453.0,944.294551983978,0.7583206243832421,0.6423128984748554,0.7777777777777778,874.1489135864135,0.9158443311490265,0.4249441487979922,0.6021748303491595
meningioma,sagittal,6701.0,594.5056633785213,0.8475841133316468,0.367068864254937,0.9411764705882353,531.5990088996765,0.9107117753564732,0.26408531051553713,0.5409190239076027
meningioma,sagittal,3397.0,518.1858582251266,0.7637140287769785,0.43505935656748607,1.1111111111111112,888.1890845070421,0.8706247835629057,0.3388999907486259,0.5448972719000917
meningioma,sagittal,7781.0,670.7310601229375,0.8380183091007001,0.5894861158939142,1.0,480.9944498069498,0.9457726273063841,0.33023755183452724,0.5085124872383271
meningioma,sagittal,8089.0,637.4173516239528,0.8407649932439455,0.5201564710725128,1.1538461538461537,324.9550970873787,0.9511442705942912,0.31142343178399334,0.5204774440329298
meningioma,sagittal,6007.0,634.1391770309007,0.7857423152387181,0.44179661157438305,1.0833333333333333,549.7987854251012,0.9266614007682303,0.34159957264935864,0.5381670246908448
meningioma,sagittal,4471.0,457.10869375885125,0.8469407084675128,0.4458639508998567,1.0,952.4495253164557,0.8588295970641147,0.22739296137918186,0.43596735275974347
meningioma,sagittal,3100.0,360.5107140124046,0.8511806699615596,0.222094362681993,1.0,837.2604166666667,0.8428518830924581,0.17208620266404073,0.4131166320848326
meningioma,sagittal,1372.0,263.8355697996826,0.7826583000570451,0.6494656655435008,1.2,987.3803418803419,0.9120629287289482,0.17175827535215538,0.3412062258194527
meningioma,sagittal,1197.0,315.49852070358486,0.6356877323420075,0.8629944681320396,0.625,786.9722222222224,0.9060882028856416,0.41165045518463383,0.49990599851489537
meningioma,sagittal,3873.0,440.8954903232549,0.8316512776465536,0.540283839741765,0.9,550.992088607595,0.891591007069064,0.2632808811841288,0.5847507210487034
meningioma,sagittal,3830.0,425.3330444827409,0.7977504686523641,0.6814284262049105,0.8181818181818182,344.2611749680715,0.9283929292699866,0.3349705024846875,0.6511947516980805
meningioma,sagittal,8273.0,915.3178925810909,0.773033077929359,0.28116670486714995,1.024,213.96751968503935,0.9583940286231487,0.4475435405855346,0.6058558969697685
meningioma,sagittal,7226.0,598.541197284454,0.8479230227646093,0.4041835551238697,1.0297029702970297,302.8029312920089,0.948290970120902,0.27460949424173814,0.48912450904975396
meningioma,sagittal,4781.0,556.1269837220809,0.8172649572649573,0.4249345016568278,0.9090909090909091,441.4229885057471,0.9166609878431882,0.25255878559979617,0.4573206598785268
meningioma,sagittal,2634.0,405.6883835420683,0.7931345980126467,0.3569817833580623,1.0,226.55008012820514,0.9422651684803764,0.8583344024643831,0.8889206393435158
meningioma,sagittal,4036.0,595.7127701597078,0.7780990938885676,0.4879405400874056,0.9090909090909091,659.5626026272578,0.9174892952424277,0.46761498224227804,0.5914843795485368
meningioma,sagittal,1379.0,307.048773235279,0.6936619718309859,0.8114079362189814,1.391304347826087,447.75299202127667,0.8710465262648436,0.45919106364797796,0.530385825902177
meningioma,sagittal,741.0,242.10764773832474,0.6421143847487002,0.8268038332824057,1.5,1092.0241935483868,0.6706115829785232,0.3860733559090898,0.5003128973590525
meningioma,sagittal,3320.0,456.35133444597056,0.7957813998082455,0.6618450103703073,1.0972222222222223,651.0595070422535,0.8947646448037949,0.35145177853214243,0.5525462267961692
meningioma,sagittal,5172.0,528.819371877506,0.8455125061304561,0.6391601338092204,1.1,787.2141829689298,0.8775335093934356,0.19872597496805003,0.42997385162910295
meningioma,sagittal,8887.0,730.5361466505706,0.8540265231597155,0.4352027325552109,1.0,462.2207207207207,0.9180367603331598,0.24988801450248221,0.534227825376288
meningioma,sagittal,13220.0,891.0752518939715,0.868993623874318,0.40014145721980104,1.0588235294117647,214.55447530864203,0.9456618222644544,0.2872931196120135,0.595368645209138
meningioma,sagittal,12730.0,839.1046891454945,0.8735931924238265,0.44354474209449596,1.125,311.4274934383202,0.9333071281737879,0.2700041315735887,0.5641643459541411
meningioma,sagittal,7021.0,736.465078838705,0.7887877766543085,0.6898513184850746,0.6470588235294118,391.5950336700337,0.9287453510121277,0.36499073114991093,0.5939565827159833
meningioma,sagittal,11280.0,941.016377390926,0.8536400787044044,0.7026341200313815,0.7171052631578947,539.6015255439925,0.9263049067833261,0.2875632134073663,0.47479897516191766
meningioma,sagittal,15546.0,1247.893577750951,0.8469165395511005,0.6608697943150758,0.8323699421965318,303.9015476190477,0.9552894967216523,0.3471349720310592,0.5024730835113594
meningioma,sagittal,13160.0,1046.8336572273788,0.8670444063776519,0.6228277299131106,0.8888888888888888,301.70345279720283,0.9459155755182889,0.24097666222494843,0.4731988813497695
meningioma,sagittal,6350.0,639.0325753131025,0.8160904768024676,0.6764209651532077,1.0576923076923077,274.1113037447989,0.9433948477816144,0.4070324717871489,0.6198427859679104
meningioma,sagittal,6108.0,599.6538956566621,0.8309073595429193,0.5646478899862227,1.0,387.4696271929825,0.9244455513960703,0.27879176248209014,0.5227003944855069
meningioma,sagittal,5322.0,573.5767311903868,0.8111568358481939,0.5329125287333557,0.7692307692307693,444.1121359223302,0.9261759815799068,0.2959693450981318,0.5067730775162094
meningioma,sagittal,2558.0,606.6833329081849,0.6687581699346405,0.672520781333041,0.7272727272727273,773.2275502873562,0.9026957333090302,0.46565311506531426,0.5707212502129533
meningioma,sagittal,1285.0,347.43354954612926,0.6816976127320955,0.5316904717952347,1.0,1372.1781914893618,0.8268228843282749,0.3294422442941816,0.4399490152766683
meningioma,sagittal,3067.0,486.1147904132612,0.7462287104622871,0.7316931049714004,1.25,787.8079365079365,0.9121794975906306,0.32149087555090006,0.4305994617342854
meningioma,sagittal,4606.0,669.7249634685276,0.7292590246991767,0.8226332449872349,1.1818181818181819,540.6521883289124,0.9373981490487056,0.4258330731084863,0.5254793476161554
meningioma,sagittal,4203.0,695.1869042456532,0.7637652189714701,0.7978798790866926,1.1,571.859752589183,0.9293171902744726,0.3214369245529387,0.42252068142099436
meningioma,sagittal,2504.0,343.3980156401965,0.828042328042328,0.6703415127390931,1.1428571428571428,542.6454545454544,0.9158272303111195,0.2228029932742904,0.43718763412689565
meningioma,sagittal,6828.0,879.7676400493967,0.7477003942181341,0.8150306348617745,0.6875,574.409965034965,0.906277412815402,0.49131835303024407,0.6270692612430906
meningioma,sagittal,6358.0,993.5077554195744,0.6730891382595807,0.8634931117054434,0.5789473684210527,624.5891782059001,0.8831000683544482,0.4667305168158237,0.6112311361263773
meningioma,sagittal,1945.0,460.7949852598665,0.7067587209302325,0.6668418154682086,0.6666666666666666,550.2086267605633,0.8715904331983962,0.32361212420178725,0.4865832027805219
meningioma,sagittal,6362.0,1084.798123321446,0.5722766933525232,0.8952323454060496,1.1176470588235294,369.72748538011695,0.9380498261920394,0.6465663279480354,0.7263766800599396
meningioma,sagittal,8928.0,993.9514062334703,0.6822558459422283,0.7179890978594071,1.0208333333333333,299.0035425101214,0.9510770217826509,0.5533329732975935,0.6885995114215838
meningioma,sagittal,3485.0,476.3868683519033,0.7803403493058666,0.5365120711042003,1.0833333333333333,557.0845070422533,0.8817319353645828,0.3211204383026026,0.5250159740691394
meningioma,sagittal,6318.0,1073.8336572273788,0.6861424847958297,0.8465916059283,0.55,436.35606060606074,0.9328133712610245,0.49783857069451054,0.6117831544312753
meningioma,sagittal,6612.0,794.5777772109134,0.8068334350213545,0.7578382028062246,1.1666666666666667,812.888439849624,0.866033079149102,0.324527605113311,0.45915789091030745
meningioma,sagittal,10815.0,1012.2062402294092,0.8381771681004417,0.5169824616070903,1.0666666666666667,327.9798450630252,0.9453655917119688,0.24462606708134127,0.4051606710370032
meningioma,sagittal,9336.0,1060.2123368838193,0.8092926490984743,0.41297163915863555,1.0714285714285714,583.659084084084,0.9253596322917708,0.24691032598586843,0.3985840555527983
meningioma,sagittal,5467.0,806.5422433049805,0.7925485648013917,0.6809224141493586,0.9166666666666666,845.9972488038278,0.8836886294937255,0.2883810664926844,0.42849717420869854
meningioma,sagittal,1864.0,295.9421715174808,0.7884940778341794,0.5389532906365424,0.75,1197.8237433862432,0.7833950285116773,0.2983697726019074,0.49405424809249016
meningioma,sagittal,1707.0,302.7056274847714,0.741851368970013,0.3737992061831481,1.0,634.469155844156,0.8920272510244153,0.36738013685000886,0.5446892921612664
meningioma,sagittal,3445.0,376.78279195104676,0.8510375494071146,0.5600254661657976,1.125,719.0504850088183,0.9087087480963092,0.1821353936327068,0.3637046814206688
meningioma,sagittal,4832.0,511.39296500631315,0.8269724456614753,0.3820515834622858,1.1,372.8748561565017,0.9175630945344386,0.24499309598232968,0.4512893495685231
meningioma,sagittal,5513.0,686.6305550595491,0.792895153171293,0.5607524254373869,1.0,572.9424342105264,0.926739782045549,0.33784964162745434,0.5077596389073197
meningioma,sagittal,471.0,180.85891039679558,0.5793357933579336,0.7689685052537211,1.0,494.4879032258065,0.9114259566849577,0.4103070254868808,0.4689202963945444
meningioma,sagittal,679.0,231.03657992645927,0.6040925266903915,0.8607783600774545,0.6666666666666666,553.5272606382978,0.9156143259782987,0.451368995447731,0.5068045252193375
meningioma,sagittal,663.0,225.03657992645927,0.7023305084745762,0.5035971221567573,1.0,1516.7641129032259,0.8064280413462276,0.19411852141848884,0.30346126772223825
meningioma,sagittal,4032.0,644.9676041556469,0.7444608567208272,0.4698972381798877,1.0114942528735633,814.1478578892375,0.9296883453731561,0.40732230350234555,0.5326336648311341
meningioma,sagittal,5679.0,719.4589821842953,0.7967171717171717,0.6747870331497001,0.7142857142857143,555.9798423423424,0.9241189009027504,0.3033893928122212,0.4582240987694215
meningioma,sagittal,6032.0,566.6061684419096,0.8612221587664192,0.5126172697861481,0.9166666666666666,642.5267942583733,0.9096519879789514,0.2303556484847068,0.4186423612819359
meningioma,sagittal,2430.0,336.95436482630055,0.804635761589404,0.41967409327047306,1.1428571428571428,675.6784090909091,0.9126278409802961,0.238727661107141,0.3608788687878315
meningioma,sagittal,2602.0,563.2274887854693,0.6514772158237356,0.8273928694845508,0.8888888888888888,990.7642081736909,0.8938382278169836,0.5190386805357601,0.5945023937014466
meningioma,sagittal,2554.0,418.06706319850866,0.775820170109356,0.6096492040074414,0.8,1158.4733400402415,0.8336386898575057,0.2603495341099313,0.43922358187165916
meningioma,sagittal,2835.0,367.9604614807105,0.8132530120481928,0.49617822519477556,0.8888888888888888,777.7502200704225,0.9096616175041208,0.30509202513425876,0.45939451569250955
meningioma,sagittal,3658.0,529.7361107568208,0.7753285290377279,0.7910494014642061,0.6666666666666666,427.7309210526316,0.8673592062642086,0.3500177183447972,0.5612661082394313
meningioma,sagittal,4196.0,534.2985565973347,0.7792014856081708,0.6811935124059549,0.8977272727272727,479.990948275862,0.8814373361756701,0.3355053652019155,0.5620364336773426
meningioma,sagittal,2982.0,513.0853531617383,0.7648114901256733,0.784338631195758,1.0,902.8986697965572,0.8607847826523323,0.3510228635566232,0.5476690479290579
meningioma,sagittal,4045.0,500.4518395093589,0.8153598064906269,0.8393447143052132,0.5833333333333334,446.2118421052632,0.9250346924624536,0.18537799450847614,0.462759198087191
meningioma,sagittal,5383.0,650.2396820942889,0.8057177069301003,0.7819314129747474,0.6923076923076923,397.8960355987055,0.9132404902930361,0.2174164066138164,0.4973401123887439
meningioma,sagittal,1003.0,244.65790027001893,0.7058409570724842,0.5896039936363836,0.8125,727.5845744680851,0.8466676400359353,0.3566200783222422,0.4838298502203865
meningioma,sagittal,865.0,242.35028842544403,0.6789638932496075,0.4367631951703713,1.0,628.7583333333333,0.9292196864272756,0.3229780195581206,0.4017977871162441
meningioma,sagittal,915.0,252.55739520663056,0.6601731601731602,0.6704482475185862,0.8333333333333334,723.7845744680851,0.9113611502971768,0.40350732170442827,0.49562051166616555
meningioma,sagittal,2288.0,535.120887067671,0.6244541484716157,0.6306606674927976,0.8,808.5893987341775,0.8770247474059593,0.46963481524526507,0.5399290063541743
meningioma,sagittal,4652.0,637.8254685319158,0.7686715135492399,0.6780909613402024,0.9166666666666666,552.5370813397128,0.9054220962397357,0.38730324811781497,0.48877491960632363
meningioma,sagittal,5208.0,538.3696244092002,0.8192543652666352,0.6872527647025823,1.0,318.8334429824562,0.9184602248860437,0.3795824347403193,0.5202175724408743
meningioma,sagittal,2666.0,446.2152954766495,0.7565266742338252,0.5946739372291547,0.9428571428571428,670.4863067292645,0.8806851548611936,0.4095237190763765,0.5557302512393588
meningioma,sagittal,3618.0,419.7949852598665,0.8052526151791676,0.651904979932416,1.0694444444444444,467.2218309859155,0.9143165109218273,0.2980187389096887,0.563108007303168
meningioma,sagittal,2252.0,393.0609665440988,0.7378768020969856,0.4582826284988605,1.0,349.23214285714266,0.9481673605602241,0.36973897409442236,0.5026426005017918
meningioma,sagittal,1496.0,259.97160876900364,0.7848898216159497,0.48386578242024547,1.0,685.6356382978724,0.8795276725824872,0.2505695407492102,0.4155099021155788
meningioma,sagittal,9851.0,826.8498551495554,0.8389541815704309,0.6377639989300348,1.0,283.0584399606299,0.924333668660293,0.35326654358317705,0.6050532645965725
meningioma,sagittal,13998.0,1046.7981233214462,0.8378523971987789,0.7137222071478182,0.6793478260869565,200.88810621584705,0.9499926200232357,0.36620850257390963,0.615196784332512
meningioma,sagittal,13659.0,962.3595231414336,0.8468071915685059,0.7600751949888236,0.7619047619047619,237.05604416167665,0.9500892302324112,0.32684541144657064,0.5884347606661272
meningioma,sagittal,8759.0,776.1930009000631,0.8360217619547581,0.8041740417923043,0.8235294117647058,333.62208994708993,0.9521278361387897,0.3800960248946698,0.5799568225714457
meningioma,sagittal,4022.0,586.0264786586926,0.7486969471332837,0.8671262900389742,0.7692307692307693,618.4640776699028,0.9211279556147614,0.46277417115486924,0.6214727538148589
meningioma,sagittal,2492.0,429.4873734152916,0.7579075425790754,0.8468267261659974,1.0,433.12715179968706,0.9499110275561247,0.43278117003770133,0.5019077629621225
meningioma,sagittal,3170.0,449.52290732122435,0.8105343901815393,0.47621231935318054,0.8888888888888888,556.5176056338028,0.920991986868193,0.23169162079721262,0.4232564504493148
meningioma,sagittal,2045.0,352.4041122946064,0.7859338970023059,0.35686042262213985,1.0,1027.7334415584419,0.8559060210241115,0.2522368934419054,0.43436439793572246
meningioma,sagittal,4009.0,566.2630226914019,0.7901064249113126,0.5571346123615317,1.0375,684.7727272727273,0.9247602628639675,0.34944096464042884,0.43069431630132077
meningioma,sagittal,3537.0,430.10869375885125,0.8269815291091887,0.32473469001824984,1.0,633.8184663536776,0.927923212994082,0.24179930985288503,0.3664463519867954
meningioma,sagittal,6705.0,940.9808434849931,0.7694514574248336,0.820191490220268,1.0,309.7551480051479,0.9256122662059307,0.4064019656360109,0.5707270168801865
meningioma,sagittal,7351.0,921.844804515672,0.7494138036497094,0.74666756582602,0.7222222222222222,351.78953738569123,0.913325696367428,0.45845554144390416,0.6265932705766347
meningioma,sagittal,5505.0,682.938166904124,0.7806296086216676,0.5837790761277699,1.0,563.9518640350877,0.8868642891190445,0.3450332189763973,0.5271396550285404
meningioma,sagittal,7790.0,779.2285348059958,0.8205182220349695,0.6427733631317293,0.8253968253968254,461.56381766381764,0.9121438505327563,0.40054053820525704,0.6273746191028625
meningioma,sagittal,13055.0,1079.4194436650057,0.8466277561608301,0.7008886026989833,0.8,292.74135220125777,0.9244521200634159,0.3219508689254932,0.6340842252561705
meningioma,sagittal,15498.0,1057.2123368838193,0.8731759535748493,0.738549459659155,0.88125,187.03105345911948,0.933242974962726,0.29768964948786475,0.6557455979967624
meningioma,sagittal,11701.0,822.891485709898,0.8641163872682963,0.6729281959786388,0.8823529411764706,240.06382716049384,0.9089362225677127,0.25042441112670566,0.6531893740233083
meningioma,sagittal,1974.0,285.56349186104046,0.7723004694835681,0.40199845571789433,1.0,820.8818181818182,0.8752721035999682,0.2785467362592038,0.431705459006913
meningioma,sagittal,2928.0,423.03152929257595,0.8122052704576976,0.6036377616452266,0.7777777777777778,541.1818410462777,0.9025903171638087,0.2086647715041408,0.550835548519185
meningioma,sagittal,2502.0,297.22034611053283,0.8315054835493519,0.464854329440976,0.9838709677419355,546.0414186507935,0.9364692996692529,0.31415280823523384,0.5517520535687022
meningioma,sagittal,4215.0,471.31580054003786,0.8174941815360744,0.386540385549696,0.8181818181818182,636.9803639846743,0.9035307809645998,0.2715686873729384,0.42768914619132753
meningioma,sagittal,6167.0,547.2985565973347,0.8493320479272828,0.3680089488341635,1.0,604.9973684210526,0.9211748490811446,0.2681622020261075,0.4451523328015162
meningioma,sagittal,6838.0,677.1097397793778,0.8565702116998622,0.43037476899632965,0.9230769230769231,676.9418487055016,0.9195120372656108,0.25505584232417094,0.49771263528423215
meningioma,sagittal,707.0,234.31475451951133,0.5976331360946746,0.6903095176583596,0.9523809523809523,770.4845744680852,0.8514324659031031,0.49222321905247163,0.5436965543254356
meningioma,sagittal,1257.0,336.43354954612926,0.7174657534246576,0.7236446907961035,1.0,944.3785460992909,0.849386436923128,0.31960495518554777,0.42036590208589836
meningioma,sagittal,2531.0,391.85385976291224,0.8065646908859146,0.6797998009512981,0.64,756.4214135021097,0.9068615683440646,0.2586691285204845,0.4287624125938008
meningioma,sagittal,4401.0,698.8376618407357,0.7510238907849829,0.7187575912236072,0.8333333333333334,705.8135526315789,0.9238334299335375,0.34610255793538747,0.5307221808495632
meningioma,sagittal,6276.0,680.0742058734451,0.8341307814992025,0.6684067646670229,1.0625,607.2803643724696,0.933118052461179,0.31714860671846573,0.5266518531644202
meningioma,sagittal,7247.0,922.5310960166872,0.7095858219915794,0.6792835035278907,1.3076923076923077,715.924828669332,0.9138551861604328,0.4318960888937126,0.6071426059576661
meningioma,sagittal,4216.0,659.8376618407358,0.6917145200984414,0.7222181909545351,1.032258064516129,666.25899122807,0.9189918430080767,0.4716400978767686,0.6289324033899656
meningioma,sagittal,5023.0,793.1341263970173,0.8095084609186141,0.7219157201972681,1.0,777.2011494252873,0.8919233662384757,0.28010016959072903,0.47912888327494824
meningioma,sagittal,9471.0,813.483368801935,0.8362175525339925,0.5021241808859637,0.875,370.16289370078744,0.9232430396194845,0.28992994278283823,0.5842012896105956
meningioma,sagittal,9642.0,710.6955262170047,0.8637463047567858,0.449248671290514,0.875,333.5087176602925,0.9230873094959559,0.28291814467662985,0.5925467441249701
meningioma,sagittal,7064.0,616.9554108468271,0.8460893520182058,0.3761841589030918,0.9230769230769231,337.050465210356,0.9116548869873273,0.2408153589581276,0.5474510758901865
meningioma,sagittal,4873.0,573.5767311903867,0.8065210195299569,0.6009019749231085,0.9090909090909091,420.30847701149423,0.8946327297831878,0.253924983207069,0.5387982287882183
meningioma,sagittal,2815.0,423.8599564173221,0.8197437390797904,0.4535426580951102,1.0,745.2140376984127,0.8668542109516445,0.22359535373559108,0.44827642156821956
meningioma,sagittal,6022.0,695.659992311072,0.8068060021436227,0.5893726260763332,0.7857142857142857,507.727067977068,0.902292828129051,0.33930170928951464,0.59836405860631
meningioma,sagittal,4868.0,569.097546470558,0.7849080941631732,0.6371032297673191,0.7692307692307693,563.2797330097089,0.878673821337437,0.3529177440334132,0.5899217922377358
meningioma,sagittal,8053.0,972.7442994522837,0.7887365328109697,0.6915895273460151,0.8188976377952756,336.89082374318593,0.9190160707786262,0.34284369547239324,0.6132245670735064
meningioma,sagittal,9933.0,780.7138161802343,0.8307962529274004,0.6085398545025439,0.9375,265.6900262467192,0.9369928853397355,0.31075523875779576,0.6414426183656935
meningioma,sagittal,9892.0,773.335136523794,0.8606229337045415,0.6075613437769197,0.875,285.18356299212604,0.9310198923839652,0.2718552004482445,0.6213991234259667
meningioma,sagittal,7827.0,733.050865276332,0.8347019302548789,0.5856082576931398,0.832,288.57192610539073,0.9339373938650923,0.36168162503545925,0.6427681830930028
meningioma,sagittal,4089.0,502.18585822512665,0.8166566806470941,0.5905933046593161,1.0,487.32626582278476,0.9278692669009891,0.29682890636779957,0.5117383707873625
meningioma,sagittal,4798.0,457.0376259469858,0.8517663767086809,0.4953423519209392,0.9431818181818182,333.5568181818183,0.9491129813567519,0.3239354885449838,0.5296159591341881
meningioma,sagittal,4626.0,500.84880912902895,0.8228388473852721,0.46809500821204036,0.9090909090909091,458.4133620689655,0.9313176655717927,0.2809147989281397,0.5417346254595544
meningioma,sagittal,3522.0,473.2508293825823,0.8130193905817175,0.517094001261879,0.9,477.2770745428973,0.9307151155167173,0.30761718531369964,0.5209821010212757
meningioma,sagittal,4795.0,548.0203820042827,0.7973062853342201,0.5602718371300077,0.8958333333333334,268.25968899521524,0.95371348248368,0.37174861807156356,0.5666656042851016
meningioma,sagittal,4734.0,586.4406922210657,0.7900534045393859,0.4647045791023117,0.9166666666666666,382.0283492822967,0.9397652920431241,0.3717643213045,0.5894748950076201
meningioma,sagittal,3624.0,537.2274887854693,0.7472164948453608,0.48854718664043534,0.8181818181818182,516.977809706258,0.915817528027255,0.3518879216526146,0.5572506966882625
meningioma,sagittal,903.0,205.51576464628795,0.7685106382978724,0.5459665029270758,0.8,885.5504807692308,0.8850718225717038,0.18370166513983469,0.32184273331057545
meningioma,sagittal,2887.0,473.4934700697015,0.7659856725921995,0.784035758314095,1.2307692307692308,534.4850352112676,0.9376378014090085,0.4367926345749489,0.5727020622600838
meningioma,sagittal,5198.0,576.3046532517446,0.794072716162542,0.7595948889633436,1.1818181818181819,348.2418213969938,0.9499944777182397,0.3807304836601904,0.5508860596527847
meningioma,sagittal,5647.0,468.96655813512035,0.8300749669263561,0.7227926601182777,1.0,365.7476973684211,0.9606767386428092,0.3424125380758316,0.5491388544877631
meningioma,sagittal,2836.0,373.51071401240466,0.8294823047674759,0.18933911220976832,1.0,485.70213293650784,0.9030481233400534,0.22772685915905563,0.45207806540000384
meningioma,sagittal,7962.0,774.1930009000631,0.852097602739726,0.7133394584510233,0.6875,462.01870078740154,0.9169875600216025,0.24719229045028265,0.5398597225187729
meningioma,sagittal,11214.0,748.7077195258245,0.8780831571529246,0.6849250413235747,0.7777777777777778,322.8757492507492,0.9339405967094453,0.2609208211589229,0.5573720668828737
meningioma,sagittal,11321.0,986.0935418572012,0.8482691443129028,0.668765413149755,0.7368421052631579,325.5015373699149,0.9266132665517631,0.2907649871363036,0.6057869453823016
meningioma,sagittal,10302.0,828.3412331782039,0.8693670886075949,0.6059963924965127,0.875,275.1716113610799,0.9182562704498338,0.23627374346604105,0.6014153763688834
meningioma,sagittal,2894.0,417.7533546995239,0.772145144076841,0.5482326163821226,0.9305555555555556,625.098200312989,0.8795686033439537,0.36193878455611594,0.5980894246505288
meningioma,sagittal,2496.0,387.30360723121805,0.7812206572769953,0.6766886418760466,0.7777777777777778,733.9273138832998,0.8712279118365033,0.2873351429058904,0.5327001548755578
meningioma,sagittal,3014.0,529.3340905032675,0.7628448494052139,0.5602382262379254,0.8,447.3200158227848,0.8974376071884502,0.3192848772421475,0.4889618345944341
meningioma,sagittal,3497.0,438.93712088359746,0.8316290130796671,0.5029257357158128,1.0,466.5191705790298,0.8995434487515649,0.24531233999982724,0.42534923625553617
meningioma,sagittal,3121.0,477.5584412271571,0.794147582697201,0.5961158493619151,1.0,534.4583333333334,0.9017489286168354,0.3256375144922696,0.500010053265805
meningioma,sagittal,1520.0,285.4274528917194,0.7759060745278203,0.5834685095711674,1.0,153.54833592333594,0.9396165414181735,0.8848868647856877,0.9089505200302287
meningioma,sagittal,3404.0,441.72391744800103,0.7539313399778516,0.7475077294999471,0.8470588235294118,93.47054211469533,0.9516362756342075,0.9073015455071647,0.9275888727281795
meningioma,sagittal,2448.0,377.8954903232549,0.7783783783783784,0.5205451450474899,0.7777777777777778,604.9237927565393,0.9054633742409365,0.31685908822846015,0.4747543368467469
meningioma,sagittal,7607.0,710.7016228714147,0.8485220301171221,0.48036464998494466,0.9285714285714286,308.37387387387395,0.9113334947839581,0.29796742582330144,0.508829724233318
meningioma,sagittal,9398.0,754.0092347159895,0.8625183553597651,0.49473146802250345,0.9333333333333333,235.8257803121249,0.9290509198412252,0.255054922030765,0.5150813604570871
meningioma,sagittal,9124.0,890.2173875177026,0.8343850022862368,0.5714800469933197,0.875,226.46224690663664,0.9426528219295552,0.3136809862345313,0.5213020587257001
meningioma,sagittal,6386.0,599.239682094289,0.8787670290353653,0.781501454578605,0.8557692307692307,244.165857605178,0.9426905233835866,0.31168725512031775,0.5285034811121531
meningioma,sagittal,5007.0,531.8132752230961,0.8233843117908238,0.781754645135576,0.8415841584158416,250.18843777581642,0.9449269655235315,0.3984635833395558,0.5592927091912432
meningioma,sagittal,4796.0,580.1330803764909,0.8090418353576249,0.4552034023868543,1.0,593.2163009404389,0.938727859617672,0.3178310889865662,0.4566249345897345
meningioma,sagittal,7389.0,696.659992311072,0.8432043820609381,0.3736578291387775,1.0,439.29163554891716,0.9518205223732071,0.2674099205510844,0.47852141446706525
meningioma,sagittal,8077.0,616.0386719675123,0.8655165023574797,0.3843592339726659,1.0,453.57598954443614,0.9441691530483655,0.20549948830836662,0.441114439257277
meningioma,sagittal,9630.0,881.9097756731276,0.838266016713092,0.7084452916254013,1.2142857142857142,388.7976285108638,0.9595433003703074,0.3199446728427685,0.48987830761276285
meningioma,sagittal,10298.0,990.6498910433053,0.801650319165499,0.46802032131683474,0.8163265306122449,424.2359271523179,0.9571021382801368,0.39030999004755335,0.5415118061280635
pituitary,axial,1278.0,337.59902576697317,0.6987424822307272,0.8591237472285438,0.7017543859649122,1279.446428571429,0.8478063736279131,0.3831355885175802,0.4557750337609183
pituitary,axial,1750.0,327.3624817342637,0.7459505541346974,0.5198569496010018,0.8571428571428571,396.2397727272727,0.9046049028476907,0.23829069481236526,0.3698539361444146
pituitary,axial,1978.0,301.28531726798843,0.7991919191919192,0.5884000306509186,0.8571428571428571,450.5799242424242,0.8760914765457787,0.16410064081777503,0.30084263225026675
pituitary,axial,1960.0,326.67009357883865,0.814968814968815,0.5256745833996158,0.8571428571428571,351.2905303030303,0.8768901449312685,0.17893087020727114,0.35452792450361587
pituitary,axial,2014.0,392.1614716074871,0.7464788732394366,0.7043651594258232,0.75,735.6805555555553,0.7812235372335289,0.2435229057958169,0.4200303308011595
pituitary,axial,1834.0,361.50461735799473,0.8022747156605424,0.8011010544748731,0.625,2172.617857142857,0.8149472103786073,0.18432272709806488,0.2519610134346478
pituitary,axial,4699.0,511.1797615707168,0.7928125527248187,0.7149161907009473,0.8494623655913979,1772.812236842105,0.857233800324634,0.3273117361865128,0.4171526816284295
pituitary,axial,1761.0,395.7239174480011,0.6106102635228848,0.8645588877391152,0.5581395348837209,421.40373563218384,0.9368350731775225,0.4959979698973632,0.571319907729767
pituitary,axial,1856.0,354.56958851545033,0.7426970788315326,0.6839129374952898,0.75,358.91633597883606,0.9162314667285113,0.3096830180862718,0.43158575150505696
pituitary,axial,1531.0,252.90054095713822,0.7787385554425229,0.4075560216130913,1.0,305.0190602836879,0.9379899044550418,0.24377135610679523,0.35776292595118453
pituitary,axial,1456.0,303.770598642227,0.7085158150851582,0.14714982455707382,0.8571428571428571,340.46439393939403,0.9419874478024566,0.35599058386268895,0.45736681426994813
pituitary,axial,1704.0,348.6406563273158,0.7569968902709907,0.6217774266127295,0.8571428571428571,1287.7454545454548,0.6559254769036138,0.2651194515245456,0.416077588583428
pituitary,axial,1477.0,282.80003589374985,0.7087332053742802,0.5410877478352235,0.8888888888888888,1650.5295454545455,0.5992165915527226,0.33123294436053924,0.4698616455362425
pituitary,axial,1394.0,325.98380207782344,0.6997991967871486,0.5309654958457217,0.8571428571428571,1430.0087121212123,0.6250807369986443,0.3757729446087202,0.515181532895282
pituitary,axial,3061.0,557.9137802864846,0.655179794520548,0.5706697845389143,1.0,624.2501956181535,0.9016730067670475,0.3174195239525914,0.4024787258834535
pituitary,axial,2553.0,386.9898987322333,0.7795419847328244,0.5401037320495552,1.0,652.5064484126983,0.927627898092932,0.28964574903291584,0.39200952925093524
pituitary,axial,3550.0,420.13813101037414,0.8376592732420953,0.316697442731936,1.0,413.8327464788733,0.9304455206759492,0.24078206938747848,0.3886381856969197
pituitary,axial,3558.0,411.43964620053913,0.8532374100719424,0.36969103147656984,1.0746268656716418,431.85543818466357,0.9281673617005891,0.24068900039594956,0.38961689214712547
pituitary,axial,5975.0,789.2996026178613,0.7784002084418968,0.5036767355988135,0.8461538461538461,327.01621800529574,0.9280861507278123,0.28071506010877656,0.4977480827733579
pituitary,axial,5926.0,981.1940469205895,0.725070353603328,0.6688033062032284,0.7857142857142857,256.316850941851,0.9307375429987357,0.3232913827514738,0.5271091783507161
pituitary,axial,4824.0,870.4833688019348,0.7126606588860984,0.5563656415477526,0.8333333333333334,309.03,0.9123902966842375,0.2811308534947803,0.4772063795338376
pituitary,axial,1951.0,290.3919189857867,0.795352629433347,0.5592659538427,0.8095238095238095,580.8636621315192,0.8251666911741076,0.36520522189429044,0.5012049311574577
pituitary,axial,2576.0,338.3624817342638,0.8256410256410256,0.39451799547490746,0.875,656.5649092970522,0.7782457083309501,0.21142312859796888,0.3837978873814473
pituitary,axial,4968.0,719.9797974644666,0.7714285714285715,0.6838563132088928,0.8333333333333334,380.2698684210527,0.906136687022328,0.27472378157603133,0.40472024692343933
pituitary,axial,3495.0,616.7899346259832,0.7381203801478353,0.7578421641892594,0.6666666666666666,571.9033358042996,0.884121271277706,0.4134677260991165,0.50148760730187
pituitary,axial,749.0,194.61626970967632,0.6890524379024839,0.6183599312392757,0.8,1642.7267628205132,0.6544246716982167,0.31927746704322635,0.427934853105244
pituitary,axial,3664.0,525.2569260369921,0.7545304777594728,0.6808903408098335,0.8181818181818182,355.2049808429118,0.9178444651910758,0.349961140894056,0.46459378621621467
pituitary,axial,3555.0,587.6833329081849,0.7235904742519845,0.6418758322496912,0.9,408.3336849507736,0.8919615870448132,0.2952462625655378,0.4147544780068146
pituitary,axial,3507.0,503.70667350529794,0.7605725439167209,0.7269734549962364,0.9,386.47679324894517,0.8765298135895963,0.3241355959878474,0.45083275416977675
pituitary,axial,1318.0,367.47518010647184,0.6925906463478718,0.45225719821664573,1.0,1208.2499999999998,0.8275172815819712,0.31032721959071274,0.4020655833394878
pituitary,axial,3184.0,615.8843430349616,0.6651347399206183,0.674369124935683,0.8875,518.7603727144866,0.9155158304409696,0.37392202402622293,0.4643897974422548
pituitary,axial,1535.0,372.4041122946064,0.7054227941176471,0.7412413275811826,0.625,840.9757936507935,0.8692163397221596,0.26332557132374285,0.3370966708375044
pituitary,axial,3430.0,602.547293938864,0.7336898395721925,0.7019755716360864,0.6881720430107527,310.37615131578946,0.9593035600602852,0.36089958362020413,0.4730471990905058
pituitary,axial,4110.0,614.1330803764907,0.8055664445315562,0.647828747527631,0.7272727272727273,320.21084770114936,0.9429299238065606,0.18036366833538567,0.336984356030978
pituitary,axial,3022.0,472.35133444597056,0.8011664899257688,0.3705082115300945,1.0,254.9156746031746,0.9465346038148664,0.1776477641061976,0.3326024295051058
pituitary,axial,1739.0,339.3624817342638,0.7718597425654683,0.46184780059203284,1.1666666666666667,425.78951367781156,0.9193510374320204,0.227162822520819,0.32860030111156835
pituitary,axial,2831.0,533.8843430349616,0.7593884120171673,0.6457853424966384,0.7777777777777778,1009.0236418511066,0.8051963110930174,0.19621970142305917,0.291763430893469
pituitary,axial,1890.0,355.2325394193526,0.7541899441340782,0.7306165996782218,0.75,2012.2738095238094,0.6835843319390617,0.2722707766201679,0.39152262107538266
pituitary,axial,2044.0,337.7411613907042,0.7751232461130072,0.77222806071584,0.75,1026.336970899471,0.8039265787687553,0.23892270143235692,0.38522387171866934
pituitary,axial,3084.0,617.097546470558,0.6301593788312219,0.7997300463166039,0.6354166666666666,477.4307565789474,0.920280768430287,0.40747356957073777,0.4937190758750678
pituitary,axial,1738.0,351.5695885154503,0.7646282446106467,0.6290648549651321,0.8571428571428571,494.04583333333335,0.9234259886002858,0.24813902163660098,0.3602025763991441
pituitary,axial,2722.0,565.5645378815669,0.6724308300395256,0.7244821646492503,0.6363636363636364,665.5041050903119,0.9172726063543393,0.3499612664788996,0.43400943090286725
pituitary,axial,2209.0,466.9665581351204,0.6380704794916233,0.7706243645904649,0.717948717948718,571.7606732348112,0.9245836061485605,0.4528754721260157,0.5293328041863156
pituitary,axial,1913.0,357.64065632731575,0.7519654088050315,0.7297521147800111,0.75,596.499007936508,0.9192621160745594,0.28551768080093154,0.3873026651258572
pituitary,axial,1819.0,350.95436482630055,0.7800171526586621,0.786561003920899,0.625,1023.4543650793653,0.8420001800292678,0.1822238900565231,0.34194395380741943
pituitary,axial,2132.0,440.86605307173204,0.5988764044943821,0.6226440459235681,0.7777777777777778,729.6647384305833,0.9010417264760784,0.3766833650255532,0.49519021253498746
pituitary,axial,2651.0,480.3158005400378,0.7319160684704583,0.6869845421440104,0.7777777777777778,515.0342052313885,0.9237838964726661,0.25040540044443177,0.4031762278383382
pituitary,axial,2028.0,421.3868683519033,0.7083478868319945,0.7063027883785461,0.75,626.4031084656085,0.9092985541615024,0.22879033745226182,0.3801546102126241
pituitary,axial,1467.0,321.91273426595797,0.7076700434153401,0.6126638021466014,0.8571428571428571,604.4454545454548,0.8458634808898183,0.3410318592074506,0.4464561716450908
pituitary,axial,847.0,214.00104602052653,0.7076023391812866,0.7899419314635576,1.0,1172.4134615384617,0.819886931334766,0.3352076863157445,0.4511261301248694
pituitary,axial,1596.0,351.8832970144351,0.6524938675388389,0.8220905433354664,0.75,728.170634920635,0.890228573235732,0.38457267302555775,0.4965229532450031
pituitary,axial,911.0,300.19090885901,0.5565058032987171,0.8719796004873732,2.0,818.5851814516129,0.8750592446289518,0.40866729096189386,0.44239405614558464
pituitary,axial,1854.0,410.13203435596427,0.6690725369902563,0.7801651196285744,0.7777777777777778,783.8329979879275,0.8367096047910476,0.44129741689607027,0.5247176877578185
pituitary,axial,2267.0,418.6883835420683,0.6873862947240752,0.8098028026224823,0.8888888888888888,960.0880281690143,0.7840438930495038,0.4389535592918258,0.5277019216978588
pituitary,axial,1431.0,312.81222920256965,0.7668810289389068,0.7398558451701354,0.7142857142857143,274.8959090909091,0.9276315031328175,0.2606666596210887,0.3691875711031146
pituitary,axial,876.0,223.75840533340724,0.7330543933054393,0.5829963717523367,0.8,1520.3637820512822,0.8019049288164452,0.19651432097673718,0.2876358598010857
pituitary,axial,3659.0,530.9493141924172,0.755523435886847,0.5268998300393307,1.1111111111111112,967.726056338028,0.8032065428829159,0.2855405582568629,0.4037574799125269
pituitary,axial,1262.0,367.78279195104676,0.6471794871794871,0.8097845841400735,0.7142857142857143,1119.752727272727,0.8551611401159792,0.3285942384670172,0.41872788827304797
pituitary,axial,240.0,104.60407640085654,0.6469002695417789,0.728889756704919,1.5,2563.436111111111,0.6746736580405732,0.16037908410164944,0.18423559741071702
pituitary,axial,3727.0,910.2590180780451,0.6154227212681638,0.8284867171219825,0.75,468.7931286549707,0.9024435068967426,0.35324092646843747,0.41721562429457215
pituitary,axial,3130.0,760.4001076812497,0.6292722155207077,0.7428221382499135,0.8181818181818182,348.404054916986,0.9313244687276234,0.41242094938820195,0.48809089624159857
pituitary,axial,2687.0,504.5939751330899,0.6616596897315932,0.880249762988422,0.5483870967741935,292.33721804511265,0.9363657501204423,0.4100353552978908,0.5190133974148404
pituitary,axial,1980.0,509.3218971944476,0.7051282051282052,0.8602704448071407,0.6,424.3831751054852,0.901328370724608,0.38014137600461345,0.48278697460867337
pituitary,axial,604.0,159.71677477306463,0.7392900856793145,0.6202028512009856,1.0,421.27620967741933,0.8447105350619424,0.2482971565537018,0.3585385525461904
pituitary,axial,3918.0,814.2051942088826,0.540637505174555,0.8090687056322516,0.64,268.98435039370077,0.934081787828692,0.5486577812780676,0.6120159102035464
pituitary,axial,2929.0,542.6417023478423,0.6282711282711283,0.8917018163118845,1.0,204.45963949843264,0.9188187050490624,0.5680680127800974,0.6428718209077618
pituitary,axial,1596.0,310.08430714121175,0.6823428815733219,0.6640516846703031,1.037037037037037,494.9873376623377,0.9254066201082217,0.3932487047250384,0.45941738442918045
pituitary,axial,1302.0,290.1848122046001,0.712253829321663,0.6490683583415771,1.0,632.5057624113476,0.8338720977464742,0.32262546377106893,0.4263235382334516
pituitary,axial,1407.0,320.6406563273158,0.6934450468210941,0.5520692779891267,0.8888888888888888,820.9306818181818,0.8139118304108509,0.3749505438768364,0.4782858967081868
pituitary,axial,2942.0,892.596067174143,0.6513172459597077,0.7796407590675876,0.6363636363636364,340.3713054187192,0.8983565689683862,0.27183653413880543,0.3689665460258117
pituitary,axial,3744.0,576.1919548795365,0.7821182368915813,0.5967787529144758,0.8470588235294118,792.4792464878672,0.8170622549958612,0.33268765864728633,0.45425710647797496
pituitary,axial,2615.0,543.0559159102154,0.7720696781812814,0.7672402579711308,0.65,406.71699819168174,0.8843955718102952,0.32994534764116046,0.4474236247289903
pituitary,axial,1844.0,264.04267658086917,0.7955133735979293,0.5619751963460848,1.1666666666666667,338.24088145896667,0.8960998526290128,0.22612161147583926,0.3793320381223983
pituitary,axial,1746.0,336.95436482630055,0.788974243108902,0.545930174667823,1.1666666666666667,603.9882218844987,0.8386157438068087,0.24336122202365135,0.4040297085577593
pituitary,axial,4985.0,781.6782822743015,0.6943864047917537,0.7168891725344841,0.7920792079207921,498.37415048543687,0.9195578006367718,0.32868189195850644,0.45660330911546243
pituitary,axial,4020.0,648.653895656662,0.7192699946323134,0.6676424933826858,0.8181818181818182,506.7008301404853,0.9154153447365262,0.28092547330362877,0.44680374110392246
pituitary,axial,2104.0,386.2325394193526,0.7285318559556787,0.3287394800375209,1.0,723.8337662337661,0.9034470218456742,0.23608696523238967,0.39677722326768733
pituitary,axial,2131.0,343.01933598375615,0.793077781912914,0.5319167243127175,1.0,371.2698051948052,0.9222327686195132,0.2326781812424864,0.4311505588522281
pituitary,axial,1970.0,284.9421715174808,0.8060556464811784,0.5983299447414626,1.0769230769230769,387.67012987012987,0.9274278425899187,0.2756381646117264,0.45959662636138826
pituitary,axial,3660.0,679.7249634685274,0.6339857959466482,0.749118397642136,0.75,630.561403508772,0.9149719414294227,0.3871147092606002,0.4959012534683015
pituitary,axial,3245.0,590.3696244092002,0.6286323130569547,0.787499197111729,0.8181818181818182,683.5887611749681,0.9140637873526825,0.411474533690795,0.5168058935570565
pituitary,axial,2283.0,511.564537881567,0.7123244929797192,0.7376543790298579,0.7777777777777778,712.7009557344064,0.889048757317849,0.3318320525244542,0.4551717190701374
pituitary,axial,840.0,230.7289680818844,0.7100591715976331,0.7152362015374751,0.717391304347826,431.70531914893616,0.9054794090303488,0.42524541552186423,0.49608563823923907
pituitary,axial,948.0,234.93607486307093,0.7292307692307692,0.3172117076501008,1.0,625.4070512820513,0.9026301099118306,0.2882025190364602,0.40793052019441217
pituitary,axial,683.0,179.82337649086284,0.741585233441911,0.597504688865995,1.0,962.1965725806451,0.8145782035898714,0.18186556723950387,0.28910127384399215
pituitary,axial,1629.0,253.48023074035527,0.7771946564885496,0.5117245109380747,1.1666666666666667,412.67895136778117,0.9437755557667722,0.3125628741915626,0.39051297632981685
pituitary,axial,1752.0,258.76450198781714,0.77078750549934,0.6405845893446196,1.1666666666666667,780.258358662614,0.9251972179398953,0.2512347844760711,0.3237153919935592
pituitary,axial,1712.0,348.0254326381661,0.7184221569450273,0.5913872886501726,1.037037037037037,515.9701298701299,0.9428469579428144,0.35837273478169784,0.43498219658234266
pituitary,axial,1551.0,291.8416664540925,0.7449567723342939,0.40324856993257174,1.0833333333333333,1325.137158054711,0.8189992992813149,0.32344399205536506,0.3887899860463194
pituitary,axial,1274.0,386.19700551341987,0.6560247167868177,0.4607675171960878,1.0212765957446808,2435.0766843971633,0.6203167481727965,0.31049590640331254,0.35175509354349355
pituitary,axial,2064.0,355.3330444827409,0.7530098504195549,0.3704521759140465,0.875,333.7627551020409,0.9309526196343931,0.333806312803595,0.39799441512973516
pituitary,axial,2287.0,319.7411613907042,0.7797476986021139,0.5157971075176074,1.1428571428571428,339.0025568181818,0.9374172952018754,0.2711295381056216,0.34864382540087663
pituitary,axial,2317.0,324.25588001646554,0.8033980582524272,0.3472823742916055,0.875,497.7434807256236,0.9235135847588478,0.25976340890190186,0.33075935548475177
pituitary,axial,2013.0,372.50461735799473,0.7317339149400218,0.4446693412050939,0.875,675.6009070294784,0.881174803958455,0.3478786196964192,0.4211674939158833
pituitary,axial,1139.0,316.1198410471445,0.6751630112625964,0.7579315136290491,1.0,973.1613475177305,0.6876561935032866,0.36383892994643974,0.46252597577030385
pituitary,axial,1586.0,351.54015126392744,0.6862829943747295,0.3655308425408045,1.0,461.90714285714296,0.8846755738218899,0.39557621334369036,0.4961401670625707
pituitary,axial,1907.0,386.98989873223326,0.7496069182389937,0.28419236392698194,1.0,426.8561688311688,0.9067282476918326,0.3015590637822591,0.4451519148745068
pituitary,axial,834.0,224.6223663640862,0.6460108443067389,0.6188581761593219,1.0,733.499358974359,0.9059832299848962,0.3739166358412566,0.44417158934690054
pituitary,axial,755.0,210.41525958289964,0.6475128644939966,0.6710792496031498,0.8,1105.6490384615386,0.8843083969485602,0.2712206587838592,0.33801418291962726
pituitary,axial,482.0,168.23149339882605,0.6885714285714286,0.6642099340563881,0.75,1646.5403225806451,0.7343756781724574,0.21951233342956167,0.31261104506813514
pituitary,axial,6265.0,716.7310601229375,0.7782608695652173,0.44050586562876554,1.0,488.8782894736843,0.9125649630478851,0.2573220327518626,0.42893094552624556
pituitary,axial,7611.0,999.9930367938128,0.7721416252409455,0.431302462233961,1.1346153846153846,289.9277508090615,0.9283050716218453,0.32697994101268074,0.4855741482056781
pituitary,axial,6921.0,627.517856687341,0.841970802919708,0.6098173567022191,1.1666666666666667,305.6432330827068,0.9544687889011751,0.3056691818559779,0.44821043698934243
pituitary,axial,6537.0,631.8254685319159,0.860697827518104,0.3817328587404296,1.0909090909090908,493.57806513409963,0.9098014411445215,0.16593000409435538,0.34098013815255834
pituitary,axial,4658.0,537.1919548795365,0.8209376101515685,0.49622883945249013,1.0625,520.3571634062139,0.9064977612383116,0.2707897504374209,0.4406462036773713
pituitary,axial,3866.0,506.9787514439401,0.7904314046207319,0.7264677186346684,0.7272727272727273,494.17510775862064,0.8703406798282944,0.24332244264599945,0.3847664583279517
pituitary,axial,5526.0,785.8853890554882,0.7242463958060288,0.6348888237864466,0.822429906542056,400.7001433251434,0.9013352286599792,0.37212283701485677,0.49083121069696156
pituitary,axial,5189.0,849.8559518039654,0.708782953148477,0.5961383043282656,0.8461538461538461,387.3249117387466,0.873537288848958,0.356156816394608,0.49540384713103675
pituitary,axial,3275.0,696.5594872476837,0.5987202925045704,0.818098684636437,0.8333333333333334,472.2447368421053,0.9050270247546531,0.4847831014700432,0.5696828504850449
pituitary,axial,2126.0,396.48127676088177,0.7443977591036415,0.6854273891098658,0.875,164.8497732426304,0.955719312607127,0.3334990578474578,0.4673923194683865
pituitary,axial,1613.0,371.88939366884495,0.6610655737704918,0.6639608444035198,1.0,1350.1808441558446,0.8139980789097033,0.37230733391309684,0.46368110957381364
pituitary,axial,2859.0,507.700576850888,0.7104870775347912,0.8174003997901842,0.6153846153846154,410.9050751879699,0.9414829421552284,0.38924888550497666,0.46433189616342874
pituitary,axial,807.0,219.86500705120545,0.6897435897435897,0.3518338212442771,0.925,484.2557692307692,0.9268994704648027,0.37384190010242213,0.44523061068726816
pituitary,axial,2079.0,623.0681092190351,0.646656298600311,0.8554192477990384,0.5411764705882353,916.7959770114943,0.8693646296950733,0.3668935223445316,0.4257814134866667
pituitary,axial,1611.0,483.38686835190333,0.6535496957403651,0.6904168908572983,0.7619047619047619,855.4477699530516,0.8850949464740607,0.39379803678610137,0.4508788057440122
pituitary,axial,1968.0,518.4284989122459,0.6087225487163626,0.7207144183937689,0.8,808.7049798792757,0.9248204296228892,0.42458069524615055,0.4827558116186501
pituitary,axial,1238.0,323.3980156401965,0.7235534774985388,0.5296571327564219,1.2,886.3856837606837,0.8972731233306871,0.20995458638894285,0.27853330150730815
pituitary,axial,1550.0,314.43354954612926,0.7165973185390662,0.6669649090514925,0.8571428571428571,1015.4643939393943,0.7680126674406186,0.3318129929025583,0.45376888477377647
pituitary,axial,1739.0,370.71782079359116,0.7297524129248846,0.5878611671051018,1.3333333333333333,654.6761968085109,0.8117006931056663,0.32337514782640747,0.4340786810508131
pituitary,axial,2145.0,416.9665581351203,0.7193158953722334,0.6310639343160068,1.3653846153846154,958.7593434343435,0.7247669503591775,0.37915096234846934,0.48801270256830975
pituitary,axial,2108.0,373.30360723121805,0.7769996314043495,0.6835052074712361,1.2075471698113207,791.4207386363639,0.8358631845764936,0.31327550984261243,0.42186348969655724
pituitary,axial,3012.0,471.5939751330899,0.7355311355311356,0.47145921091340137,1.0,519.9119718309861,0.9161132469159521,0.3370707407038262,0.4493916315162126
pituitary,axial,3019.0,409.2031021678298,0.8159459459459459,0.5839276216726335,1.125,384.3073192239859,0.9088793102001295,0.2740130439541457,0.43171319834952604
pituitary,axial,2653.0,441.144227664784,0.7665414620052008,0.6146820862193528,1.2857142857142858,748.1090909090909,0.8614296833081849,0.2545404440744645,0.3995318310868846
pituitary,axial,5262.0,530.4579361637687,0.8058192955589587,0.7607128261507573,0.6875,338.576463963964,0.8995136146408734,0.3570746444519609,0.5135935418784898
pituitary,axial,5076.0,759.056961930742,0.7107252870344442,0.6013404158160099,0.9696969696969697,361.9743122977348,0.8702173290435204,0.42262748135015504,0.5641799975317439
pituitary,axial,2218.0,411.62341238461266,0.7801618009145269,0.4437506048702646,0.859375,1465.9835600907031,0.40730235772083995,0.28201879559069837,0.4948427457907313
pituitary,axial,1929.0,380.6467529817257,0.7393637408968954,0.577777996875173,0.765625,536.1500721500721,0.8669138458698913,0.3603555704146453,0.4775568832981702
pituitary,axial,3080.0,624.239682094289,0.6131793748755724,0.674782454540514,0.9411764705882353,427.06135057471266,0.9254941593233783,0.49491022345200686,0.5694261422605212
pituitary,axial,2961.0,615.7544007200504,0.6723433242506812,0.7053333369959963,0.75,553.115704113924,0.9040758851600097,0.32971887603660094,0.4296121481723254
pituitary,axial,1311.0,379.6467529817257,0.6695607763023493,0.6766260467446702,0.6557377049180327,572.3809523809525,0.8654827381917503,0.34733025530239275,0.449852550700194
pituitary,axial,2467.0,648.1747109368334,0.7012507106310404,0.7566765945278651,0.5647058823529412,506.36182950191574,0.9163786800210447,0.31355068082783777,0.3900099544116093
pituitary,axial,4663.0,690.494516090228,0.7734284292585835,0.6376397450498196,1.3472222222222223,883.6518147345613,0.8170074436390478,0.29627380329645275,0.3951483384865967
pituitary,axial,2021.0,532.1503243191939,0.64983922829582,0.7440690156387286,0.6666666666666666,612.5105633802816,0.9157597223800086,0.3171876424247231,0.3951448070127307
pituitary,axial,2039.0,366.9188309203678,0.7207493814068575,0.784180266780986,0.625,636.5695422535211,0.8822593091620149,0.3122045044320629,0.43999487990590813
pituitary,axial,2789.0,541.6061684419096,0.7069708491761724,0.7591877588899569,0.6818181818181818,249.19827586206895,0.9477176682189443,0.4268732475126162,0.5320279740352879
pituitary,axial,1210.0,269.1787155501902,0.6688778330569375,0.5614104621939328,0.7678571428571429,553.9579545454545,0.8922875982074617,0.4589833075972291,0.5733122745030557
pituitary,axial,1650.0,316.63455967290594,0.769589552238806,0.46742172146868727,1.1666666666666667,370.6512158054711,0.9409600935235107,0.2838579462169585,0.44181720330933366
pituitary,axial,1500.0,262.4213562373095,0.7735946364105208,0.6338000400983769,1.2391304347826086,483.24634308510645,0.9388041011371561,0.41226125403496955,0.5253754053713664
pituitary,axial,1092.0,254.52186130069782,0.7077122488658457,0.6671661488540324,1.263157894736842,785.8504273504274,0.8676626041397744,0.31118757021921334,0.4203930876317428
pituitary,axial,2736.0,769.1574669941302,0.6130405556800359,0.715577685724325,0.85,333.3234880450071,0.9167532390666542,0.421894409648527,0.5070810378998842
pituitary,axial,1455.0,331.6761902332486,0.7076848249027238,0.34457662496641506,0.8888888888888888,525.5000000000001,0.879621536942406,0.35255924727917287,0.4336933807544493
pituitary,axial,4008.0,963.4305909532989,0.5845974329054843,0.7247795363622392,0.8712871287128713,478.21149602824363,0.9056525577040072,0.480660868490694,0.5420722127544267
pituitary,axial,2164.0,364.68228688765845,0.7405886379192334,0.4997937523539555,0.875,1154.3375850340135,0.8399740851423572,0.2911929755831242,0.4137656447819128
pituitary,axial,2329.0,299.1553749530772,0.8398846015146051,0.3119091506741936,1.0,559.136038961039,0.9051466187604368,0.17269996000246815,0.3097084163445713
pituitary,axial,2134.0,310.2497833620557,0.8145038167938932,0.25230936561833844,1.0,547.9496753246755,0.9182060504232761,0.22639964489213807,0.39368259138844325
pituitary,axial,2651.0,403.06096654409885,0.7429932735426009,0.8056772490499512,0.7,1033.3114828209764,0.805135527855614,0.32324455598592283,0.44940352687183666
pituitary,axial,2941.0,524.842712474619,0.7575991756826378,0.7278404085004953,0.691358024691358,527.8489326765189,0.9019350926376347,0.31297665942671954,0.4382511813096287
pituitary,axial,1229.0,273.4568901432422,0.7530637254901961,0.5065542785606275,0.8333333333333334,1283.7601063829786,0.830731028048336,0.22484275980446222,0.33797751974519086
pituitary,axial,5481.0,918.6732316404182,0.7015231025214387,0.8554015895804433,0.6567164179104478,422.87087542087545,0.9278025477340837,0.48012758555706875,0.5711712887687492
pituitary,axial,5880.0,728.5950211536165,0.7443980250664641,0.7697303068171419,0.6666666666666666,531.4876050420168,0.9216784819105481,0.3265295507546985,0.4639856449742033
pituitary,axial,4876.0,664.4234482783626,0.7418226076373041,0.7369262114368967,0.9166666666666666,529.6623205741628,0.9222429391832581,0.3585165700107545,0.47861997837055087
pituitary,axial,4238.0,536.3990616607231,0.8067770797639444,0.6099863331739382,1.0,543.3599683544303,0.891355540875223,0.26108484353856465,0.3701314489225204
pituitary,axial,2871.0,444.07315985291854,0.7917815774958632,0.4975058647685261,1.0,850.8593750000001,0.7581494395573228,0.20569713439548323,0.3851384109281668
pituitary,axial,2746.0,351.12593770155434,0.8246246246246246,0.6580532722456904,0.7361111111111112,922.7102615694166,0.8643380077507357,0.25043773340625947,0.4050686975457197
pituitary,axial,2943.0,402.445742854949,0.7748815165876777,0.3944405195816691,1.125,254.03902116402114,0.9586634140684901,0.2884582868465349,0.4323408878703743
pituitary,axial,3077.0,379.8538597629122,0.8381912285480796,0.38435417526449017,1.125,321.0383597883598,0.9541431001331117,0.25019447805825157,0.39927308718510884
pituitary,axial,2650.0,390.3746750430836,0.8025439127801333,0.4691022923086082,1.0,504.4154265873014,0.9278684579077003,0.26282802708662445,0.3946557201206754
pituitary,axial,2245.0,389.78279195104676,0.7230273752012882,0.3954606954386246,1.0,379.2586805555555,0.9260450379532766,0.3711402785489744,0.5405768689463578
pituitary,axial,2534.0,417.1381310103742,0.7926180794494839,0.37984738333084,0.875,629.4991496598639,0.8389796702312577,0.20119466115898468,0.4439221138997543
pituitary,axial,2279.0,315.8772003600252,0.8341874084919473,0.29296922463984115,1.0178571428571428,1256.669841269841,0.7819169001783896,0.2655326549671644,0.49904792172451606
pituitary,axial,2791.0,518.7716446627535,0.6421997238840313,0.6554496483847673,0.7441860465116279,529.1964798850574,0.9058308600238651,0.41201153158033393,0.5454096053942254
pituitary,axial,1705.0,331.7766952966369,0.7587894971072541,0.5441151985496858,0.8571428571428571,599.6356060606063,0.8964675165055166,0.25723796924074055,0.418552253639864
pituitary,axial,1514.0,326.1198410471445,0.744346116027532,0.2465709027182497,1.0,818.3120567375887,0.8977700625928922,0.2134334977336764,0.34292873273610036
pituitary,axial,1562.0,272.56349186104046,0.7452290076335878,0.7195970928082908,0.8571428571428571,1702.478409090909,0.7486200241043036,0.31410766448021576,0.482445694382904
pituitary,axial,3539.0,457.7300141024109,0.8284176029962547,0.47739489887018016,1.0,246.92351330203442,0.915826819853331,0.23698487345203445,0.40626800974761357
pituitary,axial,2691.0,379.03152929257595,0.7931034482758621,0.4019149898678439,1.0,326.8529265873015,0.8827097502270704,0.2492929669270995,0.4151226908682678
pituitary,axial,1746.0,283.5279579551077,0.7773820124666073,0.25945142833530604,1.1041666666666667,285.2196048632219,0.8806691688308215,0.25820692173644133,0.405739751817994
pituitary,axial,4573.0,889.2823586751581,0.6904725955005284,0.8208079049092245,0.7692307692307693,374.90254854368936,0.9301053989367112,0.37131889693159137,0.44755379725941896
pituitary,axial,3043.0,448.2802666341051,0.7434644515025653,0.5016802386170813,1.0694444444444444,816.5499999999998,0.8068623369259899,0.4030946253409662,0.5577258442402168
pituitary,axial,3502.0,460.80108191427644,0.7923076923076923,0.4125508731439602,0.9,259.78340365682135,0.9384923758430288,0.31470254437510015,0.4836306430451744
pituitary,axial,3926.0,464.0437226013957,0.8256572029442691,0.3997519083904016,0.9,263.00175808720115,0.9402560626115247,0.23863859520774686,0.41707321980390843
pituitary,axial,3717.0,388.19700551341987,0.862613135298213,0.2254534417264902,1.0,241.69209702660405,0.918517126987381,0.2050415138251196,0.4224616928085858
pituitary,axial,2839.0,408.5756851698602,0.7919107391910739,0.3280212748686216,0.8888888888888888,354.4907570422535,0.9054802381929457,0.2975749254685375,0.49889629377272204
pituitary,axial,3108.0,480.28026663410503,0.7169550173010381,0.645144889999518,0.9,391.13994374120955,0.9405281070184963,0.3875030186720643,0.4884100836715807
pituitary,axial,3001.0,569.120887067671,0.7240048250904705,0.592769430391725,0.8,487.16079905063293,0.9012380176346901,0.32189974584920694,0.4339888452602847
pituitary,axial,2271.0,396.8954903232548,0.7517378351539226,0.6226647212535229,1.1428571428571428,372.4917613636364,0.9253376299015702,0.26461409789201046,0.382955905507838
pituitary,axial,1503.0,306.63455967290594,0.7212092130518234,0.5748077018059448,1.1666666666666667,738.6341185410333,0.8785101276865878,0.35155958003122356,0.4313449865428941
pituitary,axial,5962.0,1016.3595231414334,0.7330628304438707,0.7428255811150283,0.7981651376146789,543.5320434070433,0.9171514870488464,0.3193800238026529,0.444604909735153
pituitary,axial,5298.0,655.6894295625948,0.8022410660205935,0.6563759478700962,0.8333333333333334,485.4977631578947,0.9212837227682981,0.23633119235349445,0.4096442102598694
pituitary,axial,3830.0,408.88939366884495,0.8437981934346772,0.1095960497082669,1.0,425.6032863849764,0.9248758872588518,0.19233104814904908,0.3671887013558119
pituitary,axial,3504.0,430.9665581351203,0.8128044537230341,0.1744479014749401,1.0,324.85778560250395,0.9246887014632021,0.24997780446679962,0.4308606356563147
pituitary,axial,2361.0,457.7300141024109,0.7613673008706868,0.4644481507397145,0.953125,549.890128968254,0.8909506906837742,0.3190751436891434,0.4462487466341927
pituitary,axial,3438.0,524.0792565073284,0.7731054643579941,0.6383160936193303,0.7901234567901234,840.730603448276,0.8492015214554623,0.30029766797452284,0.3999647892223428
pituitary,axial,5329.0,1046.7148622007608,0.6312485193082208,0.500134737837884,1.0,665.2620425690814,0.8575497551423229,0.42563430700779786,0.4977454571843485
pituitary,axial,3348.0,675.0386719675123,0.6504760054400621,0.7474543135723064,1.2179487179487178,729.889108649789,0.8532315686325274,0.47687681883088506,0.5539724326040604
pituitary,axial,4565.0,779.4001076812497,0.6934528330548382,0.7879071837220133,1.5555555555555556,623.8458249496981,0.8430005635015487,0.3588710881682891,0.4538493955476199
pituitary,axial,1422.0,274.770598642227,0.7519830777366473,0.311911061976204,0.9791666666666666,366.2859042553192,0.9040993126831458,0.27516101058999254,0.3683141466375916
pituitary,axial,1137.0,232.37972567696687,0.7022853613341569,0.4498831164404993,0.8333333333333334,479.11436170212767,0.872335817813996,0.2997096168944721,0.3945954327217279
pituitary,axial,3111.0,554.3635277547903,0.7263600280177446,0.2932954269923268,1.0,936.8706964006261,0.7658881782709396,0.31616995464824943,0.4325459555545029
pituitary,axial,2318.0,354.2975105768082,0.7354060913705583,0.6518597699516497,0.7777777777777778,652.8392857142858,0.8269199690749328,0.34568924536990714,0.49579723757444893
pituitary,axial,3521.0,742.3229432149742,0.6795985331017178,0.8715136234373195,0.7058823529411765,505.9842233009707,0.8723963917788116,0.4517416957777323,0.5374184420527405
pituitary,axial,769.0,230.72287142747453,0.6272430668841762,0.848390398248168,0.6666666666666666,1465.3251329787236,0.6093418485805422,0.37441510945470796,0.45977720057410015
pituitary,axial,1520.0,359.0548698896889,0.745829244357213,0.7512665812651967,0.625,417.6242063492064,0.8427320211581548,0.28559631603352736,0.4062779794843899
pituitary,axial,911.0,183.61626970967632,0.7826460481099656,0.5547769778110964,0.9,451.1506410256411,0.8394224965109605,0.26999357749197767,0.3821545055838258
pituitary,axial,377.0,133.12489168102786,0.6051364365971108,0.603453673110844,0.75,1608.5094086021509,0.6700606789482599,0.32021139338737076,0.3682604087041078
pituitary,axial,376.0,153.05992052357226,0.6153846153846154,0.6901697413940412,0.75,1659.5147849462367,0.5427056072017329,0.32024242175990175,0.3711891025732497
pituitary,axial,2858.0,592.683332908185,0.6979242979242979,0.8004980712814128,0.7272727272727273,513.0854885057472,0.873987907850693,0.40454285508004467,0.5025349676594753
pituitary,axial,2411.0,394.9898987322333,0.7727564102564103,0.6065075228376378,0.75,474.18970070422534,0.8986420527204796,0.39748215399155673,0.5125390398090154
pituitary,axial,2428.0,370.26807332528534,0.7862694300518135,0.3090166892739555,1.0,628.1212797619048,0.8551060352794132,0.3281747212595275,0.5129251978898706
pituitary,axial,1491.0,314.1198410471445,0.705631803123521,0.7679873979798405,0.7704918032786885,855.515873015873,0.7518438097146528,0.41727019415181527,0.5248150693922186
pituitary,axial,1565.0,306.77059864222696,0.747730530339226,0.530177730857489,0.8571428571428571,1702.6715909090913,0.5031156593687811,0.3227073768586202,0.5037278346191502
pituitary,axial,1009.0,272.1431816442575,0.6882673942701227,0.6641450964760498,0.7916666666666666,504.5202127659574,0.8523065069151458,0.3468250306077165,0.4413607723612619
pituitary,axial,3234.0,656.796031280393,0.6969827586206897,0.8016845624104849,0.8181818181818182,597.7530332056195,0.9060260651118365,0.4170816678608931,0.48829588150437736
pituitary,axial,3106.0,797.1990975544729,0.6484342379958247,0.7287458276505544,0.9,473.67000703234885,0.9097107775430681,0.34983192048731193,0.4360482696860282
pituitary,axial,4030.0,618.819371877506,0.7270431174454267,0.7217969968620637,0.9090909090909091,318.5505747126437,0.9264386668011355,0.35369855812422685,0.4817969795911105
pituitary,axial,2438.0,703.4234482783625,0.6225740551583249,0.8984209403753013,0.5208333333333334,395.98345864661667,0.8747749066189235,0.4385002758769327,0.5240422361268295
pituitary,axial,1364.0,221.17261889578032,0.7957992998833139,0.5875350651439559,0.9166666666666666,1028.0447695035464,0.8269085043357238,0.2757380802892183,0.37600090593393115
pituitary,axial,2191.0,402.19700551341987,0.7136807817589577,0.651643843093916,0.875,533.3613945578231,0.9245242034487164,0.3065558419059787,0.44468971458842743
pituitary,axial,2599.0,408.36857838867365,0.7400341685649203,0.7204092347570206,0.7777777777777778,518.4293259557344,0.9223818264002354,0.2636036870327685,0.4155031221405991
pituitary,axial,1587.0,341.50461735799473,0.7330254041570439,0.6727229333050156,0.8571428571428571,399.9193181818182,0.8899101642962609,0.2958860727831473,0.4032798174784127
pituitary,axial,1553.0,243.27922061357853,0.767292490118577,0.6444141340401499,1.0,975.7912234042554,0.8209774202612082,0.23396257599496317,0.3691590602890929
pituitary,axial,3172.0,483.48127676088177,0.7121688370004491,0.814571094107813,0.7272727272727273,352.13020833333337,0.9207713982600498,0.36907023885681706,0.481790647795301
pituitary,axial,1605.0,328.2264427649427,0.7067371202113606,0.7778202700492968,0.625,656.8571428571429,0.8944181286112591,0.24507157108875002,0.3229199486285073
pituitary,axial,3335.0,511.76554800834367,0.7350672250385717,0.7787307389628804,0.6363636363636364,395.4930213464697,0.9133485743270279,0.23826579482317542,0.368107684996041
pituitary,axial,1853.0,341.4041122946064,0.724677356276887,0.6032781089386274,1.0,1119.3146103896104,0.7344215402859834,0.3125661508666065,0.44277371803747273
pituitary,axial,2635.0,353.85385976291224,0.7912912912912913,0.5000983837779649,1.0,581.8162202380952,0.9333049434681786,0.2701312447366136,0.37319490976103364
pituitary,axial,3468.0,395.9249275747777,0.8316546762589928,0.34553294805479917,1.0,401.15805946791875,0.9341231962202443,0.26916347071809305,0.41969300407834664
pituitary,axial,3660.0,428.75945135393374,0.8077687044802472,0.26714716690913826,0.9,412.7107946554148,0.9341477281107584,0.2861467178854627,0.4264729701752009
pituitary,axial,1757.0,421.445742854949,0.7053392211963067,0.7939640264043551,0.75,669.0859788359791,0.8511065758343616,0.32860787676242037,0.43820643322233355
pituitary,axial,2461.0,377.1614716074871,0.7339695794810618,0.7489691622548743,0.8611111111111112,727.2444982394367,0.8545075552240075,0.39368799483964406,0.4930985285760189
pituitary,axial,1250.0,209.92997820866105,0.7706535141800247,0.6143821203217029,0.8333333333333334,1864.0441489361701,0.7392036687342879,0.2542085775606068,0.3454681844252527
pituitary,axial,4180.0,507.120887067671,0.8173640985529917,0.61451292650075,0.9,250.4644866385372,0.9314261691207987,0.21361537234138217,0.41642487090980457
pituitary,axial,3252.0,358.50461735799473,0.8279022403258656,0.37378966637865696,0.8888888888888888,297.47205105633805,0.9221007994080764,0.2235542901749459,0.42738583206757025
pituitary,axial,5449.0,578.4701294725885,0.7932741301499491,0.6626909473494409,0.8073394495412844,192.18877968877973,0.9496337903377388,0.3895784747261385,0.5943853968858277
pituitary,axial,4140.0,563.4051583151329,0.750135894183729,0.5416286022696105,0.75,212.52295321637425,0.9427308954774579,0.32683207143292553,0.5343504230251185
pituitary,axial,3994.0,499.7655480083436,0.8276004973062577,0.42046958829860615,0.9,251.66016174402247,0.9414799750661896,0.22742201786801636,0.40641219169720794
pituitary,axial,3887.0,434.5523445727473,0.828078397954836,0.3221839617555043,0.9,222.07964135021092,0.9291582271894684,0.2558623376029696,0.45830080295791414
pituitary,axial,2980.0,383.88939366884495,0.8117679106510488,0.3153551616353472,0.8888888888888888,292.1199383802817,0.9186297871766139,0.28276159118215644,0.4937786330725644
pituitary,axial,2097.0,406.2741699796952,0.6893491124260355,0.7303259078205315,0.6857142857142857,711.3568075117372,0.8323159319891353,0.29214862268883757,0.40703541796340315
pituitary,axial,3048.0,489.5939751330899,0.777947932618683,0.622547787625466,0.7125,428.1149129746835,0.9105522763841131,0.31084307143868994,0.430559022150994
pituitary,axial,2545.0,468.1797615707168,0.6934604904632152,0.5300339667451149,1.125,339.17372134038794,0.9301670978179406,0.3581026035762542,0.457340762488656
pituitary,axial,1992.0,343.19700551341987,0.7405204460966542,0.7099429983461797,1.1428571428571428,383.40369318181826,0.9320905382489576,0.3657215053291607,0.46153694588480493
pituitary,axial,1024.0,229.69343417595167,0.7409551374819102,0.4509613471215568,1.0,403.32158119658123,0.8825544265224592,0.6828139196144188,0.7277948644828831
pituitary,axial,4587.0,574.4995667241114,0.778117048346056,0.5971478563677991,0.7128712871287128,519.9480852211436,0.9245438851771098,0.3185844772919918,0.4669735439701276
pituitary,axial,5592.0,612.8904396893715,0.7789385708315921,0.6297175637066603,0.8461538461538461,449.48598852603703,0.9323850908964844,0.3330010996893177,0.48188416778065346
pituitary,axial,3772.0,453.9726547895302,0.8268303375712407,0.2449927697663737,1.0,545.7052034428795,0.9072424996944863,0.2049912581110465,0.3728175503874399
pituitary,axial,3422.0,398.9310242291876,0.8149559418909265,0.2724710916138582,1.0,311.1999217527387,0.9291107054435299,0.27103493432881876,0.4475804179305634
pituitary,axial,2564.0,405.4396462005391,0.7829007633587787,0.38876723800193813,0.953125,491.84573412698415,0.8953687905840961,0.28312763605257874,0.42475415458415994
pituitary,axial,2975.0,436.69448019647814,0.7647814910025706,0.3473990815850739,0.9014084507042254,1148.8017165492959,0.7810735544754007,0.2510512606157446,0.3627955103080504
pituitary,axial,1927.0,360.13203435596427,0.7613591465823785,0.7238801787418018,0.7384615384615385,439.5196596244132,0.8599975798909618,0.3470319452083088,0.5338840134004016
pituitary,axial,5355.0,1012.8214639185592,0.6352313167259787,0.5071579087692657,1.0,636.3142270351008,0.8617835909058247,0.4339146918725217,0.5060687285544868
pituitary,axial,4928.0,827.4356415871823,0.7545551982851019,0.739079026293315,1.5138888888888888,773.7126509054327,0.7940809629624337,0.30716990625310847,0.4062265356413605
pituitary,axial,1456.0,261.04267658086917,0.7579385736595523,0.3260336468296382,1.0,330.84264184397165,0.910839319875144,0.256227529191258,0.35363773786319985
pituitary,axial,1359.0,310.84166645409243,0.7357877639415268,0.6645058809929392,0.7142857142857143,380.274090909091,0.8879577538361889,0.26958032887992456,0.3622623839365494
pituitary,axial,3263.0,522.9787514439402,0.7299776286353468,0.6467284341289126,0.8875,759.5374472573841,0.8217186038715645,0.3677175028339094,0.46665187912734124
pituitary,axial,3218.0,521.6295090390227,0.6559315124337546,0.78893305037813,0.6666666666666666,355.2605263157894,0.9154499899760035,0.41077196439723657,0.522898154655643
pituitary,axial,4087.0,672.9320702497141,0.6847043055788239,0.8436300873268918,0.7692307692307693,391.3815533980583,0.8987857440476609,0.4450382294257328,0.5290434608497682
pituitary,axial,1447.0,356.95436482630055,0.6604290278411684,0.8185938636802013,0.625,1320.328174603175,0.7087834204509641,0.30471048880106955,0.3994454454361925
pituitary,axial,1459.0,301.67009357883865,0.7587103484139366,0.7167770119102017,0.7142857142857143,408.96772727272736,0.8442812456510417,0.2442024038571012,0.37493699613615356
pituitary,axial,968.0,194.3086578651014,0.7261815453863466,0.6348375671677136,0.7708333333333334,269.63563829787233,0.900682121502551,0.39428099547809986,0.4841914992147716
pituitary,axial,826.0,215.20815280171308,0.6565977742448331,0.5481904313683734,1.125,363.5240384615385,0.8844096151302335,0.4467691771480801,0.5053894849903832
pituitary,axial,753.0,256.3147545195113,0.6375952582557155,0.6198920966179566,0.8,1028.1866987179487,0.8198322294359205,0.2707135886854372,0.32272037409999793
pituitary,axial,612.0,183.44469683442247,0.6428571428571429,0.7331158728901491,0.8,527.4623397435898,0.845102115050734,0.4332606221475119,0.48025165785408125
pituitary,axial,2681.0,472.5290039756343,0.7385674931129477,0.8395187712293182,0.6818181818181818,415.8575790229885,0.8968394314879168,0.43393168443451613,0.5315389373573922
pituitary,axial,2147.0,332.0904037956216,0.7850091407678245,0.3573342966030495,1.0,531.089935064935,0.8395416064590115,0.22777021155035038,0.4178078340980918
pituitary,axial,2365.0,326.6761902332486,0.7987166497804795,0.34089855064927777,1.0491803278688525,725.5461309523808,0.8316945172236268,0.331277355637749,0.5174388240870966
pituitary,axial,3640.0,650.9970414071697,0.700269334359369,0.7970610453694101,0.7083333333333334,263.41549707602337,0.9408290413348106,0.3927634504011283,0.47755364501132896
pituitary,axial,2223.0,360.2325394193526,0.766287487073423,0.6060910476851844,0.875,274.3285147392291,0.9190786345843419,0.30703579261871533,0.4479133276239025
pituitary,axial,865.0,213.1370849898476,0.6700232378001549,0.4996502181642057,0.975,485.2564102564103,0.8483724961882172,0.2983469964806203,0.40539413421132814
pituitary,axial,3848.0,670.2102448427661,0.6606008583690988,0.8089427748454209,0.7128712871287128,420.5005393743258,0.927959991127426,0.41636939198608475,0.48767686836938384
pituitary,axial,4116.0,767.920922961421,0.6935130581297388,0.7859498117979166,0.8977272727272727,408.4459770114943,0.9027903201015659,0.3232454168294659,0.4469959232911063
pituitary,axial,4585.0,785.7493500861672,0.5970829535095715,0.8303370683258186,0.9158878504672897,196.34650034650033,0.9329953669351235,0.5483023182786728,0.6329592823263805
pituitary,axial,1999.0,454.83661582020915,0.6769387064002709,0.7288295798881392,0.875,376.76247165532885,0.8834464451033351,0.3307119295289832,0.4453466568398904
pituitary,axial,4472.0,985.0580079512685,0.6826438711647077,0.6297169991533411,1.0,603.5151315789473,0.9081617948333625,0.43314276498094734,0.5075557195713503
pituitary,axial,1769.0,416.10259710444143,0.6566443949517446,0.811681582369342,1.0,628.6879960317459,0.8972858655728098,0.48710967803097205,0.5563876910260995
pituitary,axial,574.0,162.23149339882605,0.6882494004796164,0.5607452222553729,0.90625,268.14112903225805,0.8910825141375288,0.29033833122597563,0.39662276215587006
pituitary,axial,2609.0,495.70057685088807,0.6778383995843076,0.5231787299024505,0.927536231884058,912.2330545774647,0.8649079688845068,0.33256201688055476,0.41368114498272074
pituitary,axial,1762.0,343.4274528917194,0.7093397745571659,0.6634459349204604,0.7619047619047619,887.6382275132275,0.8669402767515795,0.32666819557208254,0.41746692208461267
pituitary,axial,1350.0,239.79393923933998,0.7433920704845814,0.45205704099328664,1.0,673.3204787234042,0.9020828569911524,0.3247268544345326,0.41617333111203125
pituitary,axial,2723.0,442.62341238461266,0.7126406699816802,0.3165618758209494,1.0,1375.4475743348983,0.8338489928192722,0.4112215103371218,0.4831738803500002
pituitary,axial,3749.0,589.2335854398791,0.70522949586155,0.3523475164138104,0.9090909090909091,1016.4320402298853,0.8515475959527744,0.3972857035872361,0.47575901185008224
pituitary,axial,4821.0,530.286363288515,0.758376592732421,0.5563999851186654,0.9565217391304348,401.7985645933014,0.9192998898747641,0.36713367553410126,0.46766959917076767
pituitary,axial,3331.0,623.2752160002217,0.6593428345209817,0.7547938720023838,1.3055555555555556,708.8298122065726,0.8602262757528465,0.4400921945921444,0.5241511596303946
pituitary,axial,1896.0,478.1797615707168,0.656964656964657,0.8698292428033965,1.5319148936170213,1374.7349290780141,0.6981181078025587,0.3275201671401766,0.41286040578442773
pituitary,axial,2213.0,471.3158005400378,0.7241492146596858,0.7774460092959887,0.6857142857142857,678.8632629107981,0.8877182794909414,0.24934806524571596,0.3308223171412395
pituitary,axial,2027.0,297.3563850798539,0.7977174340810704,0.5685925833858048,0.75,374.75925925925935,0.9009405629509675,0.24022041256591145,0.3658990778156239
pituitary,axial,1972.0,319.4274528917194,0.7721221613155834,0.6370095013532332,0.75,369.93154761904765,0.8801629433794491,0.2638498291961075,0.41611347332483395
pituitary,axial,1937.0,331.3624817342637,0.7662183544303798,0.697332776918464,0.75,872.334656084656,0.7482645247012841,0.2818300496358524,0.45429564607500456
pituitary,axial,1527.0,264.5573952066306,0.7581926514399205,0.37012956206766434,1.0,315.6932624113475,0.9352163018949993,0.24050509187247726,0.3543093292128884
pituitary,axial,1387.0,249.59292911256333,0.7994236311239193,0.45176707493874935,1.2,365.38087606837615,0.9312642798010997,0.17444040919737247,0.315023956147443
pituitary,axial,3374.0,491.07925650732847,0.7938823529411765,0.7009475053788632,0.7272727272727273,303.6844468390805,0.9596057229369854,0.31266255041270985,0.4335826983993586
pituitary,axial,3021.0,462.07315985291854,0.8112244897959183,0.4003686744258254,1.0,213.68080357142858,0.9548151651370602,0.17842143653821754,0.33295012538470053
pituitary,axial,2026.0,368.611219075793,0.7269465374955149,0.38983363808447125,0.875,310.94642857142856,0.9389021791952992,0.3312978594783271,0.42015760425324145
pituitary,axial,2405.0,407.06096654409873,0.7513277100905967,0.6139535829827916,0.7777777777777778,757.0911091549297,0.8541354532550811,0.400623108475964,0.4747855332281693
pituitary,axial,1917.0,274.66399692442883,0.8136672325976231,0.5459484899038293,0.8571428571428571,277.93787878787884,0.8671105033183263,0.19022129891782227,0.37170310175529164
pituitary,axial,1477.0,306.19090885901,0.7304648862512364,0.7150281204719044,0.8571428571428571,301.5727272727273,0.9199545579258449,0.35163156461188894,0.4475706081758862
pituitary,axial,1127.0,282.3919189857867,0.7453703703703703,0.8303116687122131,0.5714285714285714,1317.8943181818183,0.8275783757049573,0.2548908219121302,0.35444780510947993
pituitary,axial,2701.0,373.2325394193526,0.8135542168674699,0.3224149598986338,0.875,763.6335034013606,0.7346629309575654,0.1591706614414253,0.3406762564458938
pituitary,axial,444.0,112.67514421272202,0.7338842975206612,0.5636889160233189,0.8,824.938888888889,0.9059451897939087,0.24493519236073477,0.2893783819465819
pituitary,axial,246.0,110.01828996322963,0.6648648648648648,0.7633783161893363,1.5,2356.6888888888893,0.6916689317852837,0.13701513839042803,0.15249192318807386
pituitary,axial,1814.0,418.8954903232549,0.6921022510492179,0.6656497859375633,0.75,515.254298941799,0.8938510908987756,0.30070635631660164,0.4229054074059653
pituitary,axial,1755.0,297.22034611053283,0.7516059957173448,0.8067645970407663,0.6153846153846154,572.6028169014086,0.9158033535564003,0.29099796053087446,0.4014490383069789
pituitary,axial,625.0,179.48023074035524,0.7200460829493087,0.6584208979890764,1.0,690.734879032258,0.8210173383801644,0.23889746625310618,0.30140288858288466
pituitary,axial,2350.0,486.70057685088807,0.6895539906103286,0.8803802389708159,0.6511627906976745,310.08969622331693,0.9212558825978333,0.42899534277183,0.5234554589723375
pituitary,axial,666.0,187.23759005323592,0.7107790821771611,0.5465107064528301,1.0,349.0010080645161,0.8668129493082929,0.203141883753606,0.3206237722185201
pituitary,axial,4635.0,750.6427483683689,0.665470208183776,0.7671824929952161,0.7857142857142857,348.62755937755935,0.910125352837067,0.4519458439830588,0.5496729380614891
pituitary,axial,2811.0,413.96655813512035,0.7574777687954729,0.8333530891582669,0.8,496.4602452531646,0.8823644896013153,0.3794734179777029,0.4599068819027871
pituitary,axial,2684.0,442.0315292925759,0.6698278013476416,0.8444508562743852,0.8,239.34038765822788,0.9179350115740258,0.40741174496460775,0.5087968765199941
pituitary,axial,1777.0,382.2325394193526,0.7026492684855674,0.6757235435170331,1.0,516.8711038961039,0.9179520179785919,0.31978418086408816,0.3888321981696654
pituitary,axial,878.0,216.4152595828996,0.7274233637116818,0.6135744752239407,0.8,724.6746794871796,0.8426499316323255,0.16836650118975477,0.2636210199577345
pituitary,axial,1741.0,358.025432638166,0.6846244593000393,0.7558009003521903,0.6857142857142857,484.16490610328634,0.8919990697670073,0.4226963617446748,0.512940971148882
pituitary,axial,2178.0,517.3574311003804,0.6244266055045872,0.7867168327241458,0.5517241379310345,360.834530651341,0.8980158212678938,0.36144379321617515,0.4587459433734748
pituitary,axial,2292.0,471.25082938258225,0.6801186943620178,0.3405036739417855,0.8888888888888888,224.37301936619724,0.928540549211059,0.41981197588166713,0.5266527331550583
pituitary,axial,4767.0,600.399061660723,0.6923747276688453,0.7605338374276803,0.7843137254901961,289.69344660194173,0.9363400467743935,0.36973131555145045,0.4784857440218412
pituitary,axial,2757.0,472.21529547664943,0.782793867120954,0.806953419719108,0.5714285714285714,383.23275862068965,0.8822496285125031,0.2572894042388452,0.39180732024878123
pituitary,axial,1849.0,252.35028842544403,0.8381686310063463,0.5505341973616108,1.1666666666666667,327.34574468085117,0.8966280787166792,0.2218296802729716,0.37847243816164783
pituitary,axial,2155.0,384.43964620053913,0.7451590594744122,0.45591544252682914,1.1428571428571428,465.8076704545455,0.89320142914386,0.2873762450364684,0.4062481955915348
pituitary,axial,4309.0,510.21529547664954,0.7808988764044944,0.7435836391429256,0.7659574468085106,472.85336257309945,0.9247574591635149,0.30695467192502535,0.45495044867483486
pituitary,axial,4034.0,596.2335854398791,0.7322563078598657,0.6486773250046103,0.8181818181818182,375.7348339719029,0.9372112731478679,0.29048813531672046,0.46235779342936495
pituitary,axial,3260.0,445.58787847867995,0.797260943996087,0.7038021991913608,0.7,476.92879746835445,0.9040482136122616,0.19932665619047177,0.4090009967438867
pituitary,axial,2182.0,322.63455967290594,0.8039793662490788,0.4716340812879722,1.0,380.8525974025974,0.9160644448580392,0.20376435585536787,0.40506811394774084
pituitary,axial,2238.0,381.5107140124046,0.7852631578947369,0.49322945484200176,1.1428571428571428,348.92386363636376,0.9313161641581938,0.2742835567889432,0.44345706440378546
pituitary,axial,1716.0,318.77669529663683,0.7698519515477793,0.4715154288989293,1.1666666666666667,466.84156534954406,0.8173759115934893,0.26064632853366726,0.4423486730650559
pituitary,axial,3409.0,537.3158005400378,0.6955723321771067,0.757966085024754,0.7840909090909091,586.0978607918263,0.9225593413860629,0.39487017845411737,0.5109990257491914
pituitary,axial,3098.0,450.3097038856279,0.6901314323902874,0.8325587649887074,0.7272727272727273,561.9771910919542,0.9295697857650566,0.38552482019125794,0.5005927461001557
pituitary,axial,2165.0,431.3391411371508,0.6738250855897915,0.7659358509879645,0.7777777777777778,717.7527665995976,0.8905732153705918,0.364168044818971,0.4822078878162664
pituitary,axial,652.0,154.13098833543773,0.7468499427262314,0.3569400249356316,1.0,873.842741935484,0.8520984973460831,0.2344633244951087,0.32631276558822764
pituitary,axial,968.0,282.01323932934633,0.6698961937716263,0.7662160402078444,0.8333333333333334,394.45,0.9105930524183357,0.37093103317417553,0.4468393808264437
pituitary,axial,958.0,206.55129855222071,0.7531446540880503,0.2605965593753522,1.0,620.7096153846154,0.8999009576700923,0.2577740175341831,0.37089231127214095
pituitary,axial,2674.0,505.8782463805518,0.637881679389313,0.5314911136204884,0.8,526.9465981012659,0.9315058871439593,0.381475218953936,0.4519618304588338
pituitary,axial,1599.0,263.0071426749364,0.7507042253521127,0.5451980714337041,1.1666666666666667,406.48252279635255,0.944788205945962,0.3216803060816359,0.39467206670177385
pituitary,axial,1929.0,312.21424945612296,0.7867047308319739,0.5526262775987368,1.1666666666666667,634.2439209726443,0.9333460850759029,0.1785522284834164,0.250263291705203
pituitary,axial,2610.0,417.75945135393374,0.727222067428253,0.6823115746619346,0.7125,467.4497626582279,0.9355044929020019,0.41658993453385196,0.48503645218019625
pituitary,axial,3534.0,459.1736649163069,0.8146611341632088,0.7617199809845641,0.735632183908046,450.51813936781616,0.9026152245848746,0.29454417224723545,0.4020649181917325
pituitary,axial,1672.0,246.7228714274745,0.8053949903660886,0.502756045442884,1.0,1071.6436170212767,0.8216979061308232,0.19292611364246384,0.2752704226326834
pituitary,axial,1787.0,311.5279579551077,0.7613975287601193,0.2699809569358769,0.8571428571428571,1151.9575757575763,0.8081216492956746,0.23292112965559134,0.29546795713457685
pituitary,axial,2092.0,353.29751057680824,0.7820560747663552,0.4804017470621693,1.0,303.69188311688316,0.945804181991458,0.24434563206019932,0.30976525919703574
pituitary,axial,2418.0,363.2325394193526,0.7608558842039018,0.4524402589199562,1.0,312.12375992063494,0.9416605011045902,0.31038009822231877,0.3811443392295968
pituitary,axial,2402.0,328.84776310850236,0.80658159838818,0.3349002627928763,0.875,453.0019841269841,0.9280547857327673,0.2411307018064787,0.3135106804564344
pituitary,axial,1632.0,295.90054095713816,0.7566063977746871,0.5042139871507954,1.0833333333333333,783.1827507598784,0.8194282818677852,0.2772831389233719,0.36262784604241555
pituitary,axial,1384.0,232.072113832392,0.8107791446983011,0.6412488473183097,1.2,862.4524572649573,0.7885382032198798,0.17018689195218362,0.31725985512736254
pituitary,axial,4268.0,470.7239174480011,0.8478347238776321,0.7645751924153308,0.7272727272727273,270.55980603448285,0.9276374094900117,0.1750275199305037,0.32025107665590363
pituitary,axial,2256.0,350.81222920256965,0.75730110775428,0.49841308765628406,1.1428571428571428,362.9764204545454,0.8807528259142066,0.27551209012071676,0.4019096999863286
pituitary,axial,3613.0,446.6944801964782,0.7954645530603258,0.6430789638046983,0.9,310.44989451476795,0.905982914824478,0.3023406793821647,0.4396919044057989
pituitary,axial,3178.0,516.4934700697015,0.7413109400513179,0.7487183314856948,0.7441860465116279,316.84069683908046,0.8959390208012287,0.3575031752822055,0.4864525886514213
pituitary,axial,1502.0,269.3919189857867,0.7277131782945736,0.5043685815422448,0.8727272727272727,446.67045454545445,0.8890482812436912,0.3346965495833955,0.4529474147232352
pituitary,axial,1832.0,270.4274528917193,0.8,0.643156666610469,0.8571428571428571,694.2924242424242,0.7916595986922506,0.20889301543190733,0.411382575185739
pituitary,axial,1047.0,236.24368670764585,0.7368050668543279,0.44841755722734566,1.0,1168.4673076923077,0.6336798989965728,0.21968529505315185,0.4104491481720026
pituitary,axial,1468.0,318.04877323527904,0.6764976958525346,0.8067583831444579,0.625,779.8507936507937,0.8987407528526467,0.31341231153533183,0.37985706170856054
pituitary,axial,3595.0,553.7066735052979,0.7766256210844675,0.6239032508620435,0.9,322.1056610407876,0.9137471828425691,0.2962626550894314,0.41914811990191697
pituitary,axial,710.0,185.48023074035524,0.6654170571696345,0.6234352823938177,0.8,1230.0408653846152,0.8748307113621069,0.30693757178650294,0.36327186638212206
pituitary,axial,758.0,214.4863273947651,0.66784140969163,0.8858946266808554,0.42857142857142855,969.8143939393939,0.808350891646986,0.2999239458233319,0.3794909651904632
pituitary,axial,4244.0,470.9959953866432,0.7838936091614334,0.4394631555263362,1.0,268.7669303797468,0.9072510511949301,0.27440659709993503,0.45242262023140867
pituitary,axial,6007.0,552.2569260369921,0.8241185347784332,0.49870407186945126,1.0909090909090908,567.3347701149426,0.8929943959957067,0.22855130794750844,0.41641468191918807
pituitary,axial,7060.0,708.2813126546316,0.8047418214977773,0.592802062937005,1.2765957446808511,280.0681578947369,0.9317779605359507,0.3334387933357491,0.49991801631197474
pituitary,axial,7270.0,693.2518754031088,0.8389106854373414,0.6003421217513446,1.1666666666666667,287.2376879699249,0.9546107270794697,0.2702923287220109,0.4182605644518014
pituitary,axial,6563.0,575.7483040656405,0.8751833577810375,0.34672727540531245,1.0909090909090908,454.67863984674335,0.9151589274101446,0.16324933790883897,0.3369936148748927
pituitary,axial,1609.0,279.11374439273465,0.7589622641509434,0.6218828246576019,0.8571428571428571,1570.917803030303,0.7083888742251702,0.2966252544067725,0.4367357485717393
pituitary,axial,4856.0,543.7066735052979,0.8077178975382568,0.5315987263509991,1.0,464.5619122257053,0.9178867316200249,0.31361294676641893,0.4798147155270601
pituitary,axial,2586.0,443.7239174480011,0.7590255356618726,0.4152417841378927,1.0,833.0148809523808,0.771885558809759,0.27355920315554005,0.4054522409301672
pituitary,axial,5124.0,593.4995667241113,0.751099384344767,0.6926663333665847,0.7692307692307693,280.85618932038835,0.9207489539670506,0.32845673687688537,0.4720523805758602
pituitary,axial,5606.0,575.4934700697015,0.770796095146432,0.6610589688026721,0.88,300.7903795233892,0.9232659864863685,0.3346796086810321,0.46980736531615264
pituitary,axial,5052.0,720.0092347159895,0.7409797594602523,0.5916948366799756,0.7692307692307693,320.1110436893204,0.892062902834788,0.3197418501172045,0.4728488880141524
pituitary,axial,3426.0,416.75945135393385,0.8017786098759654,0.3286830588654516,1.0,205.92644757433496,0.9320763197515184,0.26757377960895096,0.4252412743375484
pituitary,axial,2702.0,365.95436482630055,0.7951736315479694,0.4388377711080759,1.0,255.203373015873,0.9087340998393165,0.2659550196697927,0.43698470148359103
pituitary,axial,1720.0,259.69953083036154,0.7688869021010282,0.555285034743829,0.8571428571428571,259.2056818181818,0.8925530666647995,0.28430597919699574,0.43121796993956735
pituitary,axial,4015.0,680.7310601229374,0.6416813169250439,0.8612530179124079,0.6517857142857143,426.5095720720721,0.9277902462871621,0.4840067950053958,0.571181597517366
pituitary,axial,2534.0,453.28636328851496,0.70703125,0.8557586599261569,0.5454545454545454,564.4523467432952,0.8896245842028162,0.30840169451028926,0.4483080664246993
pituitary,axial,2076.0,300.770598642227,0.7743379336068631,0.6949851437945737,0.875,374.80243764172343,0.9249699104080434,0.348120915747403,0.49804894109874304
pituitary,axial,3225.0,634.1330803764909,0.6682552838789888,0.8024508758123291,0.6666666666666666,410.60115131578937,0.9408899356870705,0.3917610557591919,0.46153263784949555
pituitary,axial,3113.0,569.955410846827,0.6482715535193669,0.8057438640206315,0.6666666666666666,397.73832236842117,0.9410548993275668,0.4169196539073581,0.4864653328642126
pituitary,axial,1443.0,301.3269478283311,0.7774784482758621,0.4793884166677656,0.9791666666666666,698.0939716312058,0.9205676589252128,0.25609253250430125,0.3526932446554222
pituitary,axial,1005.0,243.23759005323592,0.7438934122871946,0.7205920669869346,0.6666666666666666,1332.660239361702,0.815534198910627,0.24192581630944143,0.345264293268794
pituitary,axial,2168.0,570.8843430349616,0.5837372105546581,0.7373009495619082,0.810126582278481,487.8097310126582,0.9201956595883913,0.48682425879174845,0.542624953266055
pituitary,axial,4158.0,652.1391770309007,0.6553191489361702,0.7729473389618652,0.7692307692307693,422.01334951456323,0.9363321416230084,0.4303211189739682,0.5060881377294432
pituitary,axial,1434.0,348.12593770155434,0.6796208530805687,0.6126438847797729,1.1914893617021276,578.1081168831171,0.9245642113048851,0.43996555460550796,0.48958773367289765
pituitary,axial,1305.0,262.28531726798843,0.7487091222030982,0.7557569883675652,0.7142857142857143,1353.582272727273,0.6624974796561021,0.3088103673376375,0.44511174064157255
pituitary,axial,2749.0,445.723917448001,0.7527382256297919,0.8306978191805637,0.5454545454545454,392.55699233716473,0.8969813643631571,0.25104575277306257,0.37850421576490245
pituitary,axial,4063.0,854.8975823643079,0.6235420503376304,0.3659553892479917,0.9166666666666666,335.973923444976,0.9225222639956179,0.4301685710766594,0.49646601333532403
pituitary,axial,2281.0,419.5817818242701,0.7159447583176397,0.733385477798674,1.2857142857142858,557.263888888889,0.8228585354253162,0.347760372682813,0.45738227728313585
pituitary,axial,2979.0,506.0792565073284,0.6878319094897253,0.795952483571299,1.375,416.33044733044744,0.9174786097846608,0.38515970148645096,0.47811115675732624
pituitary,axial,3149.0,499.21529547664943,0.7850909997506856,0.4634645088331807,1.0,455.72593896713613,0.9227145708984337,0.30551325427194365,0.42197695079763603
pituitary,axial,3215.0,406.75335469952387,0.7889570552147239,0.6055297953241996,1.25,293.27857142857147,0.9304715486017424,0.30760284809590854,0.4542088403943906
pituitary,axial,2653.0,411.23863607376245,0.8277691107644306,0.583666650639494,1.1964285714285714,645.2785353535354,0.8773085686731984,0.24948127492889918,0.4003189072426875
pituitary,axial,2879.0,427.0376259469858,0.7825496058711606,0.7088154291300008,1.125,696.9023368606702,0.7913210952367443,0.29164487828223407,0.45491687794105656
pituitary,axial,2368.0,366.6051224213831,0.7769028871391076,0.7265913345044406,0.921875,1014.3497023809521,0.7989224134548075,0.318524469307516,0.4200434980009318
pituitary,axial,3236.0,397.81832585697947,0.7655547669742134,0.6130999226288782,0.7272727272727273,856.3979885057473,0.8324292869433421,0.3574919422289529,0.48335513513456807
pituitary,axial,5019.0,617.2985565973347,0.8038116591928252,0.7071551052416771,0.6923076923076923,592.9184196332253,0.818338290976543,0.2605548926558835,0.4487209480383041
pituitary,axial,4993.0,555.4345955666558,0.7707625810435319,0.7022788914418613,0.875,312.13803827751195,0.8863011138373575,0.35819807902822354,0.5238054186906058
pituitary,axial,4349.0,574.6000717874997,0.7683745583038869,0.7889851900620338,0.6923076923076923,513.567826321467,0.8665117545106773,0.35150637524332384,0.502265253407088
pituitary,axial,1766.0,304.7056274847714,0.7202283849918434,0.50904120484018,0.9491525423728814,430.69869614512476,0.8958572557678082,0.4266885205474608,0.5388821563803069
pituitary,axial,766.0,231.45079348883237,0.7059907834101382,0.6157710989057322,0.8,1514.1850961538464,0.5881773181688804,0.2572258912442469,0.41887036620054513
pituitary,axial,3839.0,729.2579720575186,0.7084332902749585,0.47805415274036833,1.1,964.5375431530493,0.8403094296835714,0.3672945498365062,0.45071102905342764
pituitary,axial,3435.0,707.1869042456532,0.6342319054652881,0.7299708159674368,0.8068181818181818,434.1906130268199,0.9201591219087334,0.3763528042659641,0.46799537928891155
pituitary,axial,2917.0,457.5523445727472,0.6861914843566219,0.7253796783584092,0.7,657.5675858951174,0.8895346472397304,0.25859909455681995,0.38460198258997114
pituitary,axial,2392.0,611.8132752230961,0.6311345646437995,0.7264733176336241,0.6875,386.02350813743215,0.8940452729323229,0.3675365861702881,0.4499807748496995
pituitary,axial,2465.0,590.0914498161483,0.6569829424307037,0.7364912066297995,0.6511627906976745,408.3854679802954,0.930826109943526,0.41001229696060254,0.47896904436785087
pituitary,axial,2551.0,531.2569260369921,0.637431284357821,0.7766774630095773,0.717948717948718,474.6577757685354,0.9258221640157777,0.32596719740904917,0.3965301273201245
pituitary,axial,1339.0,333.1848122046001,0.7084656084656085,0.7449555822707099,0.7142857142857143,813.6013636363635,0.9319889821686036,0.2922440958689293,0.34365063326961226
pituitary,axial,2992.0,554.0559159102154,0.6722084924736015,0.8488842545603986,0.5833333333333334,498.53609022556395,0.9005197911335702,0.34378543044067145,0.4503973360183915
pituitary,axial,2947.0,505.2447327281723,0.6986723565670934,0.7351260115304916,0.8,185.1985759493671,0.9603290888622174,0.3477500486988073,0.4688368321363177
pituitary,axial,1848.0,355.0548698896889,0.7132381319953686,0.6683745300512114,0.78125,219.42233560090705,0.9500866025245375,0.3955022787236038,0.5110044562027589
pituitary,axial,1705.0,311.048773235279,0.7656039515042659,0.4270287000662787,1.1458333333333333,347.9365501519757,0.9417367797805066,0.24668502289758765,0.40689084256873337
pituitary,axial,1578.0,273.24978336205567,0.7582892839980778,0.5221279110861623,1.1666666666666667,462.9654255319149,0.9398531712809295,0.3218363208073668,0.4600874294165754
pituitary,axial,1124.0,233.4152595828996,0.7270375161707633,0.5975066488100366,1.2,665.2815170940172,0.8843058938515834,0.3051121005051157,0.4157469421855665
pituitary,axial,1622.0,307.6345596729059,0.7547696603071196,0.5840039156191368,0.8571428571428571,423.8674242424243,0.8921316778099468,0.3098083112802045,0.4414336832016868
pituitary,axial,1645.0,324.60512242138304,0.7811016144349477,0.6365227349490268,1.0,392.8421985815603,0.9064006962015277,0.17238947611740224,0.28147325071228196
pituitary,axial,3818.0,683.1747109368334,0.6234487263226649,0.659788502547546,0.8125,385.0447368421053,0.9272860474170186,0.4265546662624256,0.5016784202297175
pituitary,axial,2675.0,425.0670631985086,0.6825720847154887,0.34469394389842817,1.125,608.50639329806,0.9167284832712037,0.3451410502715547,0.4470477427935524
pituitary,axial,2393.0,367.025432638166,0.8229023383768913,0.33654398456947454,1.0,611.2480519480519,0.8917707812215467,0.14576891613133053,0.28438607595900933
pituitary,axial,2169.0,308.59902576697317,0.8096304591265397,0.3636884261481897,1.0,555.7636363636364,0.9153204442363313,0.21906359289753263,0.3855138723307967
pituitary,axial,3770.0,469.72391744800103,0.7709611451942741,0.8051541861131072,0.7272727272727273,180.89663690476186,0.9412706066505325,0.7919502336869175,0.8248569049555828
pituitary,axial,3107.0,504.6000717874997,0.6907514450867052,0.5057581129761769,1.1111111111111112,505.7033450704224,0.9040254865533079,0.3828539885223539,0.49174826408163325
pituitary,axial,1373.0,256.41525958289964,0.7405609492988133,0.517919870132505,1.0,704.3293439716311,0.9080502395014451,0.31918094796113866,0.42935655552069074
pituitary,axial,5011.0,734.8437584951455,0.7045838020247469,0.6557272090510474,0.7333333333333333,613.9686783804431,0.7855379017231986,0.46399589507747124,0.6004851289484494
pituitary,axial,6291.0,779.4650788387053,0.7569486223077848,0.8201457993300256,0.5673758865248227,404.5739510489512,0.9296397377480129,0.3975251638176603,0.5134488859347988
pituitary,axial,5641.0,559.5351006300441,0.7954032712915962,0.7889956892749111,0.6428571428571429,484.3018018018018,0.9212846431285059,0.23925491208751193,0.394315987727989
pituitary,axial,4176.0,547.0203820042827,0.7945205479452054,0.6300228414713611,1.0,446.5371835443037,0.9352589023766242,0.2754158075865994,0.38102054585015616
pituitary,axial,4246.0,514.5706345359769,0.8145022060234031,0.6320351579740545,1.0,518.1693037974683,0.8952699546995263,0.25827028593793316,0.37296477301140907
pituitary,axial,3023.0,442.9310242291875,0.8033483922402339,0.43744209030863246,1.0,709.4928075396826,0.7841750220110668,0.1803058339256885,0.3729208323054503
pituitary,axial,3624.0,569.3990616607231,0.6566406957782207,0.6697726311731332,0.8089887640449438,336.1130116959065,0.9522028398766685,0.39787147466904815,0.504676151706601
pituitary,axial,5005.0,628.2691193458118,0.7132677782528146,0.6732666010931426,0.7692307692307693,245.60109223300975,0.9513725548022042,0.3419549217034847,0.4605653658234958
pituitary,axial,2906.0,371.2325394193526,0.7778372591006424,0.4235873271967784,1.109375,231.87852733686066,0.9624236545596748,0.3024231364876237,0.44731581571501244
pituitary,axial,2708.0,442.9665581351203,0.7730516699971453,0.5016009710235033,1.125,455.99581128747786,0.9364437037960665,0.3261284748971419,0.4455447554237872
pituitary,axial,1033.0,246.72896808188437,0.6984448951994591,0.68668708681456,1.2,279.86324786324786,0.9015616020497904,0.3097774787596764,0.410393398887435
pituitary,axial,1735.0,274.6639969244288,0.7868480725623582,0.34784686996796976,1.1666666666666667,128.75379939209728,0.9550224945619146,0.2631666701621192,0.4484488318577965
pituitary,axial,2587.0,428.71782079359116,0.7803921568627451,0.4438039772322416,0.875,493.29705215419494,0.8732383376351631,0.19248692788561464,0.43710032519918995
pituitary,axial,2619.0,441.20310216782974,0.6786732314071002,0.6930393480726079,1.0,811.0224960876369,0.8826482064277608,0.42831290438033554,0.5867489636478034
pituitary,axial,2974.0,575.1625176280137,0.5933758978451716,0.6590755666881987,0.8372093023255814,485.06353767560665,0.9103214785548551,0.44486784848547606,0.5647944904606903
pituitary,axial,1460.0,285.97770542341357,0.7704485488126649,0.39174529202791014,1.0,819.5855496453901,0.899315515000407,0.23875061540827303,0.3669696099937281
pituitary,axial,862.0,270.8061325481597,0.6408921933085502,0.32301079158156054,1.0,1286.4282051282055,0.7688969475867047,0.3261107302980326,0.40369239161584447
pituitary,axial,1777.0,339.6761902332486,0.7770004372540446,0.7798952133360444,0.625,535.3293650793653,0.9124727891975009,0.1981174390413559,0.3170655771471822
pituitary,axial,3070.0,583.9198769408944,0.696619015203086,0.8072274398266202,0.7272727272727273,620.644216954023,0.9181712191169017,0.3575690101186191,0.4369333057344383
pituitary,axial,2553.0,509.73611075682084,0.6926207270754206,0.762321516418851,0.7466666666666667,447.5339059674502,0.9383641903679549,0.3264846747240592,0.4190591505223914
pituitary,axial,3135.0,534.8782463805518,0.7102401449932034,0.850001841186303,0.6363636363636364,591.1642036124792,0.9043701653279246,0.28658525302025956,0.4045266536557566
pituitary,coronal,2641.0,381.91883092036784,0.7595628415300546,0.6067045926386345,1.0,766.4774305555554,0.8783297028425839,0.2723908212574475,0.3958548391515226
pituitary,coronal,2575.0,415.41630560342617,0.7821992709599028,0.23758596365432763,1.0,923.2306547619047,0.8367181538937756,0.27085076429094873,0.41444478409828167
pituitary,coronal,2027.0,354.78279195104676,0.7945903567228538,0.5257217755529897,1.1428571428571428,976.8237012987015,0.8321634868681426,0.25992434629184646,0.3978276674548222
pituitary,coronal,1409.0,310.9482681718907,0.7665941240478781,0.6112247057579888,0.8333333333333334,1293.3122340425532,0.7848883329864881,0.1354211862718054,0.2836223158020217
pituitary,coronal,3846.0,765.2640687119284,0.6132993143039388,0.668216434175531,0.7788461538461539,423.93590026478375,0.9384016076475435,0.5108946762365804,0.5862325831502014
pituitary,coronal,3620.0,556.2985565973347,0.7095256762054096,0.6144112066665746,0.8181818181818182,261.87978927203073,0.9533272541132637,0.3588241660424167,0.4806195514097243
pituitary,coronal,3389.0,614.1391770309007,0.6401586701926709,0.6094003955744682,0.72,431.91693635382967,0.936944977626468,0.47042109753729305,0.5466033010294669
pituitary,coronal,1750.0,318.3269478283311,0.7234394377842084,0.7216729725444854,0.625,576.198943661972,0.8762468752895888,0.4251581344214128,0.5287375449779652
pituitary,coronal,2761.0,437.2091988222396,0.7895338861881612,0.6066542940278806,0.7777777777777778,917.7872233400404,0.843127471140888,0.22724806900776484,0.3313842415290328
pituitary,coronal,5929.0,618.2813126546316,0.8050237610319076,0.8073572810359732,1.625,529.6924882629106,0.9077610992650342,0.24784134663509585,0.39261644906927295
pituitary,coronal,8901.0,918.3595231414336,0.8063230365069299,0.6099015557560424,1.0714285714285714,453.44939939939934,0.9158729039305696,0.28184410575937663,0.4499560035169489
pituitary,coronal,9191.0,858.9036790187179,0.8171956966302125,0.5969941763126643,1.0,485.73291316526604,0.921734411709809,0.3140050868692937,0.47859614203029543
pituitary,coronal,8950.0,922.7676400493967,0.8080534488985193,0.47912301643361577,0.9375,364.98248031496064,0.94053061893937,0.3689441017628709,0.49671793210715853
pituitary,coronal,9143.0,1106.7392488184005,0.798864132809087,0.5441231178763157,0.8571428571428571,309.4600233100233,0.9422010066576285,0.4161374599900993,0.5297235198907886
pituitary,coronal,3327.0,499.28636328851496,0.7575136612021858,0.6549338336807426,1.1764705882352942,268.212658227848,0.9506984434166065,0.40609851519776063,0.5201948792034627
pituitary,coronal,15387.0,1247.0062761231593,0.806277509955984,0.6352669983625513,1.2222222222222223,243.76970756516212,0.9416579496409004,0.3535813911835352,0.4359230062591415
pituitary,coronal,2199.0,526.3696244092001,0.6585804132973945,0.7548416528891914,0.7088607594936709,2237.5011301989143,0.8575347899155547,0.40836324925938555,0.48554274777678574
pituitary,coronal,16660.0,1337.2550134646883,0.7049464731519486,0.6019779565063009,1.0476190476190477,397.2634730538922,0.9606320534586813,0.39883356034070383,0.5021746496965818
pituitary,coronal,2342.0,475.6234123846127,0.7378701953371141,0.6132689289458882,1.1428571428571428,1614.1392045454543,0.8343112712949361,0.23057683459726083,0.28506103453345794
pituitary,coronal,19744.0,1066.105735166021,0.8738603168982916,0.5104358768287077,1.0952380952380953,467.0023105961989,0.9703478577293999,0.3317788615523885,0.6169266331819483
pituitary,coronal,32546.0,1570.4387796487617,0.8635181745821173,0.8477168433586907,1.6385542168674698,176.99218474815078,0.9667493502449336,0.2575534015869581,0.5224432782774607
pituitary,coronal,33982.0,1940.4885989045674,0.7742890995260664,0.2929938020004132,0.7881944444444444,283.4692418599062,0.9761399947210961,0.4648349753386003,0.6385689121842576
pituitary,coronal,1835.0,424.03762594698577,0.6932376275028334,0.5290989269486474,1.0,1884.244155844156,0.9087195485736521,0.32787715070916384,0.3782815239473068
pituitary,coronal,4528.0,600.8610024378487,0.7440026289845547,0.5634994971662236,1.0,304.5807210031348,0.9542897516024482,0.3498141926131249,0.4779808932023704
pituitary,coronal,5096.0,655.3107499061546,0.7613924996264754,0.5790490203016538,1.1851851851851851,268.98395593869725,0.9610526944231622,0.3321994252598206,0.45663713207595275
pituitary,coronal,5096.0,655.3107499061546,0.7613924996264754,0.5790490203016538,1.1851851851851851,268.98395593869725,0.9610526944231622,0.3321994252598206,0.45663713207595275
pituitary,coronal,3280.0,533.6000717874997,0.7694112127609665,0.7694634613093277,1.25,253.83214285714283,0.9414969990475328,0.2760092511165886,0.4149275325993223
pituitary,coronal,6478.0,779.0742058734452,0.7622970110614262,0.873212858161986,1.6,452.223397943038,0.9171734172098504,0.30735656878310935,0.43323583621636325
pituitary,coronal,4327.0,535.1919548795365,0.7854420039934652,0.7418126155537166,1.3333333333333333,401.82086267605644,0.9301892029252126,0.30613102738992626,0.4916592074625651
pituitary,coronal,4789.0,610.2752160002217,0.8092260898952349,0.7392832409838417,1.4444444444444444,414.92321235102935,0.9308708917263926,0.2784198119653985,0.45524357036644425
pituitary,coronal,4476.0,578.3696244092001,0.7696011004126547,0.7397135796535758,1.3506493506493507,541.1559152872444,0.9137763512789431,0.39903942214207755,0.5683264150329341
pituitary,coronal,3834.0,549.8132752230961,0.7464953271028038,0.7041873956052558,1.2,506.4723101265823,0.915825190518909,0.43375381804925467,0.5563600680707113
pituitary,coronal,4306.0,634.0031380615795,0.7516145924245069,0.5443304491998223,1.0,459.42437304075247,0.9052197399177923,0.36969392024297976,0.48587306137267056
pituitary,coronal,2831.0,469.1797615707168,0.7483478720592123,0.6309283536844604,1.125,501.11397707231043,0.9173670409797038,0.299211925592752,0.4179130466748924
pituitary,coronal,1063.0,236.07211383239203,0.7533664068036854,0.668910991801186,1.0,747.8634615384616,0.8582448571636849,0.21243400181751776,0.32281008894431307
pituitary,coronal,3163.0,654.7665940288701,0.6880574287578856,0.626338586747226,1.1111111111111112,713.4309859154928,0.8583695667440139,0.3530296159532949,0.41717304180800524
pituitary,coronal,4201.0,618.3107499061546,0.7656278476398761,0.7719340402630858,1.3333333333333333,366.4234154929577,0.9373054456686568,0.31625951458424284,0.45827524182792523
pituitary,coronal,3951.0,724.4417382415922,0.7330241187384045,0.544586872286835,1.0,618.9615506329113,0.8648084802957479,0.2923935684285071,0.3661988828453136
pituitary,coronal,6187.0,894.6610383315985,0.7311510281257386,0.8507665772119363,1.6,532.0306566455695,0.9016416730426644,0.3272621409703871,0.4124230863650275
pituitary,coronal,5566.0,808.1574669941303,0.7497306034482759,0.9123234920943024,2.0,601.9191468253965,0.8742017384741569,0.23347192258272892,0.33584636585952604
pituitary,coronal,5784.0,889.8975823643079,0.707004033736707,0.8916029240195129,1.7,387.94164184661213,0.9218919160817326,0.3958746633826614,0.48678389453826076
pituitary,coronal,1244.0,324.49852070358486,0.6595970307529162,0.8047777591082742,1.5526315789473684,742.4863782051283,0.8663842910217926,0.38202891759448077,0.4312067263208351
pituitary,coronal,3055.0,498.97875144394004,0.7089812021350661,0.7296145193821126,0.9863013698630136,504.8097749648383,0.8947344864794717,0.3834879870403151,0.5068922946096894
pituitary,coronal,4990.0,820.9564568673536,0.6379442597801074,0.7060031996439872,0.8571428571428571,387.30949699699704,0.9040697567495906,0.46870036534523923,0.5627607629338715
pituitary,coronal,3217.0,525.98484809835,0.7193649373881932,0.9109167422471368,0.9883720930232558,455.70245559038676,0.891851528438351,0.5243819202312707,0.6114261922907108
pituitary,coronal,2225.0,562.8843430349616,0.6699789220114424,0.6017939097635867,0.7,575.3440325497288,0.9318608742500414,0.40416349348957986,0.46890318040074763
pituitary,coronal,2237.0,539.7838379715733,0.6396911638547327,0.5872749944596886,0.7,638.5788878842675,0.9225303528969491,0.4057445271808043,0.4853257670122877
pituitary,coronal,5446.0,729.3290398693841,0.7624247515049699,0.7109081768598756,1.0909090909090908,474.89092432950196,0.9113385360567052,0.292114457035212,0.45020820452945176
pituitary,coronal,8895.0,1112.6915216036477,0.7446630389284219,0.8580379988007987,1.5833333333333333,588.4219529085872,0.9101404380128427,0.32322904035775857,0.45295740112829525
pituitary,coronal,12181.0,1259.5565286548535,0.8012234427415642,0.7937166084992289,1.5,393.8267374517374,0.9382727825826229,0.29787092564567264,0.442263522506492
pituitary,coronal,13396.0,1213.3077913133243,0.8400852878464818,0.805079369068611,1.5,411.0084727584728,0.9300233538925506,0.23478404987582085,0.4020420929301385
pituitary,coronal,12936.0,956.122979108724,0.8488188976377953,0.8152502949570671,1.423728813559322,330.5931372549019,0.9514551670901439,0.31476908648962837,0.4635082462185352
pituitary,coronal,12715.0,1193.9291116568838,0.7961304865067935,0.825689123518465,1.5333333333333334,265.23132078918525,0.950321009652725,0.37746999314671503,0.5197191982133414
pituitary,coronal,6582.0,697.494516090228,0.8488522053133867,0.6504227829349627,0.8461538461538461,382.25695057369825,0.9356855669341138,0.21497646049003533,0.37300500843845763
pituitary,coronal,2801.0,506.120887067671,0.7042997234096052,0.42186178872091806,0.7441860465116279,1075.9461206896553,0.8379599694854942,0.4255239415833814,0.5341346361835293
pituitary,coronal,4720.0,590.1980515339465,0.7891656913559606,0.5869140288786374,1.0340909090909092,659.708333333333,0.8700172220080152,0.370986149317075,0.5313430303803716
pituitary,coronal,5737.0,736.4356415871823,0.7824604473540644,0.5570683023032396,0.9896907216494846,547.4336569579289,0.898991914576475,0.35924137314366794,0.4943759329787507
pituitary,coronal,5602.0,619.0325753131025,0.7830584288509924,0.6236247023229826,1.0526315789473684,389.8057318894697,0.924187728204146,0.42378492035569243,0.5526118231951231
pituitary,coronal,6067.0,737.1219330881975,0.7882291802000779,0.663401916327954,1.0,265.83300438596495,0.9361919133437946,0.2787894876223657,0.4598346537088838
pituitary,coronal,5271.0,686.1452736853105,0.7946630483943917,0.554543530529357,0.9263157894736842,423.8750000000001,0.9163717528161551,0.3097387987439957,0.46880230602508927
pituitary,coronal,6379.0,970.9808434849931,0.7525955639452572,0.7316864728934399,1.1789473684210525,293.3390037593984,0.9374975704895088,0.34266501627651463,0.4838152934489925
pituitary,coronal,7384.0,1187.2661607529817,0.7822033898305085,0.4490021261732255,1.018181818181818,485.5866312741313,0.9197708845098489,0.3403948192270139,0.4536261566697484
pituitary,coronal,3744.0,709.3584771209071,0.6063157894736843,0.7219158985731874,1.0212765957446808,339.1225877192983,0.9336278138586266,0.5271201364711037,0.5923903480609148
pituitary,coronal,3250.0,557.0203820042827,0.7455838495067676,0.6399788401609232,0.7272727272727273,487.6711566091954,0.9242029286683763,0.33855726796424557,0.4725231068967575
pituitary,coronal,2302.0,386.30360723121805,0.7515507672216781,0.640642779091645,0.875,1159.874433106576,0.8113567886784785,0.27608902878295627,0.44083762540167337
pituitary,coronal,2904.0,737.0863991822648,0.6282994374729555,0.7047114048797772,0.7272727272727273,657.919360632184,0.8796191516568884,0.37699889003430603,0.4860735796376586
pituitary,coronal,2000.0,365.0904037956216,0.7228044813877846,0.6984541397070816,0.8,369.32494969818913,0.9337846767517484,0.4127028311895805,0.5057521283125558
pituitary,coronal,2667.0,583.097546470558,0.6886134779240899,0.8060162118539931,0.6781609195402298,525.0617816091954,0.9239872988957054,0.43745211203147555,0.5029187465871108
pituitary,coronal,2122.0,360.36857838867365,0.7738876732312181,0.6634860174847352,0.8125,513.7108843537414,0.9239291606856774,0.31840062596189034,0.4112471817522564
pituitary,coronal,6175.0,808.8204178980326,0.7431700565651703,0.5362752812597902,1.0833333333333333,324.5294534412956,0.9442974564805654,0.31973215621097717,0.48665122539542266
pituitary,coronal,3624.0,571.6122650963194,0.764718294998945,0.7252272674850238,1.25,407.44980158730164,0.9071130257851578,0.1946245015858381,0.3284850772803426
pituitary,coronal,1037.0,267.9360748630709,0.66008911521324,0.6852285529967748,0.8333333333333334,867.688829787234,0.9056706169700953,0.3426929558274342,0.4058541355334844
pituitary,coronal,1111.0,313.5340546095176,0.6841133004926109,0.5906528034241963,0.8333333333333334,687.6808510638297,0.8619428812806056,0.281355325834225,0.40072698130555806
pituitary,coronal,1373.0,320.3269478283311,0.6966007102993405,0.8289112142207664,0.625,968.8158730158731,0.8758661849365085,0.37327836087011196,0.4698254633908654
pituitary,coronal,1719.0,400.8538597629123,0.6662790697674419,0.8995754841397394,0.5,1020.4041139240505,0.8734482111129991,0.3597185459529652,0.4573561602459322
pituitary,coronal,3334.0,901.4305909532989,0.5929219277965498,0.7375008305436307,1.2222222222222223,594.0662612035852,0.9140978293674131,0.3483355423597628,0.40570275457891647
pituitary,coronal,4735.0,662.0742058734451,0.7618664521319388,0.5332466586982059,1.0,575.3329414838038,0.9023668054704661,0.31519364709493614,0.4044682912091089
pituitary,coronal,2699.0,611.239682094289,0.7004931222424086,0.8175083949849349,1.0,762.8108372456962,0.8820107257345385,0.3899287863631806,0.47108719304225893
pituitary,coronal,3512.0,653.4823227814084,0.7381252627154267,0.7790251028752748,1.1,489.41398158803224,0.916361705380533,0.4279691459727784,0.533882057035209
pituitary,coronal,3667.0,598.0975464705581,0.7770714134350498,0.7653686794236655,1.1527777777777777,393.19526248399495,0.9035256785638915,0.3349120750539198,0.4652359045907993
pituitary,coronal,5455.0,739.0447686219222,0.7063317363718762,0.6696647202752531,1.0625,289.4027327935223,0.951904000768396,0.3847377482212076,0.5319791333641158
pituitary,coronal,3908.0,588.3757210636102,0.7649246427872383,0.7709076620945413,1.2222222222222223,495.1987836107554,0.9202161872157525,0.30414507004173374,0.43723335897225085
pituitary,coronal,4315.0,745.1635636485403,0.7028832057338329,0.6654119339242123,1.0,643.3454806687566,0.8998489054773019,0.3588164263714179,0.4660853765758184
pituitary,coronal,3748.0,713.6721856198917,0.6882115313991921,0.6006965073637639,1.0,330.70680379746835,0.9451188320066455,0.32901773713090193,0.43377210256912757
pituitary,coronal,3108.0,864.1046891454945,0.6158113730929264,0.4678262892092321,1.1111111111111112,906.562852112676,0.8824001247599185,0.344866617559547,0.4090555775986192
pituitary,coronal,3957.0,664.3940110268397,0.7628687102371313,0.28109294760136505,1.0125,754.1695038556669,0.7800283052330618,0.3400057682101116,0.4758595917259095
pituitary,coronal,5434.0,668.239682094289,0.7786215790227826,0.5889396667736146,0.9895833333333334,489.2536184210527,0.8154926981597538,0.34979184694612525,0.5163642215351233
pituitary,coronal,6355.0,732.5716805565035,0.7837937839171188,0.4804675223939108,1.15625,639.1430451127819,0.849750650045513,0.34120742585002173,0.480619903967712
pituitary,coronal,6611.0,689.8437584951456,0.8114643427028354,0.5682254311641123,1.0,392.3192681105302,0.8666310688132856,0.33450064155023945,0.49294692941861684
pituitary,coronal,6613.0,913.5310960166873,0.7754455909943715,0.16708260442575237,0.9285714285714286,494.94187456687456,0.8410903569404775,0.36984699680301236,0.49448332605881185
pituitary,coronal,7576.0,1051.1707063234767,0.7276918643742196,0.6892446556398676,1.0666666666666667,391.49671743697473,0.9026970456579686,0.4461088270037117,0.5429036871574574
pituitary,coronal,4934.0,735.2640687119285,0.6356609121360474,0.6155672111578334,1.1063829787234043,314.64554655870444,0.9453254339126084,0.4347309622320281,0.5530157644269154
pituitary,coronal,9418.0,1411.6458864299486,0.6713715426290277,0.4666347632070672,0.7619047619047619,303.3299026946109,0.930190299508459,0.5134478958931874,0.6000208218570772
pituitary,coronal,2398.0,519.9493141924172,0.6651872399445214,0.516302852163896,0.8888888888888888,529.4315580985915,0.9200934099005239,0.3921326415636003,0.4686559641452726
pituitary,coronal,2879.0,667.1808075912433,0.6693792141362473,0.58558684910299,0.9,571.4365330520395,0.9207058459181164,0.4097942499402946,0.4825341980438631
pituitary,coronal,2620.0,633.7249634685276,0.6005042402016961,0.6028689811357117,1.0416666666666667,495.075704225352,0.9062335618086115,0.44996803871597324,0.5182155119485669
pituitary,coronal,3870.0,929.2173875177025,0.6724587315377932,0.7142599794057667,1.2,485.3386075949367,0.9025432267818506,0.400902985229485,0.4947871289352719
pituitary,coronal,5151.0,796.619407771256,0.7234550561797752,0.5132186565728751,0.9791666666666666,347.5694078947369,0.934923977863256,0.37118172388110887,0.46358428273840213
pituitary,coronal,1203.0,411.06706319850866,0.6088056680161943,0.6020795256776883,1.0,401.2109929078015,0.9052419652356682,0.3327951779927053,0.39752906147433126
pituitary,coronal,1786.0,490.6356056934324,0.6078965282505105,0.895779715626402,0.45454545454545453,607.1658045977011,0.9161000030311405,0.3683526976543042,0.42356596837366484
pituitary,coronal,1935.0,393.56958851545033,0.7177299703264095,0.7853798136531523,0.6857142857142857,483.6150234741784,0.9477898878188815,0.36015027996534665,0.43225339994250295
pituitary,coronal,1859.0,366.71782079359116,0.7688172043010753,0.7900380573472797,0.6086956521739131,573.8327464788731,0.938559202296118,0.35872951979699064,0.4291162796663236
pituitary,coronal,1671.0,255.35028842544403,0.8207269155206287,0.49817283844588595,1.0,544.1152482269506,0.8925311278673647,0.18277548080426498,0.3683816390052187
pituitary,coronal,3230.0,533.4345955666558,0.7406558128869525,0.7383271248497449,1.25,521.0132936507937,0.9024454764568796,0.26841377348822093,0.3882670483219627
pituitary,coronal,2320.0,535.3696244092002,0.6306061429736342,0.7813763927199153,1.125,523.8406084656085,0.9179813050441777,0.39419712483399577,0.48170241261306807
pituitary,coronal,2863.0,467.5290039756342,0.7638740661686233,0.7587185039905745,1.0,437.58411580594674,0.9406970676118804,0.3586840612316125,0.4848735273277872
pituitary,coronal,3248.0,520.4701294725885,0.740369272851607,0.6896096571266255,1.0,296.454420970266,0.9541863236735402,0.2756570059094684,0.44494742911543195
pituitary,coronal,3199.0,577.1564209736036,0.6866280317664735,0.6007229937506011,0.9,364.0186357243319,0.9494654845623708,0.3463802124888068,0.47640350881060745
pituitary,coronal,762.0,202.58073580374358,0.7175141242937854,0.32480861051170223,0.8648648648648649,647.0448717948717,0.8723456148323028,0.23153169313516347,0.3114341643195765
pituitary,coronal,1163.0,299.492424049175,0.7187886279357231,0.8293729085737511,0.5714285714285714,1005.8284090909092,0.8581045739735783,0.2040714204098633,0.30666624962609146
pituitary,coronal,4188.0,958.3361825443205,0.6243291592128801,0.5685057557554183,1.032258064516129,465.1993421052632,0.9378222191989488,0.4611767871218919,0.5103828502032023
pituitary,coronal,7117.0,1243.4854608429878,0.7283798997032034,0.7681796888824454,0.6111111111111112,435.31961220597583,0.9383463981983923,0.3648814192461998,0.4387792849074859
pituitary,coronal,3882.0,589.5828278447966,0.7215613382899628,0.45456437956810775,1.0125,627.4017548906791,0.9037408940768489,0.3761051993712213,0.4724620917155067
pituitary,coronal,3436.0,617.2041481883562,0.7133070375752543,0.5215036658327852,0.9876543209876543,430.86091954022993,0.8932571283949505,0.4407396380225445,0.559119019574502
pituitary,coronal,4402.0,608.8965363437813,0.7824386775684323,0.4430522347236796,1.1,538.2833716915994,0.9077589908971222,0.2927880257966717,0.40920927455553197
pituitary,coronal,2223.0,495.77164466275354,0.6880222841225627,0.5663698272580057,0.8285714285714286,686.0684419014083,0.8792526814087066,0.4112354004674356,0.49064549824250564
pituitary,coronal,3374.0,499.42240225783604,0.7299870186066638,0.4955656189436199,0.9,623.1700070323488,0.9259217463598121,0.3425150271854248,0.4445530784018648
pituitary,coronal,4602.0,708.3879143724298,0.7504892367906066,0.8315018802681365,1.4444444444444444,742.7635427952331,0.9190036055412245,0.3044777743441476,0.4025970960836855
pituitary,coronal,3686.0,634.2041481883563,0.6720145852324522,0.3918508278571167,0.9166666666666666,491.8623563218392,0.9318375346585251,0.4051500207800682,0.48119381353781576
pituitary,coronal,3916.0,519.6061684419096,0.7044432451879834,0.45781258177837253,0.9090909090909091,481.69425287356324,0.9304145798785342,0.37428238136130554,0.4504897783037259
pituitary,coronal,2486.0,536.7483040656405,0.6627565982404692,0.8489255802718955,0.6363636363636364,445.0509031198686,0.944726174085718,0.41978821430885144,0.4804229789311686
pituitary,coronal,3301.0,854.0041840821061,0.6312870529738,0.8212784222989437,0.6153846153846154,527.7882281553398,0.9295877243084989,0.40872106164603605,0.4696627212863075
pituitary,coronal,3403.0,780.4356415871823,0.5841057329213869,0.7978286822838169,0.7692307692307693,494.88483009708744,0.9022225498804571,0.5092099747092428,0.5788463046670371
pituitary,coronal,3145.0,919.8031739553295,0.5998474156017547,0.8558693742620225,0.5714285714285714,578.2356418918919,0.909459571213208,0.4652176415747457,0.5192363819692879
pituitary,coronal,7081.0,1090.0113267570428,0.6670748940178992,0.5088061528665309,0.8421052631578947,355.42341269841273,0.9475728821703078,0.47793147895097726,0.5488747189861607
pituitary,coronal,5841.0,615.7899346259832,0.7868786205038394,0.5882000628064049,1.1818181818181819,248.3643899204244,0.9556793204358797,0.29807943305961176,0.48194345419291684
pituitary,coronal,7372.0,888.6904755831214,0.7840884918102531,0.24797043374362604,0.8125,304.3989248940036,0.9468960975260151,0.3935073547551206,0.5433976304497035
pituitary,coronal,7497.0,839.1107857999043,0.8231225296442688,0.47970090699933204,0.9285714285714286,357.3908523908524,0.9369278023138373,0.29756555124125506,0.4736494909365029
pituitary,coronal,6612.0,670.6305550595491,0.8200421679275703,0.5538694179360945,1.0297029702970297,277.9298917102315,0.9567189621383764,0.330455600437089,0.5048319621711737
pituitary,coronal,7656.0,1040.4783181680514,0.7175257731958763,0.7173028339530271,1.0756302521008403,360.4873293067227,0.9406783892690765,0.44308460806347,0.5521727851960463
pituitary,coronal,2840.0,428.72391744800103,0.7970811114229582,0.36723189380792653,1.0,654.5949900793651,0.9064182871056474,0.2169968814197266,0.34547981337246497
pituitary,coronal,5353.0,543.120887067671,0.8338006230529595,0.7794118749670578,1.5555555555555556,802.1719064386318,0.8379657724081643,0.2757702592203411,0.39470584562239325
pituitary,coronal,4300.0,552.2924599429249,0.7875457875457875,0.734643488862266,1.3333333333333333,616.4237089201877,0.9093285098788856,0.3174033691920953,0.41607259254435397
pituitary,coronal,4309.0,635.6894295625948,0.7790634604953897,0.5872756012175666,1.1,586.8696777905639,0.8774011862590028,0.3129022628754502,0.4104583895485854
pituitary,coronal,3506.0,453.4751801064719,0.7950113378684808,0.5974801122665154,1.0,376.7265258215962,0.9402858319050648,0.25580187170033736,0.352461382130267
pituitary,coronal,2615.0,475.9076836320746,0.7608379400640093,0.6973501485124278,0.7,898.5786618444845,0.804347306354673,0.32712673883855464,0.4230556264014032
pituitary,coronal,3180.0,595.4345955666558,0.701212789415656,0.6122607561567247,0.9,953.5789381153304,0.8148418848607898,0.36192700663518806,0.45823740150554565
pituitary,coronal,2295.0,494.07925650732847,0.6883623275344931,0.7450719927638545,0.717948717948718,1159.4355786618444,0.8033980537108768,0.38386293975579,0.47636647810303234
pituitary,coronal,3722.0,749.8792924010784,0.6627492877492878,0.5017562122886268,0.9090909090909091,761.3257183908047,0.8936785513432811,0.37949663169793124,0.4629580646481817
pituitary,coronal,4110.0,761.7787873376899,0.7141615986099045,0.5509440845176139,1.1,834.8577387802071,0.9004577949018376,0.3213486931148647,0.4097074993824243
pituitary,coronal,2334.0,487.0498192558056,0.6814598540145985,0.3973941741407866,0.9142857142857143,669.3604753521128,0.8308629512003358,0.40648448734126685,0.48889958643028714
pituitary,coronal,5275.0,623.5117600329311,0.7993635399302925,0.7300213168372591,1.4,518.8338607594936,0.9095729528428519,0.3454375377586828,0.4432326514351857
pituitary,coronal,5485.0,773.7848839920998,0.7133567433996618,0.524761381000207,0.8571428571428571,434.08211336336336,0.9359362057877588,0.4304865426862794,0.5158062762854894
pituitary,coronal,461.0,197.44469683442247,0.5872611464968153,0.8225644274500966,0.6,735.5202991452993,0.8864634538139969,0.3497622414423171,0.3803451772159568
pituitary,coronal,476.0,179.13098833543773,0.6761363636363636,0.7208153253502231,0.75,1292.1935483870968,0.853464527013287,0.16577817719817217,0.20801927783803412
pituitary,coronal,3233.0,781.4478348960021,0.6528675282714055,0.845125023563581,0.6666666666666666,437.52927631578933,0.9475262774535326,0.3751529185269107,0.4564954784457797
pituitary,coronal,504.0,221.2436867076458,0.5356004250797024,0.865191736601795,0.5,1417.5647163120568,0.845195541916631,0.37244120132342695,0.3929576825617004
pituitary,coronal,497.0,219.20815280171308,0.5641316685584563,0.8728674690437054,0.6,1294.6826923076924,0.8420511269760951,0.29133383219676545,0.3121236094715902
pituitary,coronal,439.0,197.82947314527274,0.5908479138627187,0.6911659049165703,0.75,2032.6505376344087,0.8049505929054108,0.1959440484518826,0.22408885741990767
pituitary,coronal,3740.0,615.6244584051392,0.7558609539207761,0.7594645621247946,1.375,834.6549422799422,0.8000021787131466,0.24233866989753458,0.3830854297170438
pituitary,coronal,5702.0,951.1168824543142,0.7004914004914005,0.4291061457974642,0.9230769230769231,686.6663632686084,0.8736848536333045,0.3474285558731236,0.4554129381284628
pituitary,coronal,5902.0,919.7737367038067,0.7410848819688599,0.45797981686574957,0.9230769230769231,349.11407766990294,0.9087313079687256,0.3362704926482251,0.4558001189291699
pituitary,coronal,5303.0,967.1585130146568,0.6936559843034663,0.5795983913967429,0.9230769230769231,489.6505865695793,0.8832231610868658,0.3905528814826658,0.5057830993763031
pituitary,coronal,3695.0,709.1869042456532,0.6813571823713812,0.8126542999976928,1.0,640.6137669801462,0.8903731277710665,0.44303930277933545,0.5175897552687406
pituitary,coronal,3488.0,805.5067093990478,0.5907859078590786,0.6812067069233253,1.0,642.8243207941487,0.9178752831966358,0.46455478211651047,0.5284290821654027
pituitary,coronal,5469.0,912.7382027978738,0.716494170051094,0.4389662625879486,0.8482142857142857,396.2996433933934,0.9524116384041977,0.4283374087543427,0.4933640177163065
pituitary,coronal,3823.0,863.4539315504119,0.6444706675657451,0.818268246245373,0.6428571428571429,554.1756756756756,0.939285034590134,0.4392258429046605,0.5122035760151709
pituitary,coronal,4989.0,1125.247870789752,0.6408477842003854,0.7113627114078616,0.768,312.66920931758534,0.9288468718355135,0.5293931621059652,0.599387063593465
pituitary,coronal,2483.0,822.8559518039654,0.605166951011455,0.7071714226936777,0.8,675.1754351265822,0.9022250496089751,0.38321887745069355,0.4324898044324789
pituitary,coronal,3383.0,984.9158723275375,0.6230202578268876,0.7555379266464827,0.6666666666666666,894.6080592105263,0.8961062648117256,0.3342032617126437,0.39390282639231344
pituitary,coronal,4319.0,713.5300499961608,0.7585177379697927,0.4830463790376567,0.8522727272727273,394.7367816091955,0.9419815652202451,0.3016689707365866,0.3980038627712092
pituitary,coronal,2039.0,393.26807332528534,0.7230496453900709,0.7115367272836812,0.7222222222222222,330.39134808853123,0.9522068174685523,0.39601939556151944,0.479100375437899
pituitary,coronal,2220.0,543.7838379715733,0.574088440651668,0.6527740737182636,0.935064935064935,544.01547116737,0.9260634212321042,0.5281252838296335,0.5798949496535907
pituitary,coronal,3511.0,604.120887067671,0.767263986013986,0.8202917388298109,0.5714285714285714,687.8670249653259,0.9111559610900705,0.31643410327985416,0.39882628946029225
pituitary,coronal,2244.0,434.00209204105306,0.7110266159695817,0.7503513404637646,0.7375,619.1989715189874,0.9162557799878679,0.48400359718881436,0.5391266252789171
pituitary,coronal,881.0,279.9421715174808,0.5928667563930013,0.8412786087149591,0.5714285714285714,817.8011363636365,0.9062497229278683,0.3590592171716951,0.4209343178738282
pituitary,coronal,968.0,300.04877323527904,0.6169534735500318,0.8515798572687873,0.6964285714285714,596.8368181818182,0.9260435919499262,0.4645277749704621,0.5134358630130308
pituitary,coronal,2591.0,464.00818869546293,0.7499276410998553,0.5635667844699658,0.8648648648648649,379.8773734177217,0.9607662679275044,0.4130138976362449,0.5003949974352512
pituitary,coronal,1046.0,277.9421715174808,0.681877444589309,0.8230367809535513,0.5714285714285714,931.2068181818183,0.8703705463017999,0.25931384945787445,0.3230613973128964
pituitary,coronal,2505.0,439.3807716974934,0.6821895424836601,0.7574889168189446,1.125,470.9918430335098,0.9282487314372739,0.3698684871133088,0.44519573025540804
pituitary,coronal,7206.0,912.6255044256658,0.7364333163004599,0.5452148962854508,0.8666666666666667,554.8118131868132,0.8787377783143557,0.36684572628456047,0.4733273958291771
pituitary,coronal,2031.0,331.50461735799473,0.7522222222222222,0.663895116892148,1.1428571428571428,729.2249999999999,0.8874862743900038,0.33712219632985374,0.4258531368182787
pituitary,coronal,1957.0,362.91883092036784,0.7512476007677543,0.8388975846736816,0.5555555555555556,705.1792253521127,0.8702655368486351,0.21657334115900245,0.3164926730874689
pituitary,coronal,2158.0,512.1147904132611,0.6581274778896005,0.8290767599407634,0.7777777777777778,664.4818913480885,0.9168381119450019,0.35435010606475226,0.425977874900389
pituitary,coronal,1990.0,550.9554108468271,0.6496898465556644,0.7929273574682077,1.0,830.204613095238,0.8760847187764937,0.40373495300892165,0.461662567020041
pituitary,coronal,3634.0,928.5016587651645,0.6394509941932078,0.5289106347584043,0.9090909090909091,678.1137931034483,0.9014453895904379,0.39528124765495115,0.45591064082491617
pituitary,coronal,2866.0,693.3229432149742,0.6301671064204045,0.5488173656659288,0.735632183908046,645.2891447368421,0.9139542866194988,0.4346847490135014,0.4955447373727992
pituitary,coronal,2059.0,468.10869375885125,0.6715590345727332,0.868153114019013,0.6,541.3262130801687,0.912797443434361,0.3791720461699166,0.45618815906006926
pituitary,coronal,2559.0,486.1858582251266,0.6721828211189913,0.7383873891568908,0.7272727272727273,493.0854885057471,0.9475323318237088,0.46145451125698544,0.5271814496785531
pituitary,coronal,3425.0,477.0792565073284,0.7803599908863067,0.2187585551318833,1.0714285714285714,590.6355633802816,0.879689012163912,0.32544767684531883,0.4151532903395736
pituitary,coronal,4048.0,433.20919882223956,0.8301886792452831,0.67841777970112,0.8470588235294118,636.1218071519796,0.8956638216649087,0.3033272206367325,0.4133306828327176
pituitary,coronal,4845.0,709.0803025278549,0.7486093943139679,0.6109995516769485,0.7692307692307693,694.3035194174759,0.8954810287820745,0.33969301829003334,0.43218564589914504
pituitary,coronal,3774.0,556.5290039756342,0.7445255474452555,0.675100828296048,1.1111111111111112,450.81566901408456,0.9199911643951588,0.2572534343757445,0.36902536426603355
pituitary,coronal,6570.0,839.7848839920998,0.7150631258162821,0.5999617929938089,0.8,313.51768207282925,0.9413349944783755,0.3704431219803536,0.4522834080886414
pituitary,coronal,2546.0,578.3340905032674,0.6836734693877551,0.7452958319710514,0.8888888888888888,536.7308538732392,0.8470774265807661,0.3638401740250129,0.45932530834005375
pituitary,coronal,2552.0,430.79498525986656,0.6957470010905126,0.2670421001109079,1.015625,538.7669753086419,0.8808672390601248,0.3307030419781906,0.4407811641425001
pituitary,coronal,3001.0,427.2091988222396,0.7653659780668197,0.47635248166814986,1.125,673.2012786596121,0.8299218017528647,0.2505679008683577,0.37317855555984536
pituitary,coronal,5122.0,701.2813126546316,0.7391053391053392,0.7855343845056693,1.1818181818181819,471.7966401414677,0.8940864774205722,0.37729984707488007,0.4740076027461904
pituitary,coronal,5021.0,1036.4366876077088,0.6616154961127948,0.6800817439559299,1.0833333333333333,460.80900809716593,0.9091480051342123,0.42009990555768545,0.5046657594998087
pituitary,coronal,2503.0,700.6366517139589,0.6317516405855629,0.9389326394525093,0.4519230769230769,424.98280744336574,0.9255799746499246,0.3915008123845439,0.4638350990502821
pituitary,coronal,3043.0,475.62950903902254,0.7806567470497691,0.5497129341319583,1.1076923076923078,525.6874021909234,0.9085273214758532,0.3271160778900425,0.4500933472840173
pituitary,coronal,2272.0,388.7888886054566,0.7938504542278128,0.3448384586130263,1.0,985.0353896103899,0.8398064126841747,0.181629366244582,0.3348058185103476
pituitary,coronal,2602.0,440.8366158202091,0.7298737727910238,0.6700047218385038,1.125,1011.2369929453264,0.8371121471586163,0.3538696297876464,0.49163073210347225
pituitary,coronal,2901.0,536.6000717874997,0.7267034068136272,0.5376640003125748,1.0,726.297730829421,0.885341073544629,0.35327411801058367,0.4651300217834794
pituitary,coronal,3027.0,531.0142853498728,0.7267707082833134,0.6102569278298842,1.0,664.6275430359939,0.8938845612384796,0.3214537825716294,0.42537963735663725
pituitary,coronal,2818.0,461.90158697766475,0.764514378730331,0.5586225996218813,0.8888888888888888,325.2229313380282,0.9377431102498184,0.30427185244480054,0.40984081138865047
pituitary,coronal,3705.0,428.00209204105306,0.7984913793103449,0.4935413511236107,0.8181818181818182,374.47828863346103,0.9383907991749263,0.34851384083432113,0.45065795610627435
pituitary,coronal,4778.0,672.8610024378486,0.7721396250808016,0.6572725503095085,0.7692307692307693,371.7609223300971,0.9368605759351,0.3540667454908932,0.44463858290996355
pituitary,coronal,3221.0,417.7949852598665,0.796094908551656,0.38759418560655834,1.125,520.2482363315696,0.8926426022622762,0.22348267553919093,0.34807428162181187
pituitary,coronal,2398.0,394.6173157302028,0.8020066889632107,0.3808267201231795,0.875,567.8996598639455,0.8623598878290277,0.22925092267239816,0.36487044367684535
pituitary,coronal,1680.0,381.95436482630055,0.7023411371237458,0.7793770164913078,0.5633802816901409,623.3802816901408,0.8965319508207374,0.28966281298972635,0.3965564300438947
pituitary,coronal,1653.0,331.3330444827409,0.7382760160786065,0.7079168849640523,0.75,440.55919312169317,0.9353292090022062,0.36565177908082663,0.45588544139014947
pituitary,coronal,2235.0,407.445742854949,0.7656731757451182,0.5565872960945737,0.875,834.7502834467118,0.8677888983363922,0.28904039803735926,0.4020213035426855
pituitary,coronal,2451.0,438.866053071732,0.7668961201501877,0.5243434851275436,0.875,1338.4024943310658,0.7698009254786586,0.21582880467498422,0.3679182324006259
pituitary,coronal,2440.0,689.4234482783626,0.6796657381615598,0.9162329196476372,0.4166666666666667,626.1718421052631,0.904092538165863,0.2302099186572973,0.3057753111946831
pituitary,coronal,3495.0,648.7249634685276,0.7301023605598496,0.5484540873301483,1.0694444444444444,1232.5163130682831,0.8260927615071598,0.2958829530601081,0.4060084941213832
pituitary,coronal,4697.0,821.2346314604056,0.6589506172839507,0.8234749474728996,0.8571428571428571,426.11439564564563,0.9256617552220257,0.4972869892786692,0.5933606392071572
pituitary,coronal,4697.0,821.2346314604056,0.6589506172839507,0.8234749474728996,0.8571428571428571,426.11439564564563,0.9256617552220257,0.4972869892786692,0.5933606392071572
pituitary,coronal,4697.0,821.2346314604056,0.6589506172839507,0.8234749474728996,0.8571428571428571,426.11439564564563,0.9256617552220257,0.4972869892786692,0.5933606392071572
pituitary,coronal,3665.0,588.0264786586927,0.7374245472837022,0.6461822899925378,1.1111111111111112,495.6598591549295,0.9215245975490002,0.27976653946433344,0.3985747605230603
pituitary,coronal,1702.0,376.78888860545663,0.7371156344737981,0.6973883670196052,1.1666666666666667,860.4593465045593,0.9243155823471928,0.260695476328471,0.3364006188181654
pituitary,coronal,2640.0,440.8305191657992,0.7714786674459381,0.5858179682178919,0.7777777777777778,866.1471327967806,0.8673553979393904,0.255319971161146,0.3868013334221219
pituitary,coronal,2166.0,346.40411229460636,0.7645605365337098,0.7421987674186526,0.7777777777777778,992.8229376257548,0.848432437283352,0.38310930431143825,0.49784739929800004
pituitary,coronal,2237.0,419.7239174480011,0.7270068248293793,0.2258793935515242,0.953125,826.829613095238,0.7573011678376718,0.35460515579650487,0.49715679771852483
pituitary,coronal,5280.0,918.6732316404183,0.7214100286924443,0.3497767411594415,1.0833333333333333,385.03552631578947,0.9362210949478256,0.3981760279372491,0.4897282149003319
pituitary,coronal,3265.0,619.7604973744603,0.6595959595959596,0.3732048255468878,0.9,378.39064697609,0.9362988955577793,0.3444868353198088,0.44740581505258803
pituitary,coronal,4865.0,878.1463197058371,0.6091148115687993,0.30099976303115633,0.9801980198019802,452.9392270351008,0.9393817106041696,0.4741679799110644,0.5409743865189703
pituitary,coronal,4462.0,702.4295449327725,0.7370333663693426,0.29483648948124164,0.9090909090909091,484.8271551724137,0.9209974136735519,0.28229515621997653,0.38650508725608473
pituitary,coronal,2915.0,395.8599564173221,0.8014847401704702,0.5129011697511313,0.8888888888888888,712.4286971830986,0.8817465844452372,0.30245010847484444,0.43846845776959575
pituitary,coronal,3865.0,592.9909447527598,0.8023666182271123,0.23148883803535658,0.95,879.1191455696201,0.8802845593526039,0.3148450904820352,0.4481337513886696
pituitary,coronal,5234.0,841.9980874276963,0.7431492261820247,0.7175057860176889,0.7321428571428571,574.4546478296478,0.93734287662382,0.3926766171730905,0.5065229779547129
pituitary,coronal,4573.0,483.9076836320746,0.829644412191582,0.38303842350945266,1.0625,597.2248273878021,0.8972555065798188,0.2868918636300588,0.45314899590992486
pituitary,coronal,6668.0,974.8925317304245,0.7261243602308614,0.6087425706495401,0.9285714285714286,404.94386694386696,0.9048579179049169,0.3571500793646068,0.46652659210321207
pituitary,coronal,6166.0,904.424494298889,0.7766721249527648,0.5184724112181794,0.8571428571428571,431.96499624624613,0.878718054993812,0.35267376158600383,0.49751142071654786
pituitary,coronal,1590.0,314.1198410471445,0.7357704766311892,0.7596604213055965,0.625,345.62698412698415,0.9047881149008028,0.2667299917725038,0.3737583566765567
pituitary,coronal,3899.0,925.1879502661797,0.6393899639225976,0.8269563760506938,0.6428571428571429,419.9122872872873,0.9134242500275341,0.43399540974455364,0.5089768409930674
pituitary,coronal,2641.0,497.4345955666558,0.6924488725747246,0.3913489225574285,0.9,335.69778481012656,0.9256664088918665,0.4641525350444045,0.5548755661008594
pituitary,coronal,10423.0,1576.504796826744,0.6810192747468148,0.5768696927571728,0.6956521739130435,187.99043715846992,0.9520080352903637,0.5070027905380995,0.5939916675099823
pituitary,coronal,4274.0,789.5422433049806,0.6637676657866128,0.81754262592591,0.6,445.0731792717087,0.9346233702476242,0.4369270763641157,0.5193709725485097
pituitary,coronal,4755.0,811.1635636485403,0.7272866319975527,0.7699574223426044,0.6428571428571429,611.0536786786787,0.9098788215278734,0.32884251708025586,0.42326325944347715
pituitary,coronal,4521.0,592.4051583151329,0.7730848153214774,0.807320186061628,0.6605504587155964,682.6711711711712,0.9208811245853732,0.3673740902242755,0.45469576948045154
pituitary,coronal,2530.0,442.6173157302028,0.7363213038416764,0.7938551447542795,0.7,1095.3528481012656,0.8073107908515108,0.3409805818562479,0.45032264877578626
pituitary,coronal,2530.0,442.6173157302028,0.7363213038416764,0.7938551447542795,0.7,1095.3528481012656,0.8073107908515108,0.3409805818562479,0.45032264877578626
pituitary,coronal,2231.0,627.2457787486989,0.5919342000530645,0.9104450567182235,0.5,265.10942982456135,0.9221328146935727,0.4111795028970279,0.4946384984488485
pituitary,coronal,2087.0,415.309703885628,0.7369350282485876,0.8571553913698267,0.6666666666666666,966.2423708920188,0.8534486569565785,0.30323798379028705,0.4056807942841478
pituitary,coronal,4526.0,807.4123009900693,0.6710155670867309,0.6553313159590533,0.7142857142857143,420.9084459459458,0.9364398525634202,0.41075313447214845,0.47937522454953535
pituitary,coronal,2194.0,598.7249634685276,0.6549253731343283,0.9110206770603835,0.5454545454545454,249.49497126436773,0.9259377696236561,0.37244077335484393,0.4668436854863594
pituitary,coronal,1485.0,432.13813101037414,0.6573705179282868,0.8833252197813035,0.5555555555555556,704.613732394366,0.8947645801485242,0.3636166525694175,0.43844509866477344
pituitary,coronal,2843.0,624.8670990922585,0.7070380502362597,0.8586899025289066,1.5714285714285714,453.2099173553719,0.9175007421546105,0.3286121138746277,0.4010522997242986
pituitary,coronal,2649.0,720.5300499961606,0.5490155440414508,0.9120874211923109,0.5,476.33075933075924,0.920475499583138,0.47956544115384675,0.5553983096045247
pituitary,coronal,2057.0,495.9076836320747,0.7010906612133606,0.9015904118373449,0.45454545454545453,586.3083333333333,0.885106894316767,0.3028013065676618,0.39635801656301317
pituitary,coronal,3050.0,689.5239533417509,0.5580969807868252,0.8975109977397917,0.512,362.6433316929135,0.9094314362586855,0.5558659390470281,0.6090664468888376
pituitary,coronal,3919.0,709.358477120907,0.6529490169943353,0.8903542966489834,0.5,258.1005167322835,0.936477474514348,0.4509127913082462,0.531969913354926
pituitary,coronal,2063.0,396.9604614807105,0.7949903660886319,0.7894121058895218,0.5555555555555556,978.9415492957748,0.6403366960806627,0.18903811034095092,0.37374025438825736
pituitary,coronal,1387.0,357.71172413918123,0.7164256198347108,0.6971523473304558,1.0,820.4370567375888,0.7729138784465032,0.263266155526956,0.370471033278863
pituitary,coronal,2229.0,503.73611075682084,0.6334185848252344,0.8026560855037025,1.0,613.390453834116,0.8498386254712341,0.4847531910151926,0.5778528884535499
pituitary,coronal,3470.0,770.1513703397204,0.6451013199479457,0.6479917086367397,0.9090909090909091,547.2985632183909,0.8881136472145482,0.41508799727475815,0.48967484060702926
pituitary,coronal,3183.0,550.1269837220809,0.706078083407276,0.8382513284342449,1.2222222222222223,627.5550576184378,0.8583524885299492,0.421021333883898,0.539915582642875
pituitary,coronal,5115.0,795.6072144624361,0.796853092381991,0.3035368662373454,0.8333333333333334,504.987105263158,0.9076408874230696,0.2510681647241445,0.35994711902324833
pituitary,coronal,4065.0,834.4478348960021,0.6242321867321867,0.5872961837573912,1.0909090909090908,962.1823515325668,0.8154041939861619,0.4236342750955394,0.5257700463847389
pituitary,coronal,3637.0,659.245778748699,0.6684433008638118,0.8829956506794876,1.1818181818181819,730.4066091954021,0.8595981145872638,0.545182663259434,0.6367177543719207
pituitary,coronal,3300.0,659.9676041556469,0.6685575364667747,0.858345918501244,1.1,692.744677790564,0.87302367067835,0.45758514853612686,0.5401004262987488
pituitary,coronal,2299.0,511.32799384885755,0.6868837765162832,0.768378693287211,1.4285714285714286,716.1229545454544,0.8071610069256702,0.3823131937288766,0.46499496439097354
pituitary,coronal,3687.0,576.3046532517445,0.7021519710531328,0.6470325725200711,1.0864197530864197,421.71264367816104,0.9249439563098771,0.4548752916951396,0.5443878937869729
pituitary,coronal,4204.0,542.2213921310594,0.7692589204025617,0.7009240318658205,1.1,646.4939585730726,0.8897465071982874,0.3344207124895353,0.48016268065968876
pituitary,coronal,5275.0,782.0214280248092,0.7188607249931862,0.2535358664251528,0.9405940594059405,399.0439927184466,0.9094831445722642,0.39688622319081296,0.5336009630678533
pituitary,coronal,5444.0,583.7544007200504,0.7938174394867308,0.5715622278283037,1.0909090909090908,366.6754070881225,0.9146511601320905,0.29642531507893627,0.46688889007178247
pituitary,coronal,5690.0,651.6244584051392,0.7630414375754325,0.760999739545814,0.9285714285714286,233.91562716562714,0.934918226375539,0.45866806675013594,0.5770145617027974
pituitary,coronal,5484.0,871.6965722375314,0.6167341430499326,0.5852584480855638,0.9333333333333333,319.4927971188475,0.9180199109797824,0.5340113321999241,0.6225670073085657
pituitary,coronal,1047.0,298.66399692442883,0.6789883268482491,0.5984650283565764,0.8333333333333334,529.8425531914893,0.8280320761794872,0.31814625292874815,0.43296227227527334
pituitary,coronal,3473.0,467.0081886954629,0.7589597902097902,0.6336996255729913,1.0,562.6590189873417,0.9183648954175746,0.39344755165752854,0.5082358058182783
pituitary,coronal,4965.0,607.8610024378487,0.7839886309805779,0.5990673289378999,0.9166666666666666,773.4242822966506,0.8906396932184533,0.34793515198847064,0.46917604194142826
pituitary,coronal,4612.0,568.6122650963194,0.802366040361865,0.6330947667338064,0.8333333333333334,508.8655263157895,0.9295938788204903,0.33892545491438036,0.4573987778973015
pituitary,coronal,4777.0,679.8021279348029,0.7327811013959196,0.8017198537593582,0.7079646017699115,537.3316176470588,0.9309264888080415,0.4398634485137339,0.5212744866613847
pituitary,coronal,6792.0,709.7371567773473,0.7589674824002682,0.6240459161610399,0.8125,355.80413385826773,0.951347769567775,0.44149064914879765,0.5249478164593536
pituitary,coronal,3058.0,632.8965363437815,0.640284757118928,0.566293931981913,0.9,628.2178270042193,0.9188275581202161,0.3744922589465578,0.44898753685309306
pituitary,coronal,2552.0,510.83661582020915,0.6572237960339944,0.5583778315478618,0.8375,440.91666666666663,0.9367791262725842,0.4809088389145246,0.5579879228398373
pituitary,coronal,5700.0,671.6183617507294,0.7744565217391305,0.7624881994512214,1.2727272727272727,392.565065681445,0.9318863096231502,0.357588174973922,0.4329238380158057
pituitary,coronal,2705.0,399.13203435596427,0.783603707995365,0.7488113237811357,1.2857142857142858,371.57196969696975,0.9265593234794439,0.23782074288066593,0.36728439146603575
pituitary,coronal,2957.0,439.6295090390226,0.7806230200633579,0.6318181453483288,1.125,382.02160493827154,0.9260388655919115,0.27430138621276307,0.4072197079584119
pituitary,coronal,4317.0,665.9320702497141,0.7893582007679649,0.5114987599999258,0.8181818181818182,386.6515006385696,0.9399633437939016,0.2363856303605478,0.345781979421654
pituitary,coronal,4212.0,734.0924958366747,0.7253314964697779,0.15115947632259977,1.0,531.7135579937305,0.9298306308297376,0.37809587999050037,0.47338655807791974
pituitary,coronal,3474.0,593.98484809835,0.6896962477665277,0.5896148825985776,0.9090909090909091,409.9570402298851,0.9337836456930367,0.4240931509239323,0.5240876490184104
pituitary,coronal,1985.0,425.8954903232549,0.651246719160105,0.9318634801409975,0.4166666666666667,755.7131578947368,0.8577031296396763,0.3676086908446094,0.46356916889204997
pituitary,coronal,3223.0,791.6782822743016,0.6317130537044297,0.8937519239924511,0.5,531.4147361647362,0.9129824989683775,0.3809006602892897,0.4482673790375862
pituitary,coronal,3870.0,836.1341263970173,0.5988857938718662,0.8576504213600018,0.5625,436.98906386701674,0.9251709803117754,0.506266298010801,0.5602265480045783
pituitary,coronal,4011.0,589.4406922210657,0.7465103294249023,0.8959126501088582,0.5,599.5690154440155,0.9009374428596216,0.2885636958484537,0.3710108175426796
pituitary,coronal,5077.0,776.7787873376899,0.7047473625763465,0.8363057343201172,0.5294117647058824,436.9712962962962,0.9046757723611608,0.4148872357620554,0.49836770634793015
pituitary,coronal,1013.0,312.1198410471445,0.6098735701384708,0.8383846308772623,0.5,434.66626984126975,0.9205806090002023,0.6429896339807132,0.673640509376236
pituitary,coronal,1268.0,405.03152929257595,0.6677198525539758,0.7828795443039925,0.7547169811320755,776.1354545454546,0.8840419391713432,0.28804395182301284,0.3444567057391815
pituitary,coronal,4850.0,659.8670990922585,0.7160785471725971,0.8209068879587695,0.625,323.2430118110235,0.9348810791438094,0.471420136501285,0.5473923437474397
pituitary,coronal,5466.0,1041.1768029778864,0.6248285322359396,0.9104447485350339,0.5555555555555556,484.38854895104896,0.9200200122592729,0.45187125198239314,0.5120973288717905
pituitary,coronal,1947.0,323.1848122046001,0.7126647144948756,0.8417068774022535,0.6666666666666666,442.5762910798122,0.9234269851619394,0.3619542929559286,0.44487467648348555
pituitary,coronal,2465.0,641.1452736853105,0.6212197580645161,0.9210990824050602,0.5670103092783505,455.00780166435493,0.9334985889609808,0.48705320252299694,0.5392106672716407
pituitary,coronal,2298.0,471.2508293825822,0.717900656044986,0.7756762036451075,1.125,519.2971781305114,0.9170172854057769,0.423162972617832,0.48290366340881985
pituitary,coronal,3183.0,575.8843430349616,0.7181859205776173,0.5501544528373544,0.8,549.214003164557,0.9226593331462487,0.2802659263111725,0.3652509241974855
pituitary,coronal,2416.0,415.69448019647814,0.7363608655897592,0.8562172935084567,0.7,295.39534358047007,0.947759127109441,0.3894058005625753,0.4617060308748649
pituitary,coronal,5268.0,645.7899346259832,0.7927765237020316,0.7265758652397581,0.7692307692307693,620.5481796116507,0.8629769601187518,0.3062088608605359,0.40687358131338625
pituitary,coronal,6637.0,727.5950211536164,0.7188346149680493,0.8095853038895923,0.6111111111111112,377.9242689129053,0.937923861037188,0.424048180712717,0.49968046974428065
pituitary,coronal,6317.0,1100.1351724175438,0.7225208738419306,0.7405805412504369,0.6838235294117647,389.9877314814816,0.9245130560489091,0.44694124899429843,0.5119620206354761
pituitary,coronal,8653.0,861.3828637385465,0.7861360952121377,0.8130571695711576,0.6075949367088608,240.67616614255763,0.951493510479327,0.3855546849457632,0.4657916895846323
pituitary,coronal,2804.0,467.66504294495536,0.7258607300025887,0.2556885316270741,1.0,430.26909722222234,0.8979429504225142,0.22346374673616182,0.3516874254818802
pituitary,coronal,3886.0,753.7016228714145,0.6865724381625442,0.6469611894859437,0.8333333333333334,368.78671052631574,0.9145996464499542,0.4108655923441378,0.4901331085920216
pituitary,coronal,4458.0,585.5351006300441,0.7017157248543995,0.4001025927404911,1.0,359.14354754440967,0.8946417484042357,0.355477277210941,0.4570615235714683
pituitary,coronal,4823.0,949.3300858899106,0.7272316043425814,0.664077948468198,0.7692307692307693,348.22548543689317,0.9268110633118781,0.3353758348247671,0.4376818991768119
pituitary,coronal,4872.0,682.3229432149742,0.7272727272727273,0.8586309719316432,0.5625,353.63385826771656,0.9408160094090311,0.4033996225077098,0.49034123720222345
pituitary,coronal,6467.0,859.589970519733,0.7287581699346405,0.7536579742008228,0.7619047619047619,426.8891896325459,0.9097204988259433,0.4146411650885801,0.4902246901642036
pituitary,coronal,6041.0,702.8376618407358,0.76945612023946,0.7381950447402627,0.75,426.390501968504,0.9276357167263604,0.45670901752994014,0.5289311232701518
pituitary,coronal,4926.0,713.3940110268397,0.7501142074006396,0.5923432779881969,1.0909090909090908,615.289990421456,0.8867733342344065,0.3472722892130447,0.43942511904561093
pituitary,coronal,8822.0,1237.0945878777277,0.7008261836669845,0.6940753397621906,1.0625,402.17826540064834,0.9362995928131309,0.43525189611165316,0.5101930057225492
pituitary,coronal,4708.0,620.8610024378486,0.7903307033741817,0.7389796656569667,0.6923076923076923,396.87810140237326,0.9274827965501266,0.2966572122898358,0.39599568213390646
pituitary,coronal,4878.0,610.0620125646253,0.7893203883495146,0.6631458212124494,0.7692307692307693,341.1263349514563,0.9410631513981869,0.3484625060955585,0.44126113303277653
pituitary,coronal,3332.0,409.025432638166,0.8243443839683325,0.44143104159088187,1.125,455.74691358024694,0.9010312364150052,0.20556640086561404,0.33246394151241215
pituitary,coronal,1871.0,333.95436482630055,0.7052393516773464,0.5906386779046296,0.7887323943661971,302.66649899396384,0.9506028953986466,0.4495585926025425,0.5249428227983873
pituitary,coronal,3406.0,542.1919548795365,0.7361141128160795,0.823380231128422,0.7272727272727273,431.3036997126437,0.9322622774731466,0.31858923732686834,0.4059582449864675
pituitary,coronal,3501.0,464.1797615707167,0.7639101025529129,0.8035430809104104,0.7272727272727273,372.1663074712644,0.9430892302465367,0.3156071787121201,0.4266607414429496
pituitary,coronal,4285.0,556.541197284454,0.7072124112889916,0.5358821602603593,1.0,312.4617293625915,0.9528239778491517,0.3834919082672289,0.4680299718595908
pituitary,coronal,6650.0,836.4478348960022,0.7008114659078933,0.8811481082908798,0.5,373.6554245283018,0.9387329169379827,0.42423522378263157,0.49183955693281195
pituitary,coronal,3232.0,572.848809129029,0.6408883601031132,0.8816296187844866,0.5961538461538461,314.6849211165048,0.9539412057942585,0.43577855867748166,0.4929421438382999
pituitary,coronal,2264.0,432.3158005400378,0.6122228231476474,0.7568892116229535,0.8,387.0737737341773,0.9453757700663432,0.4764915216113937,0.5405349248653641
pituitary,coronal,4210.0,498.8010819142764,0.7456606447042153,0.24046223548539492,0.8888888888888888,356.05973684210534,0.9418224872608338,0.3863976479134151,0.4603786433858291
pituitary,coronal,3544.0,528.263022691402,0.7038728897715988,0.8914164194080221,0.5384615384615384,313.62569348127596,0.9607303421636408,0.31911704828229437,0.41742120936346067
pituitary,coronal,3842.0,685.6011178080262,0.736579754601227,0.8586063313164355,0.6923076923076923,366.4421521035598,0.9552352511289918,0.4160106751910938,0.4871866815709885
pituitary,coronal,4013.0,785.4417382415922,0.6824829931972789,0.822855151059482,0.7596153846153846,507.77900485436896,0.9343045931828562,0.438310798521953,0.49479390237940213
pituitary,coronal,1975.0,397.2264427649427,0.6973870056497176,0.8872935762303227,0.45977011494252873,354.680459770115,0.9424128978354337,0.3627799874066683,0.4544368914952605
pituitary,coronal,2928.0,642.4467888754755,0.5877157767964672,0.9218207517849489,0.5384615384615384,438.24029126213594,0.9256054525157169,0.4082417132470313,0.4656747392772795
pituitary,coronal,5535.0,869.2051942088829,0.7559409997268506,0.607788681739946,0.7837837837837838,434.27446764946774,0.9357549168317367,0.371610918615882,0.45888588453019724
pituitary,coronal,4228.0,780.5128060534577,0.6497617949900107,0.6431459832857565,1.0909090909090908,369.9364224137931,0.9397097694441161,0.4215585231000669,0.5087700577722417
pituitary,coronal,2615.0,438.2091988222396,0.7433200682205798,0.7388984277543692,0.7,816.2728300180829,0.8718497427561069,0.34105313622080163,0.4549725169240245
pituitary,coronal,3191.0,468.69448019647814,0.7320486350080294,0.7851681984934109,0.7272727272727273,354.8336925287357,0.9190280150791795,0.36918016689798144,0.48643300679350515
pituitary,coronal,6218.0,762.8082245892128,0.7307556704665649,0.6574254955628159,0.8666666666666667,252.71218487394955,0.9540481276954486,0.4511268348650828,0.5355402658339236
pituitary,coronal,5694.0,875.6965722375312,0.6173026886383348,0.5593136584223363,0.825,415.60003232062064,0.939218330454328,0.4714236663068185,0.5371733731273957
pituitary,coronal,5471.0,964.8448045156721,0.5723402029500994,0.33325826029377065,1.0769230769230769,339.11763176144245,0.9410969380564839,0.45205004565554896,0.5222805272592282
pituitary,coronal,3030.0,421.75945135393374,0.8062799361362427,0.6184768147193334,0.8888888888888888,769.8133802816901,0.8630036236214644,0.2628346210649174,0.3938336200088351
pituitary,coronal,5290.0,561.0203820042827,0.8209186840471757,0.6540007165532727,0.7692307692307693,477.59162621359224,0.9458660126072945,0.29938662424244195,0.4408632388816884
pituitary,coronal,5023.0,576.2335854398791,0.8078160180122226,0.201822675131137,1.0,343.59671052631586,0.94431419235262,0.4006684874102679,0.5318783513115598
pituitary,coronal,6876.0,848.3767670841365,0.7479604046557163,0.5341466988952213,1.0,332.9280888030888,0.9210083077436908,0.395967297018121,0.4958177433792034
pituitary,coronal,2770.0,575.7483040656406,0.622751798561151,0.9408494244162945,0.46153846153846156,428.35355987055016,0.9067754809875644,0.36146137782720145,0.4412158844917672
pituitary,coronal,4225.0,825.1402230514273,0.6536200495049505,0.5579516375372987,0.7692307692307693,312.25983009708733,0.9442215797372059,0.42039404256890883,0.49008619512620083
pituitary,coronal,5902.0,864.7260094890541,0.7678896695290138,0.43141221636098936,0.875,364.17748786407765,0.9317841679862165,0.33575003882739246,0.4316733599841045
pituitary,coronal,5648.0,608.848809129029,0.7903722362160649,0.4929816344266981,1.0909090909090908,474.04226532567054,0.8358417515910853,0.2682113669771894,0.3909702528421493
pituitary,coronal,4108.0,455.00209204105306,0.8080251770259638,0.7627106215090873,1.2916666666666667,277.15302230046944,0.9524712853660307,0.33832115088594356,0.4803255414573831
pituitary,coronal,6085.0,817.1990975544729,0.7650238873522756,0.63873135371137,0.9320388349514563,265.0696321321321,0.9508597774624571,0.3663383551677156,0.4980301355308063
pituitary,coronal,7064.0,912.732106143464,0.6710363826351288,0.4124577443491297,1.0,258.2948841698842,0.9550703631041525,0.37534157474836116,0.516711022955296
pituitary,coronal,5802.0,776.8143212436227,0.7201191510487774,0.7126117835654212,1.1666666666666667,262.7525375939849,0.955052727544399,0.3977266217333497,0.5408387581526122
pituitary,coronal,5781.0,938.6021638285528,0.5866653135782424,0.7822915873388543,1.3076923076923077,241.50799543118222,0.9539599143309487,0.5347430451567995,0.6201059082215663
pituitary,coronal,2473.0,447.144227664784,0.6997736276174307,0.46792506759916813,1.0,669.0005868544602,0.9000685251026165,0.44150603354822743,0.5355260214160419
pituitary,coronal,1522.0,295.4274528917193,0.7424390243902439,0.7398284646674187,0.6896551724137931,286.06825396825394,0.9210722809133244,0.2946434583928449,0.39801673045666
pituitary,coronal,3597.0,649.8376618407357,0.680090754395916,0.4877427939284656,0.8333333333333334,361.21342105263165,0.9072148564754591,0.46347959073181516,0.5715817021401242
pituitary,coronal,3220.0,588.3696244092001,0.7139689578713969,0.7876925739465345,0.8181818181818182,302.404853128991,0.9324050501749742,0.42197841347194576,0.5075325314223782
pituitary,coronal,3383.0,719.9503602129438,0.603137814227135,0.739528497623176,0.75,384.24692982456145,0.9127856416208047,0.42028634481884936,0.5045671494086936
pituitary,coronal,6511.0,1059.1707063234767,0.7149445481497749,0.6946345043015508,1.1764705882352942,401.41108414239477,0.936002114926917,0.40150763600744854,0.4945178566168723
pituitary,coronal,4110.0,543.2985565973347,0.8014820592823713,0.8307761912670018,0.5925925925925926,529.0039414414415,0.9228383463595451,0.35535104072902046,0.45150183415502
pituitary,coronal,4979.0,652.4467888754756,0.7183667580435723,0.7895878959339705,0.7142857142857143,454.5947072072072,0.9319284364475013,0.37655791117961973,0.4661207569678
pituitary,coronal,4954.0,755.0569619307419,0.7187001305672421,0.7817943757410161,0.64,456.2650590551182,0.9255254732908363,0.44833923399016457,0.533963516724819
pituitary,coronal,4102.0,663.6894295625948,0.7508694856306058,0.8361330999913373,0.6923076923076923,382.51874325782086,0.9065646564941263,0.3874991039979245,0.4992992600708041
pituitary,coronal,3375.0,466.866053071732,0.7451976153676309,0.49297386664586873,0.9,568.2552742616033,0.9318324248218833,0.3493558818605348,0.4547447709176302
pituitary,coronal,3045.0,438.3746750430836,0.7670025188916877,0.8339875543797328,0.6363636363636364,419.61822660098517,0.895933950153424,0.31846377459010355,0.44037320851414286
pituitary,coronal,2386.0,526.4284989122459,0.5962018990504747,0.3385235266340746,0.9,563.8313994374122,0.8870448876531911,0.5089711333385198,0.5653964361369492
pituitary,coronal,2330.0,467.4284989122459,0.7007518796992481,0.777557945668802,0.7,1163.8128390596746,0.8021158812467967,0.3746339202670043,0.4772051742351198
pituitary,coronal,2411.0,432.3452377915607,0.7522620904836194,0.5172635707573834,0.7777777777777778,1159.9705734406439,0.8419375678916722,0.31108681046227576,0.4248808034343662
pituitary,coronal,1105.0,239.17871555019022,0.6967213114754098,0.7452479806856814,0.7222222222222222,531.3440909090909,0.8914404505600201,0.3759100527634171,0.48518817157138033
pituitary,coronal,3863.0,828.862048458375,0.707638761677963,0.5157492232639564,0.9875,527.9033227848101,0.9213600171290259,0.30625661149009875,0.3963182940235598
pituitary,coronal,2902.0,483.62950903902254,0.7909512128645407,0.6203034562338066,1.2857142857142858,943.7962121212123,0.8324428296159503,0.18500934795499266,0.3013186169697994
pituitary,coronal,1082.0,209.92997820866105,0.7456926257753274,0.8055496454483557,0.5925925925925926,402.7051136363635,0.8889497651425361,0.2673453949025862,0.4187219512600504
pituitary,coronal,1908.0,601.9259735953042,0.6091954022988506,0.869440117351443,0.5454545454545454,566.7267720306513,0.9051698291388214,0.4460241482566671,0.5046653586272359
pituitary,coronal,1112.0,368.8538597629122,0.5972073039742213,0.9487754744630369,0.4444444444444444,850.0728873239432,0.862344291725061,0.5048545576501049,0.5459320278578632
pituitary,coronal,2497.0,538.7422074112307,0.6308741788782213,0.928550114521403,0.5833333333333334,370.02518796992484,0.9398238481816827,0.46272965323212945,0.5487931736110614
pituitary,coronal,1918.0,355.95436482630055,0.7474668745128605,0.913856895401741,0.5,473.5721518987341,0.9086724784825072,0.30641851268988873,0.40856824485348187
pituitary,coronal,2459.0,413.611219075793,0.7417797888386124,0.8532909236437272,0.6,587.6959388185653,0.8690722749681056,0.2827639445643976,0.38912157694283517
pituitary,coronal,4028.0,794.920922961421,0.6551724137931034,0.892952095662261,0.5,255.16916830708664,0.9361644405949625,0.4403461386157697,0.5226232310145479
pituitary,coronal,2987.0,512.0203820042827,0.7239457101308774,0.3695883971965754,0.9113924050632911,753.6084739803094,0.9071868846541994,0.4062211991978172,0.4863829012350985
pituitary,coronal,2190.0,398.445742854949,0.7934782608695652,0.8437889948628201,0.5,1089.5553797468353,0.652550354779081,0.2310187271614814,0.40139778277774346
pituitary,coronal,640.0,235.6579002700189,0.5898617511520737,0.757484097235843,0.6666666666666666,667.7679521276596,0.771400844838896,0.4451652696041887,0.5092574313308006
pituitary,coronal,1473.0,470.52290732122435,0.5742690058479533,0.8688944744669952,0.6666666666666666,459.2203638497653,0.9401091422465044,0.47507110020983084,0.515694417769359
pituitary,coronal,2121.0,405.3746750430836,0.7127016129032258,0.5395469318849727,1.0,689.2187500000001,0.8768828447652194,0.38187389834995616,0.47218428200256707
pituitary,coronal,844.0,214.7228714274745,0.6768243785084203,0.6244887490988947,1.0,1679.169230769231,0.6488639494384215,0.3395206694884157,0.43438984273307957
pituitary,coronal,2479.0,446.3391411371508,0.7246419175679626,0.8468527743621718,1.6666666666666667,476.89335106382975,0.9137226794145398,0.2627173645740034,0.3526741179423385
pituitary,coronal,4440.0,581.2691193458119,0.7392607392607392,0.42891642251396683,0.8854166666666666,307.411004784689,0.9433432328929575,0.41630609460537193,0.5490784137391288
pituitary,coronal,3888.0,567.2985565973347,0.723752792256143,0.8097404784958642,1.0,406.55041797283184,0.9024809354682423,0.4275319901862775,0.5343107384860732
pituitary,coronal,5050.0,838.8914857098981,0.6513607635753902,0.5910711898936559,0.9285714285714286,382.991683991684,0.9340089033020954,0.4962118646003534,0.5771361017866405
pituitary,coronal,5049.0,875.3534264870236,0.636535552193646,0.8426546581792003,0.925,413.75322629051624,0.9255168021824435,0.5723030545843727,0.6449539145041315
pituitary,coronal,2216.0,396.30360723121805,0.7697117054532824,0.7489492459395958,1.5,560.6394799054375,0.8504705914347488,0.25633149802985006,0.36576411601441006
pituitary,coronal,3473.0,483.6650429449553,0.7299285414039512,0.7326680647097688,1.2222222222222223,459.22503201024324,0.9191539762949631,0.36441103311841194,0.472269674609648
pituitary,coronal,4320.0,501.9076836320746,0.7824669443941314,0.6905531376004223,1.1428571428571428,533.2781933256617,0.9056081227053091,0.31294719221673717,0.46309380094880975
pituitary,coronal,5611.0,612.3696244092002,0.7962253441180644,0.5970104178794097,1.0909090909090908,296.8568007662835,0.9457905303677315,0.2684733676355663,0.46851749058664355
pituitary,coronal,5325.0,565.677236253775,0.7825128581925055,0.5682193806610746,1.0909090909090908,363.764846743295,0.9161937918018319,0.31083224105683716,0.48240070792256573
pituitary,coronal,7636.0,1044.7625894155135,0.7459216567353717,0.70703594282738,1.0714285714285714,253.31118618618615,0.9383338951757394,0.37014306070747083,0.49794520246917984
pituitary,coronal,7305.0,1152.502704785691,0.7330657300551932,0.7605992674094586,1.3076923076923077,329.502070245574,0.9323106384949932,0.4174970780239961,0.5220235154299706
pituitary,coronal,4218.0,707.4589821842953,0.69340785796482,0.7884323039747609,1.3,622.6700340798441,0.9076443693146549,0.41209925885735,0.5104370728065672
pituitary,coronal,4716.0,608.4112549695428,0.7654601525726343,0.5514112799190916,0.8627450980392157,518.1968225948808,0.9268705851746412,0.4206730936106881,0.5314156501356674
pituitary,coronal,4889.0,688.4650788387053,0.7015353709283972,0.6753937109765665,0.7767857142857143,433.6129197379197,0.938675233783631,0.44580814953167447,0.5381656435868125
pituitary,coronal,6443.0,782.5361466505707,0.7661117717003567,0.6027593169560547,0.8,442.84637605042013,0.9403592367839441,0.38619478972768884,0.48200115165571755
pituitary,coronal,2281.0,511.67113959936523,0.7094867807153966,0.7229371608871017,0.7777777777777778,653.7198189134809,0.8768599570713483,0.3307901067004298,0.4136029532135855
pituitary,coronal,3850.0,789.2996026178612,0.593586185630589,0.6907977267580342,0.8627450980392157,404.78508384819065,0.9365862401155822,0.49346111517508373,0.5465910456174423
pituitary,coronal,5656.0,797.8559518039654,0.7304662275603772,0.772332605842558,1.3636363636363635,354.9269157088122,0.9369942924768403,0.407763267055827,0.47585432173300846
pituitary,coronal,2088.0,381.78279195104676,0.7013772253946926,0.5274378628401313,0.9384615384615385,358.058758802817,0.8831845739632496,0.4743391679524722,0.5726646785261469
pituitary,coronal,2809.0,423.7533546995239,0.7284751037344398,0.759223669910274,1.4035087719298245,367.54583333333346,0.9297048959458554,0.3673931916987934,0.47765937893211735
pituitary,coronal,2940.0,429.2802666341051,0.7704402515723271,0.6313179098906662,1.125,546.9316578483246,0.9114681045231388,0.2751681767971517,0.3911376677832692
pituitary,coronal,2795.0,412.13813101037414,0.7735953501245503,0.6185392419587399,1.125,425.26234567901236,0.929829486303671,0.3082139495528898,0.4293981168473978
pituitary,coronal,1188.0,206.58683245815345,0.8187456926257753,0.452933836081939,1.0,661.3884615384616,0.8482356642033214,0.1333672294192683,0.2502784421858938
pituitary,coronal,2578.0,369.6822868876585,0.7746394230769231,0.7069376327505502,1.3333333333333333,620.0904040404041,0.8750435395343898,0.26347376850676035,0.3415272476467251
pituitary,coronal,3701.0,517.7361107568208,0.7758909853249476,0.652784729695425,1.1111111111111112,568.0204225352113,0.8740732142805764,0.2842462155061306,0.3666401055688289
pituitary,coronal,5055.0,715.2457787486989,0.7295425025256169,0.7791176677400268,1.3,566.712147030185,0.8735890223976404,0.3225638070689505,0.41089676555381993
pituitary,coronal,6283.0,814.7493500861672,0.7205275229357798,0.8702265405724393,1.588235294117647,319.6206051386072,0.9325179705248944,0.4047732183843284,0.49354959264775683
pituitary,coronal,2186.0,367.0609665440988,0.740765842087428,0.6242882228752973,0.890625,362.45260141093473,0.9371125721597745,0.5477631332522446,0.6056067027690517
pituitary,coronal,3163.0,643.2457787486989,0.6013307984790874,0.8042202613397358,0.6153846153846154,245.1985740291262,0.8950159862961782,0.4513944365818221,0.5497254037885991
pituitary,coronal,7876.0,652.3696244092002,0.8321183306920232,0.45042167348941337,0.8813559322033898,293.61821266968326,0.9480003471217899,0.3230479523282289,0.4959562043389416
pituitary,coronal,3152.0,506.7422074112307,0.710069835548547,0.7801008497129248,1.0126582278481013,414.7764240506329,0.9112435963064823,0.4311052818514496,0.5463106704792414
pituitary,coronal,4030.0,606.6183617507294,0.7726226993865031,0.7133721364355259,0.8791208791208791,397.2015789473685,0.9121185464633428,0.40420927348695646,0.517124612797382
pituitary,coronal,3448.0,551.7422074112308,0.6986828774062817,0.8931921696367146,1.1176470588235294,431.1631944444445,0.8947282576791045,0.5297904620954417,0.620161844997385
pituitary,coronal,2276.0,563.9198769408944,0.6660813579163009,0.6543367058561895,0.7,479.9873417721518,0.9424380659330652,0.4036636709751037,0.47132579495028243
pituitary,coronal,2383.0,504.7066735052979,0.697599531615925,0.65455604871309,0.7,480.71925858951164,0.9398463287530491,0.3788660078613481,0.4630273867224742
pituitary,coronal,1865.0,415.5168106668145,0.6961552818215753,0.42723081605838703,0.875,518.6159297052154,0.920369910721006,0.3865817781733861,0.46857803374804885
pituitary,coronal,7560.0,969.7026688919411,0.7599517490952955,0.718730548836588,1.25,634.3337719298246,0.9036331982694449,0.2702519898954948,0.40720957136506125
pituitary,coronal,6663.0,676.938166904124,0.8214770065343361,0.5019302332266945,1.0,284.8274831964152,0.9548531471965575,0.3250838598910481,0.5020562525545599
pituitary,coronal,12316.0,1131.36056916196,0.8274101444407121,0.7777282518896559,1.4285714285714286,367.00439189189194,0.93923780694995,0.2611571223796062,0.4105028060538526
pituitary,coronal,13551.0,1007.5788232314399,0.8552764453420854,0.7983068328478768,1.5,381.376716001716,0.9333128306949291,0.2287324378766171,0.397785469173639
pituitary,coronal,12414.0,959.3656197958434,0.8294247344157146,0.7982913315189978,1.423728813559322,324.80967386954785,0.9362329021017194,0.33302461856804894,0.48910484868102916
pituitary,coronal,6599.0,670.517856687341,0.8362691674059055,0.6552753503803966,0.9230769230769231,341.95914239482204,0.9462690266435112,0.27568510530228735,0.4233397628376734
pituitary,coronal,3413.0,470.6589462905455,0.7681746567634481,0.5111674230615985,1.0,581.2026604068858,0.8697319532654557,0.2590105870303535,0.42457406672118947
pituitary,coronal,4648.0,596.1269837220808,0.7950735545672255,0.5245544128645123,1.0232558139534884,682.2707680250784,0.8608891162068871,0.32796894019316086,0.5017167350717106
pituitary,coronal,5918.0,619.8254685319159,0.8060473985290112,0.5580993366187916,0.9411764705882353,473.77609223300976,0.9098333644495182,0.3464240929821049,0.4891820324421686
pituitary,coronal,8302.0,1048.5615792887365,0.7435070750492567,0.6956726980588354,1.1333333333333333,258.04078101828964,0.9555178234862998,0.43562317911500903,0.5437258668337958
pituitary,coronal,6164.0,766.4711754931151,0.7351222420989862,0.5703112815587946,0.8135593220338984,417.8262429971991,0.9159780346996675,0.39935052998628917,0.528075675015915
pituitary,coronal,6254.0,917.9808434849931,0.7814569536423841,0.7499895369159809,1.382716049382716,365.710077996716,0.9187805849026399,0.2850915952975801,0.4363925317739026
pituitary,coronal,7712.0,1127.4966081312812,0.7688166683281826,0.5134341673293026,0.9333333333333333,410.27776110444177,0.9305900292664449,0.35873496113404996,0.4682292971665543
pituitary,coronal,2082.0,394.17366491630685,0.7086453369639211,0.7851422686531477,0.6,464.8401898734178,0.807742263625449,0.35974625495520957,0.48462314738387097
pituitary,coronal,3234.0,460.2152954766495,0.7627358490566037,0.662794602554157,0.8,375.77076740506334,0.9398195552145973,0.3047670111877203,0.45432403743349636
pituitary,coronal,2809.0,432.30360723121805,0.7626934564213956,0.781811596789352,0.8,532.9386867088608,0.9191068157609775,0.377858678836596,0.49995838336357384
pituitary,coronal,3048.0,600.819371877506,0.6504481434058899,0.892046273325039,0.9090909090909091,462.2814655172414,0.910053616750426,0.48313766890799265,0.5746347258867284
pituitary,coronal,1266.0,332.43354954612926,0.6352232814851982,0.8575793346676399,0.75,224.5873015873016,0.921553473308474,0.488525771355305,0.550310928321019
pituitary,coronal,2502.0,627.7544007200504,0.587875939849624,0.9055138099348946,0.5818181818181818,325.4010416666667,0.928624558687352,0.5714181281200353,0.6271858145738901
pituitary,coronal,2395.0,402.7178207935912,0.7529078906004402,0.6009491424166952,0.7777777777777778,441.63732394366207,0.9357267616914999,0.31278075939295424,0.40007059171156845
pituitary,coronal,1934.0,413.68228688765845,0.7189591078066915,0.875959112104731,0.5,604.8537974683544,0.9023531886933427,0.27497933310056366,0.3534227610141166
pituitary,coronal,1113.0,325.7117241391813,0.5836392239119035,0.905099548244263,0.625,244.48769841269848,0.9369935766689973,0.46992572171080627,0.5261480934167055
pituitary,coronal,1754.0,457.8366158202091,0.6596464836404663,0.9553512043298039,0.3333333333333333,358.7348684210527,0.933775693013858,0.3136579998873802,0.39002983882658404
pituitary,coronal,2190.0,440.23863607376245,0.7567380787836904,0.46204026137310067,1.1428571428571428,1162.040909090909,0.8396245106413623,0.2876403970210902,0.3887996685547668
pituitary,coronal,1621.0,404.20310216782974,0.6703887510339124,0.6440311610305165,1.0,1354.2564935064936,0.8904052966252239,0.3760236492385046,0.4232856674044463
pituitary,coronal,1447.0,314.19090885901,0.7227772227772228,0.6855399581668662,1.6,1161.6778846153845,0.9011958360052946,0.3274994722418721,0.4024950962070545
pituitary,coronal,1180.0,312.08430714121175,0.686046511627907,0.7226053281468149,0.8333333333333334,586.6595744680851,0.8854302263461936,0.24071485134065343,0.36110066782443967
pituitary,coronal,2237.0,565.6061684419096,0.6346099290780142,0.9324722299547552,0.48,795.5432847896438,0.8955231614583133,0.4408252560082829,0.5121890126140075
pituitary,coronal,1565.0,345.12593770155434,0.7333645735707591,0.7504153203224709,0.6451612903225806,468.821542893726,0.9336153885980746,0.42137906310032547,0.4765080408200312
pituitary,coronal,6893.0,911.1107857999043,0.7828506530380466,0.6802637052692749,0.6875,442.24525769506084,0.9248491782746331,0.3234904224695123,0.4029615988661831
pituitary,coronal,2931.0,597.8965363437813,0.7212106299212598,0.79175272180887,1.0,611.1903364632237,0.9017209179865358,0.35357495553994966,0.4398706892906579
pituitary,coronal,4239.0,577.0559159102154,0.7886511627906977,0.6247511814417059,1.1,807.0435845799767,0.8514059943319416,0.32408908999302194,0.4297432049407936
pituitary,coronal,3826.0,760.4650788387053,0.6883771140698093,0.7645995657613176,0.9166666666666666,527.5626794258374,0.9088798521032728,0.47903058389020525,0.5714440873474709
pituitary,coronal,3603.0,513.700576850888,0.7817313950965502,0.7617821645051256,1.1527777777777777,352.48319462227914,0.9140151006181398,0.35437263991465284,0.4819456107718193
pituitary,coronal,4137.0,637.0742058734451,0.7872502378686965,0.6841999765926031,1.2222222222222223,586.8016965428938,0.903536740665275,0.2563123663254871,0.38609176602875117
pituitary,coronal,3605.0,626.3757210636101,0.72652156388553,0.6756695834340404,0.9,390.0075597749648,0.9344264387754271,0.28067725890473744,0.3982373302939689
pituitary,coronal,3525.0,774.9858941188766,0.5911453966124434,0.40384831743926064,0.9090909090909091,749.9274425287358,0.8984098322149687,0.4087291411603333,0.46584398146875156
pituitary,coronal,3990.0,612.0620125646253,0.7710144927536232,0.5327805622055398,0.8181818181818182,678.7867177522352,0.8122842631788784,0.28832884953659116,0.438595585276784
pituitary,coronal,5429.0,611.6538956566621,0.818977221300347,0.49549096714561497,0.9263157894736842,397.1551435406699,0.8417981553304195,0.29431572067315886,0.48208919328959443
pituitary,coronal,3692.0,579.5056633785213,0.7609233305853257,0.6927671579325433,1.2222222222222223,820.5974711907809,0.8864809951483268,0.33503634323830056,0.4267991877114369
pituitary,coronal,6340.0,597.5767311903867,0.8293001962066711,0.5389223355801448,1.1304347826086956,531.2085020242914,0.8682272317103411,0.30658112770104834,0.462444546913432
pituitary,coronal,6363.0,683.630555059549,0.8331805682859762,0.5060986479664542,0.9326923076923077,411.72405164648194,0.8657341128588015,0.3164988587827168,0.46422904036281243
pituitary,coronal,8901.0,788.9564568673536,0.7329545454545454,0.43962579175537664,0.8888888888888888,253.48404720279711,0.9332230399111584,0.4758855734621538,0.5673709020295497
pituitary,coronal,6535.0,1035.3778131046631,0.7142857142857143,0.7536291928625133,1.3333333333333333,480.50444078947373,0.8824604584064089,0.4038923210673647,0.5208655192158911
pituitary,coronal,2680.0,491.9493141924172,0.6565409113179814,0.4907866871700169,0.9473684210526315,645.0655766526021,0.912280897309007,0.44698232183101255,0.5194343173570098
pituitary,coronal,3216.0,612.7188668141176,0.6064491797095983,0.7538930115331129,0.6923076923076923,405.3148597626754,0.9154084490959055,0.4991092589439013,0.5616608419618092
pituitary,coronal,4366.0,854.1046891454944,0.693015873015873,0.7411969773028795,1.3,451.58544303797464,0.9031424602882061,0.3825957293147837,0.48111205623097175
pituitary,coronal,689.0,221.4507934888324,0.6568160152526216,0.8765414065120865,0.5,590.1710992907803,0.8594541221483583,0.2707807316214985,0.3789764153864889
pituitary,coronal,1103.0,367.9249275747777,0.6196629213483146,0.7113751589810846,1.0,401.8413120567376,0.9074171030686209,0.4027707992341407,0.46335319905088773
pituitary,coronal,1950.0,464.48737341529164,0.6641689373297003,0.8834017086626487,0.5119047619047619,447.305795019157,0.9326662019182711,0.43111835337705867,0.48792755761465634
pituitary,coronal,5566.0,1185.8813844421313,0.678614971958059,0.6730001428385123,1.0980392156862746,477.94157420249644,0.9258460898779982,0.4482724074082648,0.5164637629274244
pituitary,coronal,4475.0,862.0985924910847,0.6688088477058736,0.8736535950717798,1.5555555555555556,380.9642857142858,0.927257315423881,0.4124435444071108,0.49837248500672876
pituitary,coronal,2231.0,469.4518395093589,0.6594738397871711,0.7985901111789528,1.125,431.066798941799,0.9326775549192051,0.41903511368358853,0.506404953914073
pituitary,coronal,2136.0,389.82442251138934,0.7187079407806191,0.7594017888332493,0.6666666666666666,894.443955399061,0.8138770353530287,0.2877846553932816,0.40461609519509995
pituitary,coronal,3055.0,494.80717856868625,0.7310361330461833,0.6804764285292981,0.9,394.5669831223629,0.9419915828587482,0.3917933124360952,0.5434359891248559
pituitary,coronal,2717.0,499.35743110038044,0.7280278670953912,0.6327945483746721,1.0,456.0303208137716,0.9413596541587441,0.3879991762871012,0.5196664442667518
pituitary,coronal,826.0,187.3380951166243,0.7303271441202476,0.5504122138859907,0.8,523.3685897435897,0.8909512612785226,0.20764185047109635,0.29032236260111643
pituitary,coronal,2281.0,613.6477990022522,0.6179897046870767,0.7013969714591162,1.046875,637.84126984127,0.9192896530824525,0.3969678851692008,0.4562193392360741
pituitary,coronal,3177.0,658.0325753131025,0.6512915129151291,0.8215157894466487,1.7142857142857142,628.4392045454545,0.9253767780737673,0.312207909866185,0.3828171976604875
pituitary,coronal,7152.0,1059.7920266670362,0.7451552406751406,0.7745840938817833,0.624113475177305,369.92260012714564,0.9469347131926368,0.3685113062440944,0.44267873550006237
pituitary,coronal,2061.0,423.0965004500315,0.6858569051580699,0.5454294414867167,0.7777777777777778,691.486921529175,0.8576755339204684,0.396799833786794,0.4854667682715199
pituitary,coronal,3599.0,409.6883835420683,0.8215019401963022,0.6710268333831844,1.25,558.792261904762,0.9009049458721413,0.21188330326519342,0.3409301097366136
pituitary,coronal,4733.0,651.6955262170047,0.784258492129246,0.565774457996038,1.0,471.9342998955068,0.9176358638029396,0.3115203351011716,0.42044550087582244
pituitary,coronal,5514.0,725.3940110268397,0.7439287641662169,0.5625700689233376,1.0833333333333333,331.97024291497974,0.9255617562582789,0.3913035119547164,0.4975662010583926
pituitary,coronal,3169.0,417.0315292925759,0.7481114258734656,0.5296865474686098,0.9,415.02689873417734,0.927587361641873,0.39700530604358236,0.5138171006998488
pituitary,coronal,621.0,166.99494936611666,0.75,0.3672259593807036,1.0,1187.8891129032259,0.672642700118647,0.20386967775023176,0.32912788760703454
pituitary,coronal,992.0,267.69343417595167,0.6971187631763879,0.7918982730357929,0.6037735849056604,668.3818181818182,0.7913600318340658,0.3168226347182832,0.48818980408663404
pituitary,coronal,3763.0,709.2579720575186,0.6813326090892631,0.787803174627376,1.0,451.2831765935215,0.9364150977970874,0.44465320951682125,0.5315840930634907
pituitary,coronal,4113.0,577.9909447527598,0.7017573792868111,0.6798349630997399,0.6923076923076923,306.2680690399137,0.9424593383000651,0.3801430097795975,0.49202272150376064
pituitary,coronal,4031.0,772.0863991822648,0.6105725537715844,0.8394127390549582,0.7333333333333333,350.6975744843392,0.9416992767522924,0.5607515612524073,0.6221924099550645
pituitary,coronal,2606.0,364.16147160748716,0.7940280316879951,0.6634928427839424,0.7361111111111112,848.4788732394366,0.85821817679512,0.2617999656264918,0.3630470571559575
pituitary,coronal,5689.0,619.1391770309007,0.7943311924043563,0.8151222205783576,1.5555555555555556,661.7307595573442,0.8816947624953969,0.2253230230465774,0.37732394999519003
pituitary,coronal,9015.0,845.4478348960022,0.7961670935264505,0.6083089752636974,1.0666666666666667,410.89981617647067,0.9262916026591788,0.35754158062617847,0.5088361454518562
pituitary,coronal,8702.0,935.8153672641492,0.8046976142038099,0.46949045025682706,0.9523809523809523,388.3998031496063,0.9370820814676089,0.38283314222921755,0.5098780680678364
pituitary,coronal,7419.0,843.4062043356595,0.7693663797573369,0.16332605183901872,0.875,377.482494375703,0.935274432238945,0.4351363194335387,0.5500196795583502
pituitary,coronal,665.0,208.40916292848974,0.6363636363636364,0.6869707492070894,0.8,1547.494391025641,0.6974999204410859,0.32069455985267237,0.4096063964413238
pituitary,coronal,2450.0,419.9665581351203,0.7748260594560404,0.7822241114655542,0.6666666666666666,1154.801056338028,0.7587661032720451,0.1880702597544091,0.31838031338735046
pituitary,coronal,4760.0,679.1452736853105,0.770600615185365,0.5153958682926664,1.0,299.6648380355277,0.9533638305764243,0.3112845473864359,0.44159224750887177
pituitary,coronal,4978.0,611.2335854398791,0.7773266708307308,0.5619665893123043,1.1162790697674418,241.63050766283524,0.9653343763818591,0.35001011185002023,0.47629926405489725
pituitary,coronal,5782.0,788.4295449327725,0.7581956464725937,0.8686969550194236,1.7777777777777777,302.7063160211268,0.9529302430283672,0.30257613365515745,0.4424799021236335
pituitary,coronal,631.0,177.05992052357226,0.7105855855855856,0.587124017403717,1.0,409.1653225806453,0.887108899016062,0.23628309743440087,0.3418372212428166
pituitary,coronal,3220.0,470.3807716974934,0.7847916158908116,0.7974664353253486,1.3114754098360655,257.5446428571429,0.9405405473760428,0.27406626162232595,0.41345214106025424
pituitary,coronal,4431.0,567.5056633785214,0.8017007418129184,0.7395651738641725,1.3333333333333333,402.0889084507043,0.9285037931466019,0.28671215190758464,0.4741524970666018
pituitary,coronal,4842.0,661.7310601229375,0.7780813112646634,0.6698152806956681,1.2093023255813953,375.83222811671095,0.939324214800004,0.40519308708726465,0.5592811564403117
pituitary,coronal,3898.0,524.0498192558055,0.8136088499269464,0.7147446163562914,1.391304347826087,429.12646713615027,0.9262368262107945,0.3639732381269779,0.5033895687394583
pituitary,coronal,4092.0,722.8792924010783,0.7265625,0.5200550948009258,0.9411764705882353,650.3219827586207,0.9057766830122371,0.3341232311304534,0.422196593046101
pituitary,coronal,4398.0,752.9797974644666,0.7265818602345944,0.5180628579186869,1.0,714.6257836990598,0.912177576960889,0.34116322295749296,0.4260677469654792
pituitary,coronal,7943.0,912.3117959266809,0.7466629065613837,0.567883940530736,1.0,620.2635939510939,0.8919169025252255,0.30685666039018045,0.41606660575192733
pituitary,coronal,2491.0,414.13813101037414,0.7135491263248352,0.7344917005030186,0.8701298701298701,556.2041139240508,0.8965952325661048,0.49527305731667204,0.5557139593349867
pituitary,coronal,6039.0,813.6782822743016,0.7039281967595291,0.6899904695592741,0.75,371.5616797900263,0.9429972980815232,0.45246043320999324,0.534308355888506
pituitary,coronal,3147.0,405.167568261897,0.7803124225142574,0.6240017525013769,1.234375,562.9809523809523,0.8938055142484226,0.31981459009800756,0.45776003840026575
pituitary,coronal,384.0,142.33199846221441,0.6530612244897959,0.7438570599208052,0.75,621.1948924731183,0.9146792649034263,0.3588042606440917,0.3944604709737852
pituitary,coronal,524.0,201.10155108391487,0.6517412935323383,0.7515588267265676,0.631578947368421,1106.7681623931626,0.8683951476429007,0.2911594318269004,0.331296703226585
pituitary,coronal,494.0,206.0010460205265,0.6213836477987421,0.8289164172669137,0.6,1504.7500000000002,0.8462816150327864,0.2817810233953619,0.311407348654384
pituitary,coronal,423.0,166.47413408594534,0.6157205240174672,0.6339072518676996,0.75,1667.5013440860216,0.8391113850713707,0.23370676165900325,0.26945069163611535
pituitary,coronal,984.0,263.9716087690037,0.7094448449891853,0.7772941306797471,0.6666666666666666,1469.8597074468084,0.8540372679233775,0.1919643562126417,0.2447308567045195
pituitary,coronal,990.0,304.5279579551077,0.6407766990291263,0.7865853603670282,0.8333333333333334,1401.047872340425,0.8823202418931622,0.3697357605019209,0.40814307102970626
pituitary,coronal,4165.0,636.653895656662,0.722588480222068,0.7077198147492075,1.1,547.165420023015,0.8751589229776279,0.3230543240418203,0.4466499488248532
pituitary,coronal,5526.0,805.8204178980326,0.747564935064935,0.445429061446814,0.9230769230769231,548.6292475728155,0.9006769923068129,0.37980952837126064,0.4885911566494564
pituitary,coronal,5448.0,694.6660889654818,0.7880804281787935,0.6398865510872164,1.0909090909090908,428.6257183908047,0.8787818371668037,0.27898082538144703,0.42012336089686614
pituitary,coronal,3641.0,609.3462838120872,0.7225640007938083,0.7872762328428999,1.1,534.1595224395858,0.9084660668944093,0.4027897666187086,0.48706217572127747
pituitary,coronal,2046.0,320.8122292025696,0.766579243162233,0.6402469588571498,0.6857142857142857,458.8160211267605,0.8977707258242882,0.3297881232539955,0.4548945520826782
pituitary,coronal,2134.0,488.3868683519033,0.7075596816976127,0.7458778062340241,0.7,504.19642857142856,0.9119632230236008,0.44929292028941553,0.5282719165809151
pituitary,coronal,4919.0,802.0985924910846,0.7238081224249558,0.2849297942898857,0.8461538461538461,557.8110105913505,0.9358596394493599,0.3867621438760376,0.4574621500900524
pituitary,coronal,3080.0,571.4762261269984,0.7151149291850476,0.5080612157069789,0.875,494.1473277074544,0.902694102940611,0.37377254336123567,0.47827017695062485
pituitary,coronal,2407.0,470.2152954766495,0.7193664076509265,0.6948165783037454,0.7375,526.7185051235684,0.9236222887033674,0.4358403644545416,0.4939495696756817
pituitary,sagittal,4368.0,549.0559159102154,0.7917346383904296,0.683864711744508,1.2467532467532467,331.8809335443038,0.9440526626658768,0.3678950707037876,0.5047058009282503
pituitary,sagittal,4446.0,560.7066735052979,0.7708044382801664,0.6098976302167295,1.0909090909090908,193.621408045977,0.9650806900621501,0.4199150700194901,0.5428013004324774
pituitary,sagittal,3805.0,549.541197284454,0.7803527481542247,0.7350712910943372,1.353846153846154,374.88700384122916,0.9313601593593751,0.324806701914803,0.44064405313015625
pituitary,sagittal,3921.0,707.9442635585339,0.7194495412844036,0.7000903406802821,1.3333333333333333,1039.1382042253524,0.8648347115710006,0.3436700746813186,0.47031600401952006
pituitary,sagittal,3830.0,516.3218971944477,0.7989153108051731,0.7770527293711179,1.5,474.23991402116394,0.9416200010580321,0.30036762213775714,0.4771131302741053
pituitary,sagittal,4082.0,505.564537881567,0.7881830469202549,0.8025014152230885,1.5,430.76140873015873,0.9431248021203155,0.263897047179655,0.47450831971783974
pituitary,sagittal,3775.0,464.17366491630685,0.8464125560538116,0.7987315190446141,1.5714285714285714,330.18677685950416,0.9284072139626428,0.16042633408340648,0.43560341529681185
pituitary,sagittal,3120.0,505.0376259469858,0.7679054885552548,0.777837667188144,1.5178571428571428,441.29070247933885,0.9233113700457181,0.2610483022458819,0.4439632958516922
pituitary,sagittal,1918.0,395.9310242291876,0.7046289493019838,0.6564742469257268,1.1428571428571428,367.33181818181805,0.9392779137938898,0.3577446286544287,0.48119925193944674
pituitary,sagittal,938.0,302.3563850798539,0.6012820512820513,0.6531786563992041,0.7678571428571429,550.9799242424243,0.8828692175155195,0.5537240097066586,0.593082230427333
pituitary,sagittal,1972.0,356.7766952966369,0.7002840909090909,0.5115363750811964,1.0847457627118644,460.77157738095235,0.9584445760810603,0.4380690541152952,0.5154830304109312
pituitary,sagittal,1832.0,401.82442251138934,0.7098024021697017,0.46105972930334826,1.0,645.9094155844157,0.942067326806968,0.3211617513832032,0.403919082006981
pituitary,sagittal,5328.0,575.7188668141176,0.8223491279518444,0.5755266590932322,1.1477272727272727,182.85179045092832,0.9725470122953953,0.35428803604241477,0.5138567251367909
pituitary,sagittal,1272.0,287.9066376115481,0.7066666666666667,0.7285770328306802,0.7407407407407407,1306.3127272727272,0.48483601623887795,0.2768739681062054,0.3853180918762068
pituitary,sagittal,1127.0,281.9066376115481,0.6428978893325727,0.603838544245554,1.0,847.2898936170216,0.752364383778901,0.39977834176313287,0.5025439604994404
pituitary,sagittal,1469.0,284.22034611053283,0.7257905138339921,0.6720660219060057,1.1666666666666667,536.8844984802431,0.9108560132284897,0.34008910251262303,0.4284771981223832
pituitary,sagittal,1532.0,347.5756851698602,0.7132216014897579,0.7428266600649764,1.1666666666666667,545.8271276595744,0.9060370486414068,0.3310393567791232,0.44967554187211933
pituitary,sagittal,1359.0,311.9838020778234,0.7302525523911876,0.7260901691301419,1.4,789.6149267399267,0.8736647706172375,0.2582762589636596,0.37647702284721185
pituitary,sagittal,1140.0,323.7411613907042,0.7085146053449347,0.855095420512465,1.71875,830.0432027649772,0.8439690012502349,0.24410475527684702,0.3711978338113218
pituitary,sagittal,9331.0,1090.0762979144981,0.7859007832898173,0.7239885637751214,1.2857142857142858,408.1057307307308,0.9278114512588289,0.36899547107425856,0.5414986173605381
pituitary,sagittal,11420.0,944.9158723275375,0.8373661827247397,0.7179497859255741,1.2,307.79785247432307,0.9345622318918408,0.2947989681498447,0.49678925234087157
pituitary,sagittal,13050.0,1050.9280656363571,0.8402008756116405,0.7464891533107447,1.3333333333333333,367.77473739495804,0.917480220107585,0.272261567288426,0.49788940700046125
pituitary,sagittal,13368.0,968.7737367038067,0.8373841142570784,0.7391494525328111,1.325,296.20625,0.9389405313967126,0.2625551974754357,0.4703460990728715
pituitary,sagittal,12614.0,854.5483399593904,0.8311808118081181,0.7685820371102028,1.4285714285714286,308.88367117117116,0.9386931296725927,0.2557701367062545,0.45675231415794676
pituitary,sagittal,11101.0,1009.993036793813,0.805587808417997,0.7782607858265955,1.2666666666666666,349.37931225121633,0.9423803815349633,0.3461924798109006,0.5090934308920122
pituitary,sagittal,5425.0,647.6894295625949,0.8215962441314554,0.2059457990529983,0.9166666666666666,639.8407894736843,0.8998402892056668,0.2916412554162447,0.45820715897716296
pituitary,sagittal,4161.0,563.0264786586926,0.7889647326507395,0.6708981335440312,1.5,412.36507936507934,0.873432606194273,0.25620057022570114,0.4178598481544683
pituitary,sagittal,5065.0,609.1686142824235,0.7752946578907087,0.6745752363529334,1.1818181818181819,304.4467285587976,0.9014848175043256,0.3853416012505576,0.5297609097084117
pituitary,sagittal,4841.0,540.8132752230961,0.8118396780144223,0.6425840202512559,1.2,399.0139767932489,0.8761421562265743,0.30524415955835904,0.46981787206523506
pituitary,sagittal,4941.0,498.00818869546293,0.821036889332004,0.6491562201169335,1.225,370.4575219084713,0.8958694982951451,0.3399589308653417,0.4770483492109256
pituitary,sagittal,4829.0,621.3401871576773,0.7906024885396201,0.6469529501438924,1.2,324.25382383966246,0.8897221591784393,0.3036772342048861,0.4746419676009242
pituitary,sagittal,4118.0,606.7544007200504,0.7780086907235972,0.4852640139965938,1.0,433.4226265822785,0.8525267883857088,0.2678141999629792,0.43137912269048395
pituitary,sagittal,2769.0,507.01428534987286,0.7959183673469388,0.6122297541083102,0.7777777777777778,598.9416498993963,0.806527175114425,0.21254777063438443,0.37269132903224134
pituitary,sagittal,533.0,193.58073580374355,0.604994324631101,0.36781619537523963,1.0,1410.1159274193549,0.642170634626327,0.27130422955897116,0.33925972388152714
pituitary,sagittal,1406.0,302.1198410471445,0.7090267271810389,0.6506464462730499,1.0,704.008865248227,0.8593389983132829,0.27238718627907543,0.38019308913198163
pituitary,sagittal,1945.0,303.0132393293463,0.7823813354786806,0.44913500286707136,1.0,503.22629870129884,0.880731449161939,0.283701495631789,0.418313539325122
pituitary,sagittal,1686.0,353.1259377015544,0.7174468085106382,0.6054607469339853,1.1666666666666667,1000.5843465045593,0.7921101630469823,0.24782537935761317,0.38712949457659473
pituitary,sagittal,2052.0,328.08430714121175,0.7844036697247706,0.5336237904456171,1.25,845.9288563829788,0.8253988047958137,0.2325961428898711,0.3648418110203685
pituitary,sagittal,2291.0,400.167568261897,0.7897276801103068,0.6921400777903466,1.5,669.4671985815602,0.8572270548223951,0.25374190984636075,0.3757836969722986
pituitary,sagittal,1071.0,309.3624817342638,0.6311137301119623,0.7381760379991422,1.2444444444444445,1033.881838905775,0.7905569252987168,0.4957751758001986,0.5552116084739231
pituitary,sagittal,1293.0,384.8538597629123,0.6510574018126888,0.8315121968536888,0.625,428.2968253968255,0.9116439377260876,0.3935472734147634,0.48570877755965475
pituitary,sagittal,1403.0,344.01933598375615,0.6687321258341278,0.6849870101478062,0.75,387.48743386243393,0.9229853754225561,0.43669509826312086,0.5370263072502316
pituitary,sagittal,1365.0,278.21424945612296,0.7287773625200213,0.5509590250074504,1.0,474.59264184397165,0.916085809713438,0.2981761039268917,0.4166289972507522
pituitary,sagittal,1294.0,280.21424945612296,0.7598355842630652,0.5814789878031789,0.8333333333333334,628.9132978723404,0.8970467871150072,0.21922832170909015,0.3336330862059552
pituitary,sagittal,1272.0,361.1614716074871,0.703929164360819,0.5440879603102899,1.0,608.0155141843971,0.8696484462198184,0.3054730936187405,0.40488916905199446
pituitary,sagittal,919.0,263.73506473629425,0.6993911719939118,0.7179148549867084,0.6666666666666666,774.3670212765957,0.8567745896371873,0.26584397512856073,0.37597179415319704
pituitary,sagittal,726.0,226.65790027001893,0.6836158192090396,0.7251378671358008,0.7111111111111111,710.3769946808512,0.8886689252195361,0.3620884518748147,0.4128159100415899
pituitary,sagittal,577.0,178.75230867899734,0.6885441527446301,0.751784575086506,0.6,636.1923076923076,0.8966422447106611,0.25248509183966816,0.3511347760679495
pituitary,sagittal,744.0,225.7289680818844,0.62,0.8026831205467285,1.0,742.974358974359,0.8950736398715,0.41479832595648825,0.4754683163302806
pituitary,sagittal,693.0,194.8944443027283,0.6507042253521127,0.8178228059148325,0.5625,756.0981468771449,0.8858511766957323,0.40785597880238306,0.4857803032756092
pituitary,sagittal,734.0,206.1370849898476,0.6931067044381491,0.7283849734434418,0.8,540.4246794871797,0.896569943013368,0.30647650588653746,0.37742446623437
pituitary,sagittal,1210.0,292.8416664540925,0.6990179087232813,0.528104500457538,1.0,1289.2810283687945,0.8448849943746249,0.3388401205879469,0.3962071752349042
pituitary,sagittal,1366.0,250.9005409571382,0.8097213989330172,0.6718029222435142,0.8333333333333334,723.3936170212767,0.9191237126374534,0.16595190593587136,0.2561647258166384
pituitary,sagittal,802.0,173.6812408671319,0.7530516431924883,0.6896007063698602,0.8,820.6290064102567,0.8085154975173237,0.22166856443182234,0.31820326234723445
pituitary,sagittal,1402.0,244.55739520663056,0.8208430913348946,0.6887908802166641,0.8333333333333334,842.2957446808512,0.7469284938131916,0.15647748266237257,0.310747078976347
pituitary,sagittal,1464.0,342.50461735799473,0.75,0.7281675015589271,1.0,1032.7185283687943,0.8186540943034751,0.25620107237763534,0.3722375051703903
pituitary,sagittal,1024.0,255.93607486307096,0.7324749642346209,0.7250486007802598,1.0,1203.7557692307694,0.7905897185234552,0.2403807691999995,0.3461416857282296
pituitary,sagittal,597.0,174.373629022557,0.6582138919514884,0.5199592522961346,1.0,1309.2086693548385,0.8287359010262038,0.26475370889237504,0.3356966300514375
pituitary,sagittal,1439.0,370.29751057680824,0.7271349166245579,0.7630082114215677,0.7142857142857143,710.3554545454546,0.7941128627370534,0.2445933967875382,0.40904608317189506
pituitary,sagittal,4502.0,831.1046891454944,0.7459817729908865,0.6062971340010541,0.75,479.50087719298256,0.8959370163557613,0.26776442510791776,0.4211941115381353
pituitary,sagittal,4188.0,660.4528855298854,0.7857410881801126,0.5224669828199421,0.8181818181818182,369.09897828863353,0.9151942795531484,0.26253288710947276,0.44755004293364387
pituitary,sagittal,4489.0,730.77269068328,0.7883737267298911,0.44507420388092883,1.0,575.2928797468354,0.8608636000749412,0.21613909571505802,0.4374214754782761
pituitary,sagittal,3945.0,486.42240225783604,0.7915329052969502,0.5097063598313545,1.1111111111111112,583.6691901408451,0.8817409419836952,0.23759955732898153,0.43410139955160487
pituitary,sagittal,2521.0,543.5767311903868,0.7609417446423181,0.6201440069948394,0.8115942028985508,839.1531690140845,0.860817230796298,0.25730777589481424,0.41782017492066525
pituitary,sagittal,1164.0,251.52186130069782,0.8151260504201681,0.8044976474900923,0.6666666666666666,1424.384308510638,0.6713636067259066,0.13477838074838663,0.32406637324979237
pituitary,sagittal,3101.0,397.30360723121805,0.813697192337969,0.28571975171230585,1.125,1107.5176366843032,0.7549149925259175,0.25025808906760966,0.44140072424185955
pituitary,sagittal,2829.0,307.32085117392114,0.8367346938775511,0.8623179148653183,1.8333333333333333,436.42190522243715,0.8748506766386418,0.2804821410933351,0.49679836517506337
pituitary,sagittal,1979.0,321.98380207782344,0.7403666292555181,0.40564017677040487,1.0,641.2487012987013,0.8551305025985962,0.2619580640547759,0.3890951185422523
pituitary,sagittal,3101.0,369.36857838867365,0.8342749529190208,0.4336390081832892,1.09375,549.8818342151675,0.9081192609693387,0.25912110779143266,0.4160778224776291
pituitary,sagittal,3007.0,411.78888860545663,0.7925672113863996,0.5797259035309259,1.125,708.1168430335097,0.8726293296499776,0.26200536855020345,0.41424282952485836
pituitary,sagittal,2505.0,392.19700551341987,0.7260869565217392,0.6826218602075276,1.4285714285714286,699.8840909090909,0.8759306212438565,0.3456687060450265,0.4805806756952434
pituitary,sagittal,2245.0,401.6406563273158,0.7293697205977908,0.5522874205100485,1.2857142857142858,716.8863636363639,0.874162013141297,0.35603951689103447,0.49977711069793157
pituitary,sagittal,1571.0,294.73506473629425,0.6172888015717093,0.6371710193460941,1.1428571428571428,721.2869318181818,0.8875789782945508,0.4827064870974394,0.5777151282689659
pituitary,sagittal,637.0,217.79393923934,0.6275862068965518,0.7111884880713992,0.8,296.66025641025635,0.9044081042598054,0.35429127854783904,0.444389290527682
pituitary,sagittal,677.0,229.9005409571382,0.6459923664122137,0.75144451805353,0.8,308.5304487179488,0.91655304660915,0.3422037274296299,0.4437874481346533
pituitary,sagittal,682.0,186.10155108391487,0.7148846960167715,0.8510473514829251,0.5106382978723404,716.7659090909093,0.907962555741869,0.3397932073825012,0.39923372827954495
pituitary,sagittal,778.0,194.6873375215418,0.7381404174573055,0.33103697523035264,1.21875,1478.7959677419356,0.8744827446634742,0.2343106267822716,0.3167610275348255
pituitary,sagittal,901.0,232.04267658086917,0.7397372742200329,0.6136408622174773,1.25,2041.7282258064517,0.7661294933712545,0.15104453347477312,0.2398429451315037
pituitary,sagittal,838.0,149.71067811865476,0.8559754851889684,0.2570996601688146,1.0,1135.4647177419354,0.8198439236031897,0.09419336714244604,0.1930247335463286
pituitary,sagittal,932.0,212.7228714274745,0.7158218125960062,0.3790097643559122,1.0526315789473684,1206.6967948717952,0.8118505937605114,0.3021805342496791,0.38009568117512377
pituitary,sagittal,967.0,236.27922061357856,0.7444187836797537,0.7739990113119323,0.6666666666666666,774.7765957446808,0.8700796025812404,0.2544497574821595,0.3278868485640818
pituitary,sagittal,1341.0,279.46298679765215,0.7417035398230089,0.6333061920507514,0.9411764705882353,642.8522727272727,0.8773315995199861,0.39641404771049965,0.49735290314724
pituitary,sagittal,2606.0,454.80108191427644,0.7277296844456855,0.7714781524648968,1.3333333333333333,445.616865079365,0.9320727636957425,0.4072666770397614,0.5225510162393509
pituitary,sagittal,2759.0,417.5523445727473,0.8006384213580964,0.7982103785342795,1.6666666666666667,242.1191489361702,0.9197245405473604,0.1816404666104368,0.4037056389901997
pituitary,sagittal,2410.0,413.99599538664324,0.770460358056266,0.817697627205641,1.5,383.3268321513003,0.895028349539624,0.17175311042366992,0.3787339098671515
pituitary,sagittal,1393.0,323.71172413918134,0.7389920424403184,0.427831947865054,1.0,339.9419326241136,0.8979451107084649,0.2755520378158901,0.43588071927739025
pituitary,sagittal,1284.0,302.25588001646554,0.7258338044092708,0.8366654814759175,0.6779661016949152,248.25119047619052,0.9467231210245421,0.37890477736484374,0.45188245736850985
pituitary,sagittal,778.0,151.4386001800126,0.7787787787787788,0.6627819498099844,0.8,1941.1145833333333,0.7164754307587163,0.24518576118292593,0.340093230857322
pituitary,sagittal,759.0,243.10764773832474,0.5952941176470589,0.7758669302992386,1.5,1017.9979838709676,0.8253449323687457,0.39848240483446007,0.45249593078109795
pituitary,sagittal,377.0,144.0893577750951,0.6545138888888888,0.8199899805129437,0.65625,1321.5698924731184,0.77076019418239,0.30172560809940807,0.3540363526457995
pituitary,sagittal,2453.0,333.1198410471445,0.7721120553981744,0.6710141556683626,1.1428571428571428,1301.8505681818183,0.7798290326372508,0.22587460581405094,0.36651568941129137
pituitary,sagittal,3947.0,673.0742058734451,0.720781592403214,0.5665874544208395,1.035294117647059,565.9093521421108,0.9131100448646956,0.41713630410270625,0.5264951619031502
pituitary,sagittal,3650.0,544.6711395993652,0.7207740916271722,0.5457887135224156,0.9090909090909091,478.07816091954027,0.9317488580253,0.4182518153233421,0.5240013200669585
pituitary,sagittal,3535.0,489.1797615707167,0.747673434856176,0.5704403889256252,1.0389610389610389,470.6094936708861,0.9341849899027831,0.39006381937804796,0.5036672775555837
pituitary,sagittal,2450.0,383.6761902332486,0.7578100835137643,0.5937726683114858,1.0,872.7328869047616,0.8535598636169468,0.3257782664982234,0.4463787562673371
pituitary,sagittal,1389.0,313.9482681718907,0.7145061728395061,0.48174688671181576,0.9230769230769231,781.046590909091,0.8749636480349717,0.35973163972200156,0.4474390617761509
pituitary,sagittal,1468.0,287.21424945612296,0.7532067727039508,0.7581760642484239,0.7142857142857143,464.4827272727273,0.9118609662311025,0.2464782943522144,0.3745040619578737
pituitary,sagittal,2286.0,436.31580054003786,0.7134831460674157,0.6761748474556487,1.0,470.68551587301573,0.9166735038418318,0.35646512214324,0.463064525539253
pituitary,sagittal,2402.0,397.17366491630685,0.7228408065001505,0.7501471039821508,0.8888888888888888,383.3041373239438,0.9452515070652237,0.3982759394443162,0.4981924484888556
pituitary,sagittal,2642.0,563.263022691402,0.6818064516129032,0.6911189638428732,1.0,553.0381455399062,0.9181474375793692,0.39878608984939895,0.5134503500827442
pituitary,sagittal,2437.0,557.5411972844539,0.6671229126745141,0.7657489680296525,1.0,746.4229264475741,0.8858702314433206,0.446778329825842,0.5402960988403724
pituitary,sagittal,3059.0,677.0447686219222,0.7312933301458283,0.6738073037056845,1.0,1020.0356025039123,0.8532209948386897,0.2914095010691797,0.41240768506042896
pituitary,sagittal,2995.0,576.4701294725885,0.696187819618782,0.8207896896970754,0.6666666666666666,589.5370065789474,0.9226743592813436,0.43852535230366557,0.5399548778551188
pituitary,sagittal,1849.0,351.6822868876584,0.7191754181252431,0.7197469733085251,0.6666666666666666,713.5701291079812,0.8024415772785526,0.37911309118055037,0.5081862291176565
pituitary,sagittal,3602.0,664.1036431249679,0.7655685441020191,0.5708344175408431,0.9,653.6603375527426,0.8740715383156286,0.2925856448589793,0.45895193195281736
pituitary,sagittal,5519.0,769.4356415871823,0.7370459401709402,0.8219159455289039,1.4,736.5942585895118,0.8944004481009485,0.3151367401070607,0.4682243750268205
pituitary,sagittal,6054.0,765.8792924010783,0.7900300143546913,0.8183011858956782,1.5,686.7505274261603,0.8924272800959798,0.30153847070262596,0.4500852654741188
pituitary,sagittal,6801.0,655.1391770309007,0.8432734035957843,0.8187208555767832,1.5,514.1631856540083,0.902214496868558,0.233901341855653,0.41880796962937566
pituitary,sagittal,7230.0,737.8437584951456,0.7961678229269904,0.8161927644817274,1.4545454545454546,505.4366918103449,0.9117555296966497,0.2973079718728146,0.4443005113949277
pituitary,sagittal,6812.0,619.4406922210657,0.8073959938366718,0.8036497940858328,1.3636363636363635,375.03668582375474,0.931478703763346,0.2932371417726837,0.4392097854661574
pituitary,sagittal,6576.0,820.8326112068523,0.7944907575208409,0.8194772599952027,1.5058823529411764,492.89313936781605,0.9175501301865887,0.3515157338226706,0.4644143956343668
pituitary,sagittal,4612.0,776.0924958366746,0.7152605459057072,0.804203200512271,1.2093023255813953,622.0697391688774,0.904058028919411,0.42808943395859617,0.5140043913849514
pituitary,sagittal,2680.0,561.6061684419096,0.6810673443456162,0.768270018962569,1.25,690.3894841269841,0.8871279151782392,0.3854153515738222,0.4846126503663657
pituitary,sagittal,3964.0,498.8010819142763,0.8103025347506132,0.6447041877425608,1.1111111111111112,459.6197183098591,0.9160061765203031,0.23884207979237596,0.39285586126648797
pituitary,sagittal,1153.0,215.85891039679558,0.7482154445165476,0.5319877960227701,1.2,744.7430555555558,0.7846704952860767,0.3122910489246204,0.44181551075021935
pituitary,sagittal,2539.0,506.28636328851496,0.6770666666666667,0.698944898920151,0.8888888888888888,527.2640845070423,0.8900273205540558,0.362812773355923,0.45452051978154684
pituitary,sagittal,2632.0,406.5401512639275,0.80440097799511,0.6316689687505365,1.0,798.8067956349206,0.7965863277303696,0.2738441741971176,0.42498033156335197
pituitary,sagittal,2648.0,398.7117241391813,0.7788235294117647,0.6201576367819472,0.8888888888888888,632.6663732394366,0.8467417461210757,0.34866455112591804,0.4828625029606379
pituitary,sagittal,3034.0,636.1391770309007,0.6911161731207289,0.5957973014724129,0.7272727272727273,403.7246767241379,0.8953686866537884,0.3688422391569836,0.48671746590662684
pituitary,sagittal,2326.0,374.4457428549491,0.7727574750830565,0.8190276319764884,0.6153846153846154,338.9211497890296,0.9149688333859888,0.28025771825565576,0.4094199211070665
pituitary,sagittal,2495.0,472.6589462905454,0.7784711388455539,0.5879687209141559,0.8235294117647058,511.07997987927564,0.8831091726851586,0.26904234016885414,0.41511026128640494
pituitary,sagittal,2637.0,339.6345596729059,0.7959553274977362,0.41221450352997263,0.984375,472.21875,0.8635225839692688,0.2614230836244927,0.4539657945220144
pituitary,sagittal,2933.0,390.8183258569795,0.7856951513527993,0.5300829133209549,1.125,419.41402116402116,0.8715735308682626,0.2771555978223978,0.4638736849144224
pituitary,sagittal,2976.0,402.3036072312181,0.7423297580444,0.5256351989724691,1.0,395.70070422535207,0.8945320049862496,0.3568295502727661,0.5028301174117622
pituitary,sagittal,2858.0,416.30360723121805,0.8068887634105025,0.5728309243286543,1.2857142857142858,456.5356060606062,0.8621493703066279,0.20552135011855988,0.3810701046970935
pituitary,sagittal,2376.0,349.3980156401965,0.8313505948215535,0.4367655086441551,1.0,432.41201298701293,0.8541153316728438,0.16019873362594048,0.34522055809599855
pituitary,sagittal,1873.0,381.41020894901624,0.7420760697305864,0.4253563162927624,1.0,497.5795454545456,0.8764305266109801,0.30106682608057933,0.448724959741289
pituitary,sagittal,477.0,154.61017305526644,0.6824034334763949,0.7307825002899593,0.75,2803.190860215054,0.6475170530449734,0.2510204344809349,0.3218397103457725
pituitary,sagittal,782.0,210.89444430272832,0.7161172161172161,0.6464935366600243,0.8,2389.13141025641,0.7990479421397283,0.2610901055730366,0.3492931091886903
pituitary,sagittal,890.0,194.2020561473032,0.7331136738056013,0.539674891354038,1.0,1305.4307692307696,0.862910302725281,0.3246423080948142,0.4155059447205211
pituitary,sagittal,934.0,318.7766952966369,0.565717746820109,0.8824880945761238,1.1666666666666667,1445.3252279635262,0.8233745773235256,0.5500184034896879,0.5886416556105518
pituitary,sagittal,821.0,202.75840533340724,0.7409747292418772,0.6755894209614671,0.7441860465116279,1132.8843085106384,0.7905714942732291,0.3149799739622884,0.39796437740720386
pituitary,sagittal,1096.0,277.2497833620557,0.6807453416149069,0.6694032936636218,0.7407407407407407,667.0604545454546,0.8860442843625937,0.4043561865729703,0.4943171954404775
pituitary,sagittal,1097.0,255.14318164425748,0.7198162729658792,0.6615206144819485,0.7692307692307693,784.744090909091,0.8788653211455949,0.3878877691905267,0.46195064964304117
pituitary,sagittal,807.0,194.09545442950503,0.743778801843318,0.8601884319172599,0.5625,933.4674202127662,0.8860485264502567,0.3458475961805126,0.42054511194250943
pituitary,sagittal,729.0,177.85891039679558,0.6857949200376293,0.6642945274249873,0.8,649.7788461538463,0.8937686456568449,0.3080879992767059,0.38640540861655265
pituitary,sagittal,1104.0,273.3563850798539,0.6517119244391971,0.7531589549857299,0.9411764705882353,389.19659090909084,0.9347648308617839,0.4912296845279532,0.5418687015033447
pituitary,sagittal,1054.0,261.21424945612296,0.6645649432534678,0.7553762759498546,0.8333333333333334,434.88351063829776,0.9305503882654422,0.34647304621272335,0.40030108020544397
pituitary,sagittal,1053.0,261.69953083036154,0.7015323117921386,0.7830681364896304,1.2,414.0886752136752,0.8745379986510817,0.3455222190551052,0.4290500347065116
pituitary,sagittal,1238.0,320.3269478283311,0.6947250280583613,0.7781991859316472,0.8571428571428571,419.5136363636364,0.8813487334983139,0.41985052504890175,0.4874214979197078
pituitary,sagittal,1159.0,264.350288425444,0.7003021148036254,0.6579903437017169,0.7142857142857143,371.9395454545455,0.8986789468911214,0.3725648204736264,0.4595724500490919
pituitary,sagittal,1214.0,381.50461735799473,0.5748106060606061,0.8716411922601012,0.796875,355.4498299319728,0.9241976092743536,0.5611539457828787,0.6104902364620344
pituitary,sagittal,1419.0,354.469083452062,0.6966126656848306,0.7862222323319749,1.1666666666666667,802.0467325227964,0.8668155478222609,0.3826225532379405,0.4438984103695637
pituitary,sagittal,1861.0,413.06706319850866,0.6990984222389182,0.6943058881495406,1.1851851851851851,503.62443181818196,0.9035874204240663,0.37999317589498405,0.44578273140384345
pituitary,sagittal,1862.0,341.26197667087547,0.7665706051873199,0.6191699953986127,1.0,431.92240259740265,0.9181765493690066,0.3216862406803816,0.41755066462440277
pituitary,sagittal,1640.0,263.8061325481597,0.7649253731343284,0.43980801424224253,1.1666666666666667,417.76025835866255,0.9103404672853631,0.2971289806429586,0.3943893064596745
pituitary,sagittal,1497.0,319.3624817342638,0.7696658097686375,0.6339114869611168,1.0,829.818705673759,0.8731009387325284,0.23159199039222478,0.31389903469365404
pituitary,sagittal,1195.0,294.3563850798539,0.7181490384615384,0.8624389585905273,0.625,993.0177272727274,0.840442275283856,0.34158055086212497,0.4166337900281694
pituitary,sagittal,579.0,205.7228714274745,0.5896130346232179,0.764689425150404,0.8,649.9342948717949,0.9027458176314664,0.4017556610082831,0.4522837394250164
pituitary,sagittal,1738.0,364.29751057680824,0.7520553872782345,0.7894139443893425,1.1666666666666667,333.6519756838905,0.9040184517966797,0.2368237623339377,0.3166586734378235
pituitary,sagittal,1321.0,299.8061325481597,0.722252597047567,0.6557363188719548,1.0,235.48758865248232,0.9353635291516569,0.3272178912728426,0.4296037787280047
pituitary,sagittal,1566.0,421.62341238461266,0.5506329113924051,0.7875519810040413,1.203125,544.015277777778,0.9173370805996676,0.6278700166017992,0.6622574596729784
pituitary,sagittal,2295.0,406.13203435596427,0.7365211810012837,0.8232937266834907,1.046875,569.4290123456791,0.8928958336422522,0.4264039169876487,0.5305858794359944
pituitary,sagittal,3061.0,424.2447327281724,0.7765093860984272,0.8070012778489699,1.25,519.1521825396826,0.8939800029624712,0.31466233496656587,0.44764661601476763
pituitary,sagittal,3477.0,475.00209204105306,0.758177060619276,0.8138235873936028,1.1111111111111112,335.77904929577466,0.922294163957686,0.332946717640141,0.4874795761432351
pituitary,sagittal,3706.0,553.9198769408944,0.6925808260138292,0.6892466622743393,1.4444444444444444,324.5371072589383,0.921867507739921,0.43612383720121817,0.5586908239482455
pituitary,sagittal,2820.0,552.6417023478423,0.7214121258633922,0.7641876602702279,0.8,290.88271360759495,0.9249579523458865,0.3743718252563296,0.48193985757959906
pituitary,sagittal,2043.0,447.83661582020915,0.7054558011049724,0.8181836331175322,0.6666666666666666,1062.7426643192487,0.6997656733848007,0.30208322645112756,0.4217358642569741
pituitary,sagittal,1528.0,270.1787155501902,0.7647647647647647,0.6458513493627541,0.8035714285714286,410.0734848484849,0.871609036891892,0.34986274446968557,0.5141660323767047
pituitary,sagittal,4318.0,586.7544007200504,0.8005190952910641,0.7785504017591443,1.5,259.5040266106443,0.9099164261708294,0.582130876748971,0.7043302351782035
pituitary,sagittal,4449.0,504.2508293825822,0.8182821408865183,0.7067198097919082,1.2222222222222223,363.3615556978232,0.8521710323846918,0.23260932182794847,0.459769369006178
pituitary,sagittal,4508.0,542.4701294725885,0.7925457102672293,0.6435967219964908,1.1,369.568757192175,0.8651088117992866,0.2966017880195428,0.5051562160218102
pituitary,sagittal,4571.0,501.1147904132611,0.821678950206723,0.7531825243085706,1.3333333333333333,462.6093016431924,0.8682840664557716,0.2729047160518567,0.4693901114060701
pituitary,sagittal,3653.0,378.71782079359116,0.8049801674746584,0.7143474842921567,1.125,475.36182612918907,0.8790300205601034,0.35039158906351103,0.5425462748092494
pituitary,sagittal,2358.0,347.01933598375615,0.8020408163265306,0.4115081897976936,0.875,730.2576530612245,0.8050438591527493,0.24388172493848062,0.4173410052629329
pituitary,sagittal,2500.0,535.4995667241113,0.694058856191005,0.8314817902726211,1.0,655.110524256651,0.8945981401704101,0.406991571839389,0.5056666825593006
pituitary,sagittal,1156.0,230.00104602052653,0.7560497056899934,0.41522239186063487,1.075,1667.9642094017097,0.7654701363893295,0.2712565600249396,0.4047904156123329
pituitary,sagittal,2278.0,438.49347006970146,0.703955500618047,0.8173935918162946,1.4285714285714286,984.9870454545456,0.8583544739025593,0.39633359717280325,0.5147032270558235
pituitary,sagittal,2368.0,506.4284989122459,0.6806553607358437,0.8221694008953325,1.4285714285714286,1168.8790909090908,0.8322733228925898,0.3797629004223426,0.5008304301476095
pituitary,sagittal,4073.0,789.16356364854,0.6371030814953855,0.876647228826906,1.3,545.1532375851996,0.9099415832194316,0.43867593520187736,0.5527300139119542
pituitary,sagittal,2905.0,370.57568516986015,0.8007166482910695,0.7671525305666302,1.4464285714285714,522.3452300785633,0.8731089677811416,0.28265698587602417,0.4837821737762109
pituitary,sagittal,2747.0,452.93712088359746,0.7653942602396211,0.8267274758849189,1.8333333333333333,530.4320599613151,0.871093151896996,0.2674343007148991,0.47055270926128206
pituitary,sagittal,1944.0,343.747258045114,0.7807228915662651,0.42236677969337844,0.8571428571428571,638.741287878788,0.854311648976947,0.17888796473105686,0.3827002988756761
pituitary,sagittal,1987.0,398.4751801064719,0.7345656192236599,0.7002810668147014,0.6666666666666666,881.443368544601,0.8325155158900872,0.32667637138144356,0.45861327512146904
pituitary,sagittal,1379.0,379.54015126392744,0.64924670433145,0.8176293500611714,0.625,738.3805555555556,0.8806339163948169,0.35248751606204703,0.46388527419940573
pituitary,sagittal,1584.0,345.94826817189073,0.7670702179176755,0.827936085113712,1.6,502.95873397435884,0.8855409898744914,0.25413118497689596,0.3554714593346448
pituitary,sagittal,1602.0,331.01933598375615,0.7113676731793961,0.7794661959794539,1.6,446.1418269230768,0.8976671347393376,0.2600627834672152,0.37817398519873435
pituitary,sagittal,1304.0,310.5990257669732,0.7114020731042008,0.8212655637187811,1.4,710.5434981684981,0.8742008326907668,0.3048914251755767,0.3958480897065365
pituitary,sagittal,2210.0,355.08430714121175,0.75840768702814,0.6658495055093119,1.1428571428571428,573.3289772727271,0.9030554887456712,0.30753264090096966,0.43049233986319163
pituitary,sagittal,2382.0,407.13203435596427,0.7681393099000322,0.6304340222748074,1.1428571428571428,852.0644886363634,0.8720985496443339,0.22966962283551806,0.3703381574481315
pituitary,sagittal,2724.0,406.06096654409873,0.7615320100642997,0.6458932680959328,1.125,415.7539682539682,0.9402889483408136,0.33688667550848395,0.4652744741499192
pituitary,sagittal,2425.0,352.9249275747777,0.8189800742992233,0.6821411597143165,1.3958333333333333,1104.5404846335698,0.8341398906919697,0.20777110898136053,0.363984983884455
pituitary,sagittal,1757.0,398.43964620053913,0.6796905222437137,0.7260955569771514,1.3333333333333333,1821.8234707446813,0.7732744755419216,0.30512994241100566,0.42000825537534836
pituitary,sagittal,2955.0,518.3635277547903,0.7181044957472661,0.8769569366568629,1.8571428571428572,656.2527972027973,0.8620978565694042,0.4237207578694022,0.49282238947644375
pituitary,sagittal,4580.0,658.3168465605644,0.7462929770246048,0.8515725865809506,1.5555555555555556,483.923541247485,0.8912755933336441,0.3655861463091632,0.443717741759073
pituitary,sagittal,4379.0,513.5290039756342,0.7589254766031196,0.8592331246080683,1.4444444444444444,532.7864301191767,0.8711672118209722,0.3505526974999295,0.4326305814404936
pituitary,sagittal,4209.0,540.120887067671,0.7609835472789731,0.8555474665608863,1.625,519.6903235653236,0.8688542003929696,0.2919503348340662,0.3777672090448745
pituitary,sagittal,3142.0,528.4284989122459,0.7209729233593392,0.6097265200837008,1.1111111111111112,886.2739436619717,0.859053949398801,0.35926546559182576,0.4167093237499862
pituitary,sagittal,2548.0,433.00209204105306,0.7483113069016153,0.6522947885258408,1.0,324.1153273809524,0.9027138054140655,0.2953432749021372,0.43599073381279835
pituitary,sagittal,3295.0,502.9493141924172,0.7181778552746295,0.7349756953839192,1.0,322.45,0.911893105455129,0.41760365557659723,0.5601453957130783
pituitary,sagittal,3184.0,470.4224022578361,0.7608124253285543,0.8286738663239512,1.1111111111111112,366.9420774647888,0.912626269207899,0.3675099413049189,0.5107145499405875
pituitary,sagittal,4819.0,554.4345955666557,0.803300550091682,0.7169639817138885,1.3333333333333333,278.3255575117371,0.9257603336802879,0.23767182243519244,0.4345837618399435
pituitary,sagittal,3770.0,550.1919548795365,0.7030958597538232,0.8068729087576433,1.5,341.5219907407407,0.9290101479672164,0.31727011497892227,0.4565575800189946
pituitary,sagittal,2678.0,479.0142853498728,0.7516138085882683,0.5967836249172769,1.2857142857142858,590.5381313131313,0.8825880301343048,0.2470730222188086,0.37410945520479455
pituitary,sagittal,3055.0,423.13813101037414,0.7493254844248222,0.7152482373848675,1.359375,459.7759740259741,0.8843740282835276,0.389460674497364,0.5170632069165308
pituitary,sagittal,2826.0,392.2741699796952,0.7808786957723128,0.6862239272666465,1.125,500.9887566137566,0.857197285300264,0.2972143535039048,0.45151181501394144
pituitary,sagittal,2458.0,462.5939751330899,0.7614622057001239,0.6080320433569684,1.2321428571428572,453.8843434343434,0.8690992833672749,0.2982790399524096,0.44113786506877484
pituitary,sagittal,2354.0,414.3452377915607,0.7823197075440346,0.7020949097696623,1.5,551.4210992907801,0.8278624743948955,0.2253887539319233,0.3910964243343179
pituitary,sagittal,4301.0,478.04372260139564,0.8130434782608695,0.5724213892582383,1.1710526315789473,331.7085970464135,0.9467846153213652,0.37889043903052005,0.5447306496995814
pituitary,sagittal,4877.0,494.422402257836,0.8247928293590394,0.6243263682415618,1.1375,440.64108649789034,0.9188535762187302,0.3028402866786557,0.519227730168153
pituitary,sagittal,5551.0,484.38686835190333,0.853868635594524,0.6209148061206647,1.2,422.1458333333332,0.918304346723747,0.2067734852249165,0.4184967865994948
pituitary,sagittal,5887.0,622.547293938864,0.8261296660117878,0.6520230347406103,1.3,461.49014118792604,0.9236602861297476,0.23468886291938298,0.43474332629405843
pituitary,sagittal,5288.0,510.5939751330898,0.8181958842642736,0.7035155198971964,1.2875,393.73405550146055,0.9295967955132725,0.30827676569860024,0.502340755960086
pituitary,sagittal,3984.0,534.4934700697015,0.768074031231926,0.7872215170643697,1.375,614.0097402597404,0.8742614727043289,0.2133515498509633,0.4257122352486361
pituitary,sagittal,2199.0,374.71782079359116,0.7881720430107527,0.6747466164526837,1.1428571428571428,583.6238636363636,0.8587802780285727,0.30464514830681305,0.41468829875081625
pituitary,sagittal,2775.0,501.56453788156693,0.7306477093206951,0.6476225497134981,1.125,565.9041005291007,0.8254601929526685,0.30104113989816794,0.42431140707504816
pituitary,sagittal,3953.0,467.07315985291854,0.81893515641185,0.7833789775912204,1.5,464.9561838624339,0.8619157536460819,0.27880962982634666,0.40462210381623337
pituitary,sagittal,2242.0,363.469083452062,0.7866666666666666,0.3086780999678881,0.875,437.2996031746032,0.8622438170532231,0.2770624553358037,0.39038672933414403
pituitary,sagittal,793.0,185.30256121069152,0.7235401459854015,0.5451354564639693,0.8,1076.8613782051282,0.7774854746236495,0.25060024096004135,0.33123277352078606
pituitary,sagittal,1455.0,301.91273426595797,0.7059679767103348,0.6538508174489829,1.1666666666666667,709.0528115501521,0.79481039920959,0.3441269897656012,0.42651261959406744
pituitary,sagittal,1619.0,278.770598642227,0.7195555555555555,0.6696281120400663,1.3333333333333333,832.4843749999999,0.8152156070873521,0.3864461429163384,0.4617844615776477
pituitary,sagittal,1357.0,289.84166645409243,0.7149631190727082,0.4803140183216109,0.9056603773584906,852.6253787878787,0.7984059634275387,0.3887498726670179,0.461703852465366
pituitary,sagittal,1438.0,322.56958851545033,0.6786219915054271,0.7388989139848522,0.75,649.5376984126983,0.8459026623201291,0.4220527728660248,0.4918783995155515
pituitary,sagittal,272.0,129.53910524340094,0.5690376569037657,0.5288989776815127,1.0,2564.855072463768,0.579947267989117,0.2941651917722584,0.31549465130630994
pituitary,sagittal,349.0,112.60407640085656,0.7210743801652892,0.4732574534371847,1.0,1022.4583333333334,0.7998096861174382,0.18549167733580008,0.23605839885182622
pituitary,sagittal,365.0,135.1604255869606,0.6886792452830188,0.5272650229590319,1.0,1832.2699275362318,0.6389813749839943,0.16748675834137375,0.2130841952187121
pituitary,sagittal,364.0,171.75230867899737,0.5986842105263158,0.5799678178568536,0.8275862068965517,1447.033602150538,0.716028135412313,0.2793678834894154,0.3054556985025024
pituitary,sagittal,271.0,157.4386001800126,0.5564681724845996,0.7067606271147381,1.0,1160.0,0.7373758754300579,0.3017378600538488,0.3322879473140912
pituitary,sagittal,1314.0,238.072113832392,0.7929993964996982,0.5311496697573606,0.8333333333333334,886.3547872340425,0.7114822583500688,0.19894257015533165,0.4538250300540889
pituitary,sagittal,4193.0,649.7249634685274,0.7549513863881887,0.7596873236555044,1.3333333333333333,503.206279342723,0.8691982392124478,0.3180150525052669,0.498354388753663
pituitary,sagittal,4356.0,514.6711395993652,0.7902757619738752,0.7585671780097065,1.3333333333333333,390.9100645539906,0.8944867251050751,0.2930382912324714,0.49145677515517805
pituitary,sagittal,4178.0,477.76554800834367,0.8065637065637066,0.7767381777445828,1.5,475.8872354497354,0.840644273152693,0.2559200150776135,0.4846717677802719
pituitary,sagittal,3904.0,537.4284989122459,0.7473200612557427,0.7944108678161651,1.3333333333333333,463.787411971831,0.8806931462922274,0.3633590233506881,0.5402876728521037
pituitary,sagittal,3211.0,597.7127701597078,0.7029334500875657,0.766540179797484,1.1111111111111112,503.0338028169014,0.9022690615542651,0.3522719490128292,0.46474558470134963
pituitary,sagittal,1473.0,319.8772003600252,0.6537949400798935,0.6493458458868565,1.0,403.81136363636364,0.8844853813140254,0.4268563182276465,0.5091985563527095
pituitary,sagittal,1105.0,239.7228714274745,0.7466216216216216,0.6926328353799043,0.7291666666666666,628.8909574468084,0.673625361060709,0.31346783129770756,0.4852903757411407
pituitary,sagittal,1434.0,299.19090885901,0.7099009900990099,0.37729500852880254,1.0,846.9716312056738,0.7769539595981011,0.2672008463951226,0.38416011486863555
pituitary,sagittal,2533.0,442.2741699796952,0.7636418450406994,0.7769482574401235,1.0,137.26215277777777,0.9561115591092652,0.28934934215653857,0.42334764358780397
pituitary,sagittal,2456.0,367.4751801064719,0.8205813564984965,0.7197225094577492,1.1428571428571428,203.1434659090909,0.9236905076857644,0.22961813585501703,0.36062019578572535
pituitary,sagittal,3269.0,576.2630226914019,0.7460063897763578,0.7811959501569559,1.7142857142857142,301.9647727272727,0.8980566323473699,0.29538226947165885,0.40041646768318545
pituitary,sagittal,1803.0,305.8416664540925,0.7353181076672104,0.5301156581806284,0.8888888888888888,658.7171201814059,0.9021147396307648,0.40814545107887445,0.5254952178157254
pituitary,sagittal,1859.0,408.6883835420683,0.6847145488029466,0.6981007059930053,1.3584905660377358,834.805808080808,0.8923864133635628,0.43164030685820154,0.5093779608756622
pituitary,sagittal,1374.0,267.8355697996826,0.7379162191192267,0.25760037516365825,1.0,870.1391843971631,0.8397376760165394,0.2770315601836002,0.3690702760131323
pituitary,sagittal,738.0,197.89444430272832,0.7137330754352031,0.8753532612454149,0.5,808.3306737588655,0.8737697492761495,0.19682448341035985,0.2968837122653596
pituitary,sagittal,919.0,185.99494936611663,0.8047285464098074,0.8736240467595351,0.5,508.9583333333333,0.8858790424672539,0.09679779381099404,0.2211447163341338
pituitary,sagittal,761.0,180.64570696119915,0.7059369202226345,0.774915618879609,0.6304347826086957,1033.7699468085107,0.83556276669016,0.40171516559626125,0.5040694147378768
pituitary,sagittal,661.0,170.33809511662426,0.783175355450237,0.8388830407258695,0.6,1161.604700854701,0.7476550978106559,0.17166479693187384,0.27879927560279283
pituitary,sagittal,761.0,254.9005409571382,0.6112449799196787,0.744001576446764,1.0,1618.8429487179492,0.8109861598015092,0.40258043409629324,0.47878320013582304
pituitary,sagittal,905.0,259.97160876900364,0.6492109038737446,0.8238268099349355,0.8333333333333334,1459.049468085106,0.8236086775693856,0.3996334332129914,0.47812673600382904
pituitary,sagittal,2398.0,407.9959953866432,0.7654005745292052,0.701806469607968,1.1428571428571428,686.0690340909092,0.8368907479582567,0.24177062729287635,0.38121602228234874
pituitary,sagittal,1821.0,385.0254326381661,0.7384428223844283,0.6142221846000271,1.1666666666666667,719.4095744680851,0.8001067017462544,0.2150841873064399,0.35579745697963355
pituitary,sagittal,2091.0,370.85385976291224,0.7225293711126468,0.7294108341175622,1.2857142857142858,736.469696969697,0.8205495108793242,0.397285308391396,0.4987566411957297
pituitary,sagittal,2174.0,329.60512242138304,0.7817331895001798,0.646108696685671,1.1428571428571428,579.0073863636364,0.8479102709768412,0.3114760471228914,0.4164682755147665
pituitary,sagittal,2380.0,428.58787847867995,0.759170653907496,0.6055030125365539,1.1428571428571428,575.8491477272727,0.8557107273544723,0.23288923003417114,0.3340632800794974
pituitary,sagittal,2226.0,352.8183258569795,0.776692254012561,0.6412483336246888,1.1428571428571428,595.6718749999999,0.8349220370210375,0.2758309870310227,0.38568930608940544
pituitary,sagittal,2465.0,394.6822868876584,0.7771122320302648,0.7747679736340667,1.5,920.833924349882,0.8633386131286884,0.18358057620481943,0.30472279914146105
pituitary,sagittal,2269.0,355.33304448274095,0.7598794373744139,0.7106188369583607,1.5,669.0975177304965,0.8280488759948383,0.25477912131672126,0.4246974019155095
pituitary,sagittal,2459.0,426.2031021678297,0.7346877801015835,0.6007011889175323,1.109375,421.871913580247,0.8867415371432156,0.3728179680848793,0.5146033091600427
pituitary,sagittal,2160.0,395.72391744800103,0.7258064516129032,0.7811109977977297,1.5,395.656914893617,0.918198304243369,0.2753815272035957,0.40215586722321844
pituitary,sagittal,2537.0,396.23863607376245,0.8134017313241424,0.5264678811036622,1.125,350.36875000000003,0.9223257071837895,0.19483210548703825,0.36215804227535736
pituitary,sagittal,3199.0,381.1614716074871,0.8232115285640762,0.5486988970627853,1.125,241.31679894179894,0.9463410459013413,0.24445623058082072,0.42614314029550926
pituitary,sagittal,3611.0,510.25692603699207,0.7978347326557667,0.5311043296973476,1.1111111111111112,355.2646126760563,0.9336092093676721,0.2915082290173033,0.4442830840842201
pituitary,sagittal,3282.0,409.6173157302028,0.8125773706362961,0.6009183820810179,1.25,335.6150793650794,0.9313421980164438,0.29478815694782323,0.4778264534808774
pituitary,sagittal,3185.0,533.1625176280136,0.7401812688821753,0.7259886398501687,1.28125,353.07124819624823,0.9264136652973701,0.343530154384299,0.4699685910695253
pituitary,sagittal,1564.0,335.19090885900994,0.7016599371915657,0.4063263312794241,1.1666666666666667,698.2579787234042,0.8715253909283971,0.30604309703296007,0.4264430720619242
pituitary,sagittal,1708.0,268.07821048680194,0.7732005432322318,0.5655762330859792,1.1666666666666667,673.1534954407294,0.8592161300719802,0.2654398186804655,0.42504822125791286
pituitary,sagittal,2017.0,395.167568261897,0.7242369838420107,0.5145373368063323,1.1428571428571428,495.7840909090909,0.8865703856476245,0.3299077774067955,0.4530627495556527
pituitary,sagittal,1763.0,311.048773235279,0.7916479568926807,0.5956395407061583,1.1666666666666667,672.6310790273558,0.8707936777839373,0.24233376423348701,0.34472489641845316
pituitary,sagittal,1707.0,334.9838020778234,0.7383217993079585,0.6310189557129945,1.3125,690.2759308510641,0.9232607206440607,0.3602554743967714,0.4928377047691648
pituitary,sagittal,2019.0,334.3624817342638,0.789906103286385,0.8359158643960579,1.1228070175438596,573.2137896825396,0.92663544464029,0.42498842403146947,0.5072851517935013
pituitary,sagittal,1529.0,276.770598642227,0.7361579200770342,0.46133179364519367,0.8571428571428571,527.1893939393941,0.9378495987451578,0.34469010149667606,0.4608454362450429
pituitary,sagittal,1668.0,388.889393668845,0.7180370210934137,0.458799125467458,1.037037037037037,624.9029220779221,0.9190015704337648,0.3648329396781187,0.4935041098749191
pituitary,sagittal,1662.0,366.7533546995239,0.7283085013146363,0.4179683287944651,1.1666666666666667,691.0357142857143,0.9088886226834528,0.27278193250404287,0.42405653330000315
pituitary,sagittal,1672.0,398.5523445727472,0.6926263463131731,0.4645488644026661,1.0,672.5915584415585,0.9128490867169935,0.36481545851585984,0.4950391139903984
pituitary,sagittal,1970.0,367.0965004500315,0.7386576677915261,0.558177723090472,1.0,466.18246753246757,0.927746496738247,0.272550479958273,0.43020938481846377
pituitary,sagittal,1384.0,286.8355697996826,0.7886039886039886,0.6633065827732608,0.8163265306122449,504.19,0.9203834086301742,0.271154937259125,0.4042599768245484
pituitary,sagittal,574.0,159.92388155425118,0.7454545454545455,0.8103815088614205,0.6,481.6709401709401,0.9247699001764583,0.2623575764448902,0.33329079636118486
pituitary,sagittal,831.0,209.7228714274745,0.6805896805896806,0.42037533521840426,1.0,275.95192307692315,0.9272481726788926,0.36134291856832357,0.4454136527677212
pituitary,sagittal,1004.0,246.10764773832474,0.700139470013947,0.638844151640033,0.7708333333333334,348.7803191489362,0.9062544788399954,0.35892630111670304,0.44519528231822086
pituitary,sagittal,2353.0,487.87214972614186,0.621336149986797,0.7612722517484857,1.125,548.49360670194,0.900083524212115,0.38892228742552865,0.4686219260841501
pituitary,sagittal,1952.0,286.56349186104046,0.8184486373165618,0.3546900223061921,0.8596491228070176,461.3789321789322,0.8914942282973273,0.3659707703589394,0.48585032621431135
pituitary,sagittal,2049.0,302.97770542341357,0.8079652996845426,0.5067794438929895,1.037037037037037,482.1448051948052,0.9107795283107392,0.25969764260767253,0.38847167490801376
pituitary,sagittal,3736.0,481.21529547664943,0.8119973918713324,0.5038482460513098,0.9,352.5919479606189,0.9287895253408988,0.27864120890478905,0.447082643687516
pituitary,sagittal,3744.0,403.5107140124046,0.8405927256398743,0.5327033438371992,1.0,336.0659233176839,0.9281209283620393,0.20072352884684844,0.37018477339108624
pituitary,sagittal,3932.0,499.94321753800733,0.801630988786952,0.6049731780975255,1.2222222222222223,1053.5385723431496,0.8002314716793368,0.30383281677685803,0.492734097117701
pituitary,sagittal,6189.0,571.1919548795365,0.8463011076165732,0.5908993282168068,1.0,598.7526315789473,0.8720012294998561,0.2695546895126726,0.46387134401043123
pituitary,sagittal,3783.0,512.7716446627535,0.7991128010139417,0.7836201741020171,1.5,475.1658399470899,0.8460013547550419,0.30292995309333737,0.4831150374780046
pituitary,sagittal,4905.0,521.1858582251266,0.83276740237691,0.7454334643905035,1.3333333333333333,234.55516431924886,0.9255065467840072,0.2170252936785876,0.4381539830966196
pituitary,sagittal,5427.0,535.0559159102154,0.818552036199095,0.732280728520259,1.3333333333333333,163.0247078870496,0.9508022602228408,0.287465115906757,0.481361432553226
pituitary,sagittal,5613.0,562.4640328181787,0.8536882129277567,0.7253433328295252,1.4444444444444444,200.48496749729145,0.9432058544142896,0.1864358712833949,0.3738192642210407
pituitary,sagittal,5300.0,527.5351006300441,0.8685676827269747,0.7048338723987082,1.3333333333333333,232.2576291079812,0.9325601204520375,0.16459806288856696,0.37394795750337556
pituitary,sagittal,1542.0,336.64065632731575,0.6681109185441941,0.4777696302523385,1.0,672.3399350649352,0.906354795962369,0.42178517570071605,0.4837879664440755
pituitary,sagittal,1651.0,302.56349186104046,0.745372460496614,0.7731633095755653,0.8571428571428571,543.1287878787879,0.887628024610598,0.28737183732573834,0.39684913860306503
pituitary,sagittal,1455.0,246.82947314527274,0.7649842271293376,0.7279413170825817,0.7142857142857143,209.2954545454545,0.9325110241125812,0.2519629547741341,0.4100470437403345
pituitary,sagittal,1429.0,281.9421715174808,0.7063766683143846,0.6577163621370851,0.8571428571428571,122.3280303030303,0.9547724440106036,0.3864812469538666,0.5065111782728913
pituitary,sagittal,5072.0,544.1858582251266,0.8329775004105765,0.736241194060116,1.3333333333333333,252.55736502347418,0.9159865099759271,0.19002409492369188,0.41634156830824426
pituitary,sagittal,5779.0,569.7544007200504,0.8448830409356726,0.7224724499305019,1.3,130.05124148003895,0.9584386497802518,0.24546451711551254,0.4402267392947267
pituitary,sagittal,5646.0,574.5056633785213,0.8151891423621138,0.7282928473229479,1.3,191.99525316455697,0.9507277462442675,0.26133971362187786,0.43303182554458497
pituitary,sagittal,4964.0,606.7899346259832,0.8103166829905322,0.7215137383261181,1.3333333333333333,281.67297535211264,0.9213451185280096,0.21047125317293747,0.41366080589149734
pituitary,sagittal,3693.0,550.7422074112307,0.7436568666935159,0.7918588126563246,1.375,387.41540404040404,0.9158819749901536,0.25541549088090226,0.40687668748483996
pituitary,sagittal,1978.0,527.6417023478423,0.5574971815107103,0.6807474627344314,1.0746268656716418,416.84272300469485,0.9147168218890656,0.5194165912794351,0.5840954064206296
pituitary,sagittal,3162.0,368.36857838867365,0.802130898021309,0.7888265336790016,1.5714285714285714,663.5859504132231,0.8223769475227005,0.28580919128950066,0.4469122167181301
pituitary,sagittal,2918.0,391.5462479183374,0.7886486486486487,0.6861626651724498,1.125,443.4777336860671,0.8695065761301736,0.2906332381268636,0.4473594440612605
pituitary,sagittal,2322.0,356.0609665440988,0.7512131996117761,0.6660896992534704,1.2857142857142858,444.99393939393946,0.8709125106871208,0.33117524346406274,0.4735662003643726
pituitary,sagittal,1975.0,399.65284963613556,0.7226491035492133,0.6921252554903622,0.875,1065.407596371882,0.8539014275077963,0.35402312779463635,0.48680314404001024
pituitary,sagittal,4232.0,420.9310242291875,0.8559870550161812,0.583259652944651,1.1111111111111112,424.4172535211268,0.9180897272302149,0.20479605482675844,0.4269897149993612
pituitary,sagittal,5157.0,561.9493141924172,0.8121259842519685,0.5609306399244093,1.2,423.9349947257384,0.9168532662454347,0.2702048411450654,0.4905855008370579
pituitary,sagittal,6175.0,606.7188668141177,0.8402503742005715,0.6116363614119171,1.1818181818181819,342.435676392573,0.9442868760713058,0.26781151405948295,0.45582894123547635
pituitary,sagittal,5251.0,486.9726547895302,0.8587080948487327,0.6667219458451836,1.3150684931506849,484.7588343881856,0.9060883378607613,0.2537385295564672,0.46307564961369724
pituitary,sagittal,3991.0,556.9198769408945,0.7791878172588832,0.7589852336708588,1.375,591.5963203463203,0.8773920709777201,0.20380834997545078,0.4163223845052072
pituitary,sagittal,3201.0,465.7300141024109,0.8342455043002346,0.8440267138652563,1.8333333333333333,680.6097678916828,0.7986565531005576,0.15116082389392388,0.28718488208948767
pituitary,sagittal,4024.0,667.7310601229375,0.7345746622855056,0.7812289155861343,1.3714285714285714,549.9642018779342,0.825148221340338,0.32875889210921444,0.44778371516582527
pituitary,sagittal,3814.0,508.41630560342617,0.7977410583559925,0.769163212118494,1.5,586.6387235449736,0.8243846038495679,0.2948123740383084,0.41719896279002655
pituitary,sagittal,1490.0,331.3269478283311,0.7201546640889318,0.5687064222411,1.1666666666666667,738.4646656534953,0.859711135346443,0.31931748968507856,0.41765768520749913
pituitary,sagittal,1706.0,272.7645019878171,0.7923827217835578,0.3920536662335981,0.9795918367346939,614.4643939393941,0.8357074115737648,0.2654945021903404,0.4117090262561637
pituitary,sagittal,1988.0,339.14927829866735,0.7599388379204893,0.2371068433189238,1.0,571.5298701298703,0.8210410133025243,0.27068772006607367,0.40688120556401647
pituitary,sagittal,718.0,196.27312395916866,0.7053045186640472,0.44619598483012934,1.0,2015.252016129032,0.5738420682724173,0.13281226089529805,0.21920152436971546
pituitary,sagittal,1136.0,235.14318164425748,0.8056737588652483,0.7770007610039678,1.5,1328.0974462365596,0.5764925673112736,0.13823027882418945,0.26172763889974904
pituitary,sagittal,1487.0,230.1370849898476,0.7536746071971617,0.6745689929402984,1.2173913043478262,819.1401975683891,0.8242196576926238,0.34866477053005346,0.4320493178058791
pituitary,sagittal,1424.0,398.5817818242701,0.6135286514433433,0.8418782622016556,1.1071428571428572,482.45397727272723,0.8967400035307669,0.5048372192080602,0.5512003933452648
pituitary,sagittal,292.0,102.94722215136414,0.6403508771929824,0.5275980850634632,1.0,1621.800724637681,0.7280935073350004,0.35806607389491996,0.3874821969379139
pituitary,sagittal,294.0,107.36143571373725,0.6758620689655173,0.45769866413633503,1.0,1252.2753623188405,0.7625097049983366,0.32962054842519956,0.3692424686912091
pituitary,sagittal,308.0,131.9177848998413,0.6511627906976745,0.5891021438699242,1.0,1411.4583333333333,0.7454784072032368,0.28320612252295774,0.3207919826229366
pituitary,sagittal,253.0,114.08935777509511,0.5911214953271028,0.5895619014240339,0.9583333333333334,792.1702898550726,0.8217104476007497,0.3876070801497707,0.4100400700988041
pituitary,sagittal,1316.0,227.86500705120545,0.7903903903903904,0.6743656604427292,0.8333333333333334,726.1813829787234,0.7637260309330619,0.21624973669182757,0.4765470479989702
pituitary,sagittal,4467.0,582.819371877506,0.773104880581516,0.7545671822543066,1.3333333333333333,373.89964788732397,0.8963699141925164,0.2792070146212973,0.48130538001569284
pituitary,sagittal,4323.0,507.28636328851496,0.8218631178707224,0.7525385033054643,1.5,350.52810846560845,0.8770327911588343,0.22742573222225484,0.45656365973554
pituitary,sagittal,3835.0,568.2924599429248,0.7389210019267822,0.7953332120251055,1.3333333333333333,495.46464201877933,0.8723972593876287,0.3643597996023391,0.5406450572618142
pituitary,sagittal,1086.0,247.86500705120542,0.6970474967907574,0.5892291651311122,0.8333333333333334,782.5813829787234,0.6911531082034982,0.3189369863586566,0.4498955882786291
pituitary,sagittal,1150.0,246.72896808188435,0.732017823042648,0.6812165581129519,0.8333333333333334,501.81276595744663,0.7609447187406307,0.2954472425154862,0.47082416323509857
pituitary,sagittal,1516.0,267.0071426749364,0.7542288557213931,0.532613138559938,1.1666666666666667,610.6857902735561,0.7156086459718769,0.3400277626882092,0.5145791246921969
pituitary,sagittal,1337.0,282.63455967290594,0.7138280832888414,0.4514529360890002,1.0,890.8156028368795,0.7681282486722398,0.3068962445321747,0.42076710484885416
pituitary,sagittal,2278.0,376.85385976291224,0.7553050397877984,0.7284746976427084,1.0158730158730158,209.01537698412702,0.9357088615983035,0.3487930824949618,0.47586419689919257
pituitary,sagittal,2246.0,282.5279579551077,0.7922398589065256,0.7031367556966871,1.1428571428571428,213.8181818181818,0.9235189733977843,0.28405440106329943,0.40583472318545233
pituitary,sagittal,2051.0,342.747258045114,0.7730870712401056,0.6086927395226357,0.84375,476.2006802721089,0.9138257795585062,0.34054762986408504,0.4552692664493742
pituitary,sagittal,1835.0,394.309703885628,0.6898496240601504,0.5884645566065305,0.875,822.0172902494332,0.8771458348188163,0.39661635042826876,0.5163942566311802
pituitary,sagittal,1618.0,320.63455967290594,0.710896309314587,0.5588048227439841,1.0,815.6769480519481,0.901623805336618,0.3887655206403886,0.47898816778350706
pituitary,sagittal,867.0,263.21424945612296,0.6608231707317073,0.8225393434325418,0.6666666666666666,730.5585106382979,0.8793719325592594,0.2761382519699071,0.3581015827794003
pituitary,sagittal,1026.0,219.51576464628795,0.7120055517002082,0.8463245895314643,0.6666666666666666,623.6835106382979,0.8780582284451538,0.21637869479169047,0.3220769578576502
pituitary,sagittal,945.0,195.5452018978108,0.7153671461014383,0.88588590091813,0.6666666666666666,678.4627659574468,0.9020725018362484,0.29369977501820577,0.4172975239384116
pituitary,sagittal,1135.0,313.39801564019655,0.654555940023068,0.7343073812082254,0.7142857142857143,1625.1695454545456,0.7193460253998346,0.3760889148869272,0.4410645960196949
pituitary,sagittal,1254.0,276.28531726798843,0.6822633297062024,0.7803644945880731,1.0,1321.2047872340427,0.8242963724185164,0.353858079287656,0.4310910194707248
pituitary,sagittal,1021.0,307.9421715174808,0.542796384901648,0.7482847544984068,0.8571428571428571,1086.1856060606058,0.8522618775005055,0.5132158514853125,0.5766156203089965
pituitary,sagittal,4690.0,492.6944801964782,0.8345195729537367,0.709065434572131,1.0,491.3162974683544,0.8573236775119918,0.2066762800178087,0.35804510011836366
pituitary,sagittal,4753.0,605.0620125646253,0.7997644287396938,0.5335312758555272,0.9090909090909091,551.8510057471266,0.8471316174592601,0.2552175317042943,0.4085171039583196
pituitary,sagittal,2595.0,442.28026663410503,0.7078559738134206,0.6260058835569144,0.8888888888888888,444.065360915493,0.8989283268917624,0.34651854347051875,0.45715095296720165
pituitary,sagittal,1816.0,279.80003589374985,0.836480884385076,0.7276063492261674,1.4,745.3534798534798,0.7631125019118687,0.09880619259271754,0.27643360268520223
pituitary,sagittal,1856.0,292.0132393293463,0.818342151675485,0.6837316739771682,1.1666666666666667,1001.1303191489362,0.7116726678932531,0.20678049687953173,0.33300375382272307
pituitary,sagittal,2160.0,336.4041122946064,0.7492195629552549,0.7250268160187204,1.3333333333333333,658.6684343434342,0.8416800088145555,0.38047004428268694,0.46660340632297415
pituitary,sagittal,2580.0,393.30360723121805,0.783480109322806,0.7820760458178858,1.3584905660377358,738.6517676767678,0.8958993511958604,0.2481705971530407,0.36110671803086963
pituitary,sagittal,2313.0,320.1198410471445,0.8234247063011748,0.727827219043293,1.3333333333333333,525.3853058510638,0.8324165801674877,0.14588374319390443,0.34725611818812313
pituitary,sagittal,2442.0,408.78888860545663,0.7799425103800702,0.7596919210923028,1.5,428.3454491725769,0.8666911545052497,0.19824024513793315,0.3915628590256116
pituitary,sagittal,2644.0,359.6761902332486,0.8142901139513397,0.5896762326512043,1.0666666666666667,262.67063492063494,0.9449486017499187,0.2695878920262331,0.42070074733559026
pituitary,sagittal,3342.0,470.9076836320746,0.7668655346489215,0.5118839365783906,1.1111111111111112,257.825176056338,0.9462270472416363,0.33961039434392937,0.49720985493841774
pituitary,sagittal,3651.0,501.0792565073284,0.7878722485973241,0.5202806955107795,1.1111111111111112,313.52200704225345,0.9405613332259215,0.2960507074383158,0.4483857126866649
pituitary,sagittal,3332.0,533.3340905032675,0.7439160526903327,0.7382138138600081,1.1111111111111112,262.5320422535211,0.9439523489810611,0.3418446069786284,0.47661933342124
pituitary,sagittal,1622.0,296.9421715174808,0.7257270693512304,0.2962414009839564,1.1458333333333333,586.3567629179331,0.8887701670414804,0.2961891159320283,0.4187125292867621
pituitary,sagittal,1811.0,288.73506473629425,0.7918670747704416,0.4912886999289614,1.1666666666666667,447.0957446808511,0.9028183628580325,0.237337657411573,0.40572096479462816
pituitary,sagittal,1863.0,374.4751801064719,0.7487942122186495,0.44661012712904785,1.0,650.4334415584415,0.8771636113325334,0.29655940840258815,0.38569681576972425
pituitary,sagittal,1510.0,306.5990257669732,0.7249159865578493,0.42969870877310684,0.875,471.5153719008264,0.9341813679682475,0.43373399994247536,0.495279785961983
pituitary,sagittal,1420.0,294.2203461105329,0.693359375,0.7556880522521702,0.7741935483870968,892.5949074074073,0.8785873648437257,0.4561326502893692,0.5647624746963867
pituitary,sagittal,1472.0,250.90054095713816,0.7722980062959076,0.5226480282776451,1.0,845.258421985816,0.8971001288400565,0.2720176136321885,0.403192309278368
pituitary,sagittal,2074.0,392.6822868876584,0.6849405548216645,0.8481395169070748,1.125,804.5659171075837,0.8950215023888272,0.46941729994611175,0.5436272262311788
pituitary,sagittal,1942.0,401.3097038856279,0.716340833640723,0.746238650988614,0.8615384615384616,502.1863682092557,0.8959745428134729,0.4299977049193242,0.5204857935573605
pituitary,sagittal,1913.0,359.5340546095176,0.8010887772194305,0.6002767543845552,1.1666666666666667,654.7374620060791,0.9002389824252959,0.18325697351643294,0.35991556724456386
pituitary,sagittal,2311.0,450.6944801964782,0.7271869100062933,0.5270461770345832,1.1428571428571428,389.9349431818182,0.9337205095994844,0.25290952848223686,0.39766417669497156
pituitary,sagittal,1829.0,303.56349186104046,0.777305567360816,0.5526435841443658,1.0769230769230769,421.34610389610395,0.9368419188748675,0.3318582078687675,0.48251833983816084
pituitary,sagittal,588.0,161.3380951166243,0.7101449275362319,0.7893900404949008,0.6,562.8728632478633,0.9112020043447301,0.2361244050092082,0.29927927846479785
pituitary,sagittal,1051.0,306.98380207782344,0.6581089542892924,0.8614224729686489,1.4,334.294413919414,0.917177677152594,0.4291477879872008,0.5044324405120197
pituitary,sagittal,891.0,235.48632739476508,0.7518987341772152,0.566664124787541,0.8,214.02163461538464,0.943244479019274,0.1732104186024214,0.2835679330358383
pituitary,sagittal,3428.0,665.6955262170047,0.6558255213315477,0.8798515498938103,1.3,312.7676484907498,0.9294255646618147,0.5195452152750407,0.582551463245163
pituitary,sagittal,3231.0,643.4112549695428,0.6484045755568935,0.8920290667136695,1.3164556962025316,304.1633398247322,0.9336591835136104,0.5415551138898078,0.5988394120601643
pituitary,sagittal,1031.0,268.04267658086917,0.6928763440860215,0.5743409307635219,0.851063829787234,560.9686170212766,0.8978779149493344,0.3311122147818281,0.3763495405679646
pituitary,sagittal,1975.0,255.14318164425748,0.844017094017094,0.23320157470804836,1.1666666666666667,463.9912613981764,0.8705714171608072,0.2068984424184716,0.362323944090342
pituitary,sagittal,1896.0,276.8711037056153,0.8323090430201932,0.45114257898043203,1.1666666666666667,582.4924012158056,0.8834110725028553,0.219324166428981,0.3617632451182333
pituitary,sagittal,3886.0,488.5229073212244,0.794358135731807,0.617437961293836,0.9,326.71571729957805,0.9309554901556162,0.2485941208263902,0.4215346575736885
pituitary,sagittal,3808.0,436.5817818242701,0.8182208852599914,0.5209264035433405,0.9,287.9087552742616,0.9436675234987321,0.277631612232242,0.4334781634818257
pituitary,sagittal,6399.0,826.0691552395617,0.6994971578487101,0.7237147894138544,1.3076923076923077,390.73243860651064,0.9262876787620297,0.4952449269046005,0.6067453622000111
pituitary,sagittal,7352.0,694.7016228714145,0.7563007920995782,0.5009097482369373,1.3076923076923077,286.72651342090234,0.9426358475248148,0.433517803405062,0.5735993020737754
pituitary,sagittal,5694.0,786.0863991822648,0.7165869619934558,0.7291895107189914,1.1538461538461537,346.1758899676375,0.9279027506278946,0.48850055354832617,0.6018439162227076
pituitary,sagittal,1886.0,330.9482681718907,0.7583433856051468,0.6815432829983298,0.75,971.6025132275133,0.797561201610498,0.2783173771331322,0.3987638832498042
pituitary,sagittal,2833.0,552.7777413171634,0.7086043021510755,0.37917206751162824,0.8,530.0310522151899,0.8632239668751726,0.3602944158517104,0.48876943054249355
pituitary,sagittal,2091.0,359.19090885901,0.7250346740638003,0.8006684226884724,0.6666666666666666,366.1921948356808,0.9111901909282853,0.3182341076145407,0.4606809788371734
pituitary,sagittal,2530.0,390.65284963613556,0.7659703300030275,0.6698107940003069,0.7777777777777778,400.47761569416514,0.9079957915423174,0.28356672724851256,0.43200843488846813
pituitary,sagittal,1521.0,244.41525958289964,0.7820051413881748,0.6853548227615958,1.325,770.6373626373627,0.769496926082609,0.20937103194624251,0.4658257294799305
pituitary,sagittal,3019.0,439.2741699796952,0.7627589691763517,0.5344731381628831,0.9722222222222222,460.15747261345865,0.8740221205004443,0.325908649725937,0.4796511152735725
pituitary,sagittal,2893.0,370.01933598375615,0.8216415790968475,0.5422562461750955,1.2857142857142858,374.46969696969694,0.8817028371607921,0.2007974358497953,0.3816557436044472
pituitary,sagittal,2203.0,461.00209204105306,0.7206411514556755,0.32596522013379414,1.0,427.80778769841265,0.8884293628564339,0.3697094846028738,0.502454798837641
pituitary,sagittal,445.0,146.4386001800126,0.6534508076358296,0.7424046113404027,0.75,3064.513440860215,0.6238441106019562,0.2590880519905172,0.32310185414578274
pituitary,sagittal,746.0,195.34419177103416,0.7193828351012537,0.6551693878668098,0.8421052631578947,2564.4046474358975,0.7868538384727106,0.26046782041971067,0.3369116592907559
pituitary,sagittal,809.0,277.8061325481597,0.6281055900621118,0.7496148383576766,1.0,1991.7564102564102,0.7937726325052531,0.3706575220942853,0.4261481984588414
pituitary,sagittal,784.0,193.23759005323595,0.6841186736474695,0.7072890258272228,0.6666666666666666,995.8750000000002,0.8160030798942822,0.3763911615429673,0.45393213322308856
pituitary,sagittal,1092.0,225.41525958289964,0.7203166226912929,0.5922200698762362,0.8695652173913043,798.1117021276596,0.860717797919758,0.31705117308695946,0.4238252343254897
pituitary,sagittal,435.0,152.88834764831844,0.666156202143951,0.7219005234217988,0.75,2662.467741935484,0.6931464571227238,0.23669274697158746,0.330247599647162
pituitary,sagittal,516.0,163.30256121069152,0.6539923954372624,0.5002771027990365,1.0,1415.4737903225805,0.7579470615056781,0.3510337718254737,0.43512133762717825
pituitary,sagittal,990.0,263.66399692442883,0.6923076923076923,0.6308165487453452,1.15,671.1693376068376,0.8996491629359897,0.3703217851789555,0.44095818487429744
pituitary,sagittal,1055.0,251.55739520663056,0.728088336783989,0.7793038220894428,1.2,383.5005341880342,0.8818042805084967,0.3316595795311684,0.41084540272732234
pituitary,sagittal,1182.0,322.7411613907042,0.6952941176470588,0.7815950314595446,1.0,463.21320921985824,0.8746810549664682,0.37037949846394086,0.44806454027259496
pituitary,sagittal,1095.0,228.97160876900367,0.6947969543147208,0.619843525026565,0.7407407407407407,355.2536363636364,0.9045937869766245,0.40608593317667013,0.49131153478788847
pituitary,sagittal,1257.0,257.28531726798843,0.7325174825174825,0.7682143900696489,1.3658536585365855,662.7739361702127,0.8894148681250543,0.4364809539068118,0.4926943854388865
pituitary,sagittal,1934.0,437.2091988222396,0.7705179282868526,0.6861679798627148,1.0754716981132075,680.027432216906,0.8692378601917563,0.27698376836256355,0.3553956160617822
pituitary,sagittal,1945.0,324.01933598375615,0.7804975922953451,0.6126041447546783,1.0,578.3061688311689,0.8868751778612506,0.2705748590373088,0.36476833040152973
pituitary,sagittal,1569.0,328.3624817342638,0.7829341317365269,0.577551685634338,1.0,716.4813829787234,0.8866127799601146,0.20218014436167056,0.2863474198777872
pituitary,sagittal,1366.0,353.0254326381661,0.6306555863342567,0.9119662495893927,0.6666666666666666,705.4583333333331,0.8738294079747743,0.5143019355247698,0.5614968323472566
pituitary,sagittal,578.0,195.95941546018392,0.608421052631579,0.8410664442317484,0.6304347826086957,551.6396276595744,0.9097620473641103,0.4779729638192372,0.5258412648519643
pituitary,sagittal,1617.0,314.56958851545033,0.7663507109004739,0.672810735367902,1.0408163265306123,422.91493506493515,0.8674858973027222,0.3591995091880149,0.46607502050801985
pituitary,sagittal,1680.0,333.7411613907041,0.7201028718388341,0.628435432881373,0.9821428571428571,328.686038961039,0.8960608061695492,0.3785872304068836,0.5026604599726168
pituitary,sagittal,1060.0,238.24368670764582,0.7598566308243727,0.7065793597494213,0.6666666666666666,299.5698138297873,0.9213365273985915,0.1990243290837203,0.3273455935391123
pituitary,sagittal,2613.0,448.1797615707168,0.7046925566343042,0.7259537390841543,1.265625,433.0203823953824,0.9228515176945337,0.45703666301279205,0.5438594721570711
pituitary,sagittal,3237.0,491.1147904132611,0.7078504264159196,0.7405914758224234,1.375,468.09776334776336,0.907918625464825,0.35104298132787415,0.47604957799662023
pituitary,sagittal,3579.0,471.73001410241096,0.7838370565045992,0.781164970084066,1.1111111111111112,305.3593309859154,0.9302373773325977,0.3063161721197929,0.46415799460541735
pituitary,sagittal,2556.0,437.445742854949,0.7575577949021932,0.7249884181567882,0.9014084507042254,343.39436619718305,0.9101417496507316,0.3666207126095916,0.48267174962739656
pituitary,sagittal,1814.0,380.4396462005392,0.7221337579617835,0.7901853573951388,0.75,808.5502645502644,0.7788380585822782,0.32014518935063563,0.4428817479577424
pituitary,sagittal,1884.0,425.00209204105306,0.6723768736616702,0.387684954018263,0.875,507.13265306122446,0.837060002501146,0.3816489197432465,0.5249758970859059
pituitary,sagittal,4498.0,447.86605307173204,0.8279035523651758,0.724169612949288,1.3333333333333333,286.7075997652583,0.8894622561959675,0.28796642490035035,0.4999147931826464
pituitary,sagittal,4601.0,501.77164466275354,0.8074763074763075,0.7281252773186379,1.3333333333333333,378.49457159624404,0.8592586660120338,0.2778585058901366,0.49406275116139386
pituitary,sagittal,4262.0,454.4518395093589,0.8081152825180129,0.6945770285515175,1.2222222222222223,539.8852432778488,0.8380575909405649,0.26019112801623734,0.4666610700914531
pituitary,sagittal,2034.0,332.19090885901,0.7649492290334712,0.5565004275743052,0.875,521.9387755102041,0.8597209275412508,0.35374393813841415,0.5181033339531164
pituitary,sagittal,2923.0,679.216341497176,0.6691849816849816,0.740091632443728,0.9230769230769231,626.2276722925459,0.8933230640436658,0.39287748146349566,0.4921387082581701
pituitary,sagittal,1196.0,191.54520189781084,0.8334494773519163,0.32850273542730296,1.0,1045.6070512820513,0.8155797482303947,0.15377335350185287,0.32262396249188385
pituitary,sagittal,2987.0,474.9726547895302,0.767866323907455,0.7946062413819844,1.5178571428571428,938.5820247933887,0.8399721814101612,0.29669335159523574,0.45118279967559477
pituitary,sagittal,2840.0,396.8538597629122,0.7825847340865252,0.7435308113799652,1.2857142857142858,484.74949494949493,0.8717318005327533,0.21632550369435752,0.44569632942013937
pituitary,sagittal,2704.0,419.1025971044414,0.7727922263503858,0.799642188254548,1.8333333333333333,481.0152321083172,0.8837139087438229,0.2832193718152264,0.4844580728882169
pituitary,sagittal,3034.0,658.3818177180199,0.6410310585252482,0.8881628799710772,1.2222222222222223,565.5454545454545,0.9091993015079831,0.44532293058049377,0.5517909372712666
pituitary,sagittal,1184.0,284.32085117392114,0.6812428078250863,0.8581097576120937,0.7142857142857143,783.9922727272728,0.8801760706444406,0.3648488309169808,0.4820639549885761
pituitary,sagittal,1626.0,361.3330444827409,0.7321026564610535,0.8024382343247778,1.6,506.7327724358974,0.8825537561842991,0.24537177763328208,0.34474924081256986
pituitary,sagittal,1291.0,309.3269478283311,0.7164261931187569,0.8129307064114142,1.4,670.2788461538461,0.8810803775614036,0.3135512614521145,0.4071617639609421
pituitary,sagittal,1162.0,337.01933598375615,0.6502518186905428,0.685058668449842,1.4,596.3063186813187,0.8796633555006718,0.36649734287164776,0.42563804396082894
pituitary,sagittal,2496.0,454.0792565073284,0.6552901023890785,0.6886727917110999,0.9,493.84212376933885,0.9139581647924798,0.4898764002268668,0.5720174366743931
pituitary,sagittal,2792.0,389.4396462005392,0.7624249044238122,0.5637921366571378,1.0,325.36971830985914,0.9527990190734462,0.3911244949772294,0.509181678016448
pituitary,sagittal,2263.0,398.68838354206827,0.7412381264330167,0.6447470037534943,1.1428571428571428,1299.1508522727272,0.8272257984531589,0.2750417446950492,0.4134286232047065
pituitary,sagittal,2137.0,563.5056633785214,0.6591610117211598,0.5815611872604366,0.9142857142857143,1382.0411531690143,0.8081214814536068,0.42816769293601775,0.5157530526258766
pituitary,sagittal,4855.0,617.9554108468271,0.7357175329595393,0.8246199666800639,1.2613636363636365,311.7847906403941,0.9288362935462359,0.4529512939975765,0.5204031123747823
pituitary,sagittal,5209.0,656.8965363437813,0.7705621301775148,0.8604942289138415,1.6666666666666667,387.1603286384976,0.9070299966006673,0.3280678101620722,0.4122551824461342
pituitary,sagittal,4468.0,736.9209229614208,0.6815131177547284,0.7925786464850793,1.4,449.65834086799276,0.8920400602173055,0.42731873404346044,0.4862733693085051
pituitary,sagittal,1454.0,327.56958851545033,0.6917221693625119,0.5400900712936162,0.8571428571428571,596.3200757575759,0.8046310417120486,0.3411914865726311,0.4504706028090574
pituitary,sagittal,2397.0,389.9249275747777,0.7416460396039604,0.7667807768532545,0.7466666666666667,174.90144665461122,0.9557087211107858,0.3821494847868177,0.49240320449676245
pituitary,sagittal,2666.0,392.3036072312181,0.7490868221410508,0.6457612197233094,0.8888888888888888,270.215448943662,0.9173258025536853,0.3389477824373762,0.47297467211816296
pituitary,sagittal,3454.0,498.83661582020915,0.7567922874671341,0.8140090603397415,1.2222222222222223,323.8199423815621,0.9203042350104434,0.37618997435128243,0.5120602296574336
pituitary,sagittal,1438.0,324.88329701443513,0.7049019607843138,0.7012121203108135,0.9056603773584906,642.725,0.838076033730311,0.3543136949716232,0.44578037626008454
pituitary,sagittal,1907.0,445.3807716974934,0.6731380162372044,0.29700836369740813,0.8115942028985508,511.80533199195156,0.8561895282898051,0.4226686546731606,0.5297583445196725
pituitary,sagittal,1665.0,399.3746750430836,0.638420245398773,0.6892180575901614,1.1428571428571428,525.7164772727273,0.903269669628907,0.4385314269644013,0.5341933580795436
pituitary,sagittal,1500.0,331.8122292025696,0.751503006012024,0.7625367888549819,1.4,719.3754578754579,0.8769007477380156,0.21271851060652733,0.3378462584649401
pituitary,sagittal,1136.0,331.56958851545033,0.6982175783650891,0.854635248432747,1.75,897.1013824884792,0.8294931033928994,0.22433289653029356,0.35078341239546823
pituitary,sagittal,10363.0,945.2529214236354,0.8239643794227558,0.6868866473013763,1.2,327.3053221288515,0.9384820262838481,0.3528582149438275,0.5307222524196418
pituitary,sagittal,13300.0,1054.6204537917824,0.794266945356823,0.7316734055226672,1.0526315789473684,196.05153145695363,0.9591744732687046,0.41695031429920565,0.5781142948233352
pituitary,sagittal,13326.0,1004.5727265770299,0.8471710108073744,0.7534492416953573,1.3333333333333333,340.1096113445378,0.9209909239720863,0.2619733736980987,0.4893951636961891
pituitary,sagittal,12564.0,849.5067093990477,0.845093159346203,0.7648442172812117,1.4285714285714286,258.5457770270271,0.9481690956707186,0.25903047489877384,0.46268543748615637
pituitary,sagittal,11858.0,888.0752518939715,0.8423669816011934,0.7825251666309668,1.3571428571428572,264.58931958274064,0.9506911166960721,0.2615263047025327,0.44573509700361663
pituitary,sagittal,5582.0,557.0914498161482,0.8443503252155499,0.41897524732603514,0.96875,503.327302631579,0.9212286680166643,0.3291727024266338,0.4841102919813011
pituitary,sagittal,4559.0,581.3696244092002,0.7554266777133388,0.6156228773237477,1.2,313.7275843881856,0.9085153341414232,0.332384224120198,0.4718981609143069
pituitary,sagittal,5249.0,553.9198769408944,0.7673976608187134,0.5778924318379621,1.0833333333333333,219.40253036437247,0.9275692811542542,0.4229914995216495,0.5555735652613848
pituitary,sagittal,4810.0,455.309703885628,0.8632447954055994,0.6438428043765461,1.2361111111111112,423.5983691623425,0.8535432531124201,0.2376762058964585,0.42239860507694305
pituitary,sagittal,4544.0,500.70667350529794,0.8302576283573908,0.572098557063745,1.1,311.8659378596087,0.8918074751276824,0.28509345905016426,0.47067177275464345
pituitary,sagittal,4051.0,509.84271247461896,0.7840139345848655,0.37429979264151153,1.0,269.859335443038,0.907922259894006,0.297449374899502,0.4645930764499788
pituitary,sagittal,3129.0,526.6711395993652,0.7528873917228104,0.7843759993904545,0.6363636363636364,390.55192939244665,0.8796590582560809,0.28268200788313586,0.4159309327289643
pituitary,sagittal,1367.0,295.5990257669732,0.7314071696094168,0.6755550827040767,1.0,727.6467198581562,0.8548127800449804,0.29734880431573385,0.4010691131083667
pituitary,sagittal,2211.0,368.4041122946064,0.8060517681370762,0.639869916808484,0.75,435.4087301587302,0.8854194189892998,0.19530007256591403,0.33537306230140634
pituitary,sagittal,2427.0,401.2680733252853,0.8017839444995044,0.5226128426616393,1.0714285714285714,655.2767045454545,0.8465730285698402,0.20260044315379896,0.3399620409479671
pituitary,sagittal,3224.0,461.866053071732,0.7761194029850746,0.4635987067073654,1.25,439.48968253968263,0.9061075167723325,0.29309041339798203,0.4026319714681707
pituitary,sagittal,1163.0,284.56349186104046,0.7052759248029109,0.736208409868446,1.275,1049.022435897436,0.7879421423926216,0.3519187697934666,0.4303009827386167
pituitary,sagittal,1105.0,257.6639969244288,0.7284113381674358,0.8024668305189621,0.5714285714285714,465.81988636363644,0.8985757169840437,0.25899370186030735,0.37647208653118663
pituitary,sagittal,1376.0,275.04267658086917,0.7295864262990456,0.5490360134579172,0.7962962962962963,405.78333333333336,0.9279716827807469,0.3757071691508316,0.47836753955263206
pituitary,sagittal,1327.0,292.14927829866735,0.7648414985590778,0.5760773315057229,0.8333333333333334,667.4388297872341,0.8857014173889471,0.18887660492430508,0.30164525711532486
pituitary,sagittal,1553.0,453.2508293825822,0.6212,0.5732222490162782,1.0,428.8772727272728,0.8957995347193358,0.3564411642789193,0.4494703016207186
pituitary,sagittal,774.0,230.69343417595164,0.7179962894248608,0.7877399813871357,0.6666666666666666,645.1336436170212,0.8945446990220544,0.32425546748474854,0.3828891964146533
pituitary,sagittal,562.0,150.13098833543773,0.7805555555555556,0.6807724412532433,0.6666666666666666,575.0865384615386,0.9039795798613788,0.23776228735633856,0.3418589714845349
pituitary,sagittal,763.0,208.51576464628795,0.7045244690674054,0.7845404974464679,0.975,677.9557692307693,0.9026017225574686,0.40454685853372646,0.4727956948325225
pituitary,sagittal,736.0,182.9594154601839,0.7022900763358778,0.744861185795329,0.7441860465116279,475.69880319148945,0.905105596022388,0.39697350765409867,0.463051729932951
pituitary,sagittal,3247.0,530.120887067671,0.6711451012815213,0.8131089121285987,1.375,502.60317460317464,0.9218033192666563,0.3332107181265398,0.41400340874610964
pituitary,sagittal,1176.0,265.3919189857866,0.7075812274368231,0.6216593648518525,0.6964285714285714,741.9727272727273,0.9267747918354656,0.3674728021644303,0.42695770853804016
pituitary,sagittal,1265.0,247.7645019878171,0.7579388855602157,0.5272938110448219,0.8333333333333334,893.3292553191488,0.7433519654608235,0.22455441014269004,0.37609218451488613
pituitary,sagittal,1243.0,272.73506473629425,0.7524213075060533,0.5191005757094588,0.8333333333333334,1136.51914893617,0.7750195444718623,0.2253879131805361,0.35408948218265346
pituitary,sagittal,1053.0,255.49242404917496,0.6973509933774834,0.7228836773013383,0.8695652173913043,1035.3787234042554,0.8214703523185145,0.32582750625106416,0.40712928613643423
pituitary,sagittal,2981.0,615.2041481883563,0.6950338074143156,0.5270905195995459,0.8,383.2915348101265,0.8848554437527563,0.33373709179025746,0.4574013891608829
pituitary,sagittal,4179.0,660.239682094289,0.7617572001458257,0.48437948003657005,0.7912087912087912,372.3254385964913,0.9214133545065585,0.31535657055918415,0.4660039076557613
pituitary,sagittal,4004.0,589.7188668141177,0.7814207650273224,0.5812586911961132,0.8181818181818182,356.4294380587485,0.920454868357709,0.3012265555931494,0.4852899683697192
pituitary,sagittal,4643.0,524.5229073212244,0.8304417814344482,0.6725752552025499,1.0,464.0545886075948,0.8992559782874292,0.2108447970925149,0.4073573323125078
pituitary,sagittal,2385.0,404.6173157302028,0.7509445843828715,0.6671487237307908,0.7777777777777778,731.0643863179073,0.8821565671316834,0.31317174844274726,0.46744031558360455
pituitary,sagittal,1201.0,225.58683245815348,0.7763413057530705,0.8304349970566611,0.5714285714285714,1082.5045454545455,0.7838894276537105,0.2145335970336543,0.37968830958554
pituitary,sagittal,3367.0,371.0904037956216,0.8246387460200832,0.32908397719675453,1.0,802.2419796557124,0.830497652359735,0.27634680265269085,0.4515766176938082
pituitary,sagittal,4620.0,461.00818869546293,0.8419901585565883,0.501579102813114,1.1,877.6710299194476,0.790403818257435,0.27454682430498384,0.4471126602598635
pituitary,sagittal,5362.0,569.564537881567,0.8309313497598017,0.6520852019676233,1.2375,738.4654333008764,0.8256296067087131,0.28448419982353707,0.4485729667207886
pituitary,sagittal,4939.0,466.8954903232549,0.8341496368856612,0.6990918159816566,1.3333333333333333,572.8177816901408,0.8408766589274174,0.22551381215458233,0.4110053121935304
pituitary,sagittal,4094.0,407.2325394193526,0.8382473382473382,0.7522700678889905,1.375,494.39700577200574,0.853570540613529,0.2064380346199944,0.39334991010030373
pituitary,sagittal,2713.0,538.2630226914019,0.699046637464571,0.8191108296909277,0.9,706.1211322081575,0.8441088646052843,0.443884797120589,0.5314591700457763
pituitary,sagittal,3042.0,397.43964620053913,0.794878494904625,0.4834771953325943,1.125,586.5176366843034,0.9042892170779191,0.2674828275628871,0.4311531645172843
pituitary,sagittal,2777.0,391.025432638166,0.7780891005884001,0.4996019276015316,1.125,649.8364197530863,0.8864443502656225,0.3193098055079627,0.46187586762595306
pituitary,sagittal,2912.0,399.0254326381661,0.7665175046064754,0.6591866219683794,1.125,548.2213403880071,0.8946657347667704,0.28156040072727556,0.43901498630301933
pituitary,sagittal,603.0,193.85891039679558,0.6190965092402464,0.7595686745595049,0.8,245.9399038461539,0.9209920262931718,0.38845241484589277,0.4692301831002179
pituitary,sagittal,670.0,223.9655121145938,0.6417624521072797,0.6523916751481589,0.8,457.5072115384616,0.8747414973882021,0.3237174528747155,0.4300965070885102
pituitary,sagittal,702.0,211.072113832392,0.6554621848739496,0.6683357131523278,0.8,281.1185897435898,0.9000950055414518,0.31274080547808,0.4254120213967404
pituitary,sagittal,719.0,173.30256121069152,0.7616525423728814,0.4019057509779231,1.125,1445.8491935483871,0.8837805270209034,0.28932399950738075,0.3722139049202186
pituitary,sagittal,935.0,233.69343417595164,0.7438345266507558,0.7452640819775584,1.5,1667.4946236559142,0.8198235985480268,0.2368386743452726,0.3215052416641029
pituitary,sagittal,1064.0,254.62846301849606,0.7009222661396575,0.4359939613637428,1.2,1181.8253205128206,0.8444736232061479,0.3425220173439992,0.41141071596186424
pituitary,sagittal,951.0,210.17261889578037,0.7270642201834863,0.7953951818908583,0.6666666666666666,736.1136968085107,0.8779430262133103,0.275516383157079,0.34456632083875033
pituitary,sagittal,2261.0,498.9076836320746,0.7265424164524421,0.778961334120492,1.469387755102041,751.9661616161618,0.8610776921206534,0.32216136105511156,0.4308080566654493
pituitary,sagittal,2584.0,437.8305191657992,0.7322187588551998,0.7757625650435815,1.3333333333333333,421.2406746031746,0.9357063243147544,0.4203443141088365,0.5384000290958043
pituitary,sagittal,2481.0,448.9015869776647,0.7655044739278001,0.7887992143555923,1.5,340.22547281323875,0.9064016528634962,0.18156933532709008,0.3828371683995002
pituitary,sagittal,2034.0,360.6406563273158,0.7332372025955299,0.7870898878803935,1.5,160.3413120567376,0.9435978397536214,0.3211161435016604,0.475790239665229
pituitary,sagittal,1233.0,268.492424049175,0.7248677248677249,0.845906654913197,0.5,222.80952380952382,0.9534124629808003,0.29569109339034966,0.38252733572626585
pituitary,sagittal,1330.0,362.13203435596427,0.6165971256374594,0.7316544063730193,1.037037037037037,917.2006493506495,0.8235935078621851,0.4549332761123171,0.5057656612282172
pituitary,sagittal,1149.0,269.4213562373095,0.6676350958744915,0.7185512813211047,1.0,775.2380319148939,0.8804951308542043,0.35666514358239104,0.4213365273213904
pituitary,sagittal,1072.0,277.04267658086917,0.6836734693877551,0.7423223040537518,0.8333333333333334,1116.313829787234,0.8136479780055749,0.32804640918955946,0.42161735151045066
pituitary,sagittal,6087.0,816.749350086167,0.7262856461042835,0.559758717847831,1.0,528.8072255414489,0.8664145713830338,0.3832632035642648,0.5097757493398359
pituitary,sagittal,2568.0,399.13203435596427,0.754406580493537,0.669024097284069,1.125,982.5910493827163,0.8541620021958605,0.3664206201275788,0.4829072321577893
pituitary,sagittal,3505.0,369.747258045114,0.8183516226943731,0.710023925621715,1.25,525.7099206349206,0.9134618939245658,0.24235272532906826,0.40020012316592
pituitary,sagittal,3547.0,492.35133444597056,0.7259516987310684,0.6058787903232183,1.1891891891891893,446.80034522439587,0.9368901343387454,0.44041280588148946,0.53937769195062
pituitary,sagittal,3242.0,601.677236253775,0.634814959859017,0.39915593112675624,0.8602150537634409,505.73499999999996,0.9115360260308764,0.512033155049364,0.5930750682640104
pituitary,sagittal,1980.0,408.9249275747777,0.726605504587156,0.6324246263859206,1.0,831.0503246753248,0.838980528874283,0.2701042109753973,0.40037811203162765
pituitary,sagittal,2004.0,404.55234457274724,0.7009443861490031,0.646340578191595,1.1428571428571428,536.5855113636366,0.8915996077288941,0.3388525802644264,0.4585890108233781
pituitary,sagittal,2226.0,449.35133444597056,0.7044303797468354,0.674089123460028,1.0,504.6490575396825,0.911024123263292,0.36567078804346953,0.47268763234140054
pituitary,sagittal,2398.0,413.06706319850866,0.7098875074008288,0.7370335338245134,0.8888888888888888,390.07548415492954,0.9439877463044027,0.39631799228004405,0.4944855225648679
pituitary,sagittal,2185.0,431.41630560342617,0.7075777202072538,0.7738816276145459,1.0,721.3931051587299,0.8933233781423581,0.3629890873707267,0.47923257244851225
pituitary,sagittal,2784.0,609.8904396893715,0.686221345822036,0.8023577040762744,1.0,845.3812597809077,0.8834599422462022,0.3761372639912194,0.4901120527930068
pituitary,sagittal,2822.0,613.1747109368333,0.6665092111478508,0.8573114183623838,0.6808510638297872,680.0496710526313,0.911214858949019,0.46187732108672,0.5595900790284645
pituitary,sagittal,5609.0,1113.1473657263637,0.6378937791424997,0.5001878401014015,0.9043478260869565,515.5175339366517,0.9107497714162198,0.48038053360893196,0.583516414289835
pituitary,sagittal,4841.0,569.3340905032675,0.7659810126582278,0.7996618041275836,1.2,658.0137130801688,0.9013785360263548,0.3071396941994017,0.46714318353378864
pituitary,sagittal,6916.0,1041.7859300126263,0.6572270265133517,0.8735171512057266,1.3392857142857142,548.9097913703177,0.914456472248592,0.5370194702881055,0.6263845407685663
pituitary,sagittal,8017.0,1122.1768029778864,0.6704298377655127,0.8357378177791256,1.2666666666666666,429.7423706324636,0.9265920289338875,0.5074181051762459,0.6017889060402553
pituitary,sagittal,6928.0,658.4823227814082,0.8178491323338449,0.8037002901973297,1.3636363636363635,378.16848659003836,0.9293262259207247,0.2834324853257078,0.42836623233413385
pituitary,sagittal,6309.0,713.2874093090414,0.7968927624100038,0.7988322609003581,1.2727272727272727,526.3475985221675,0.9090609106383637,0.29551215490806804,0.42232343513001086
pituitary,sagittal,3694.0,794.5189027078675,0.6270582244101172,0.8813958501557325,1.3,488.14435248295996,0.9085542447329965,0.47953097845951725,0.5508340901577303
pituitary,sagittal,4135.0,442.866053071732,0.8035367275553829,0.6867029517680218,1.2222222222222223,400.31610115236873,0.9290342404982312,0.27707787192896555,0.42143429957870543
pituitary,sagittal,4205.0,419.9959953866432,0.8501819652244238,0.7035120189832839,1.5,336.29050925925924,0.9377962683059614,0.2506460241648414,0.41423615786099854
pituitary,sagittal,3951.0,435.2091988222396,0.8028855923592766,0.6731970944634985,1.2222222222222223,266.47887323943655,0.949553825329312,0.3150291796060161,0.43500978404211754
pituitary,sagittal,3152.0,582.6061684419096,0.720292504570384,0.6147198669329071,1.1111111111111112,680.231338028169,0.9131455488936578,0.3696055537314573,0.5057651352456134
pituitary,sagittal,3646.0,424.7888886054566,0.8185900314324203,0.7512416793467168,1.3968253968253967,462.88726551226557,0.9419187865107369,0.28010116723580203,0.4757408530959032
pituitary,sagittal,3796.0,436.9310242291876,0.8428063943161634,0.8010405686056301,1.5714285714285714,319.8140495867769,0.9303577869911999,0.15617525191102913,0.42899481061765793
pituitary,sagittal,3248.0,530.0559159102154,0.7495961227786753,0.7865066822734027,1.5714285714285714,386.03450413223146,0.9318925769242457,0.25664022311120904,0.44302802404173275
pituitary,sagittal,1900.0,361.889393668845,0.7021433850702143,0.70089251871153,1.1428571428571428,348.8661931818182,0.942223133910263,0.37697129507282695,0.4999279860014769
no_tumor,axial,0.0,0.0,0.0,0.0,0.0,0.0,0.0,0.0,0.0
no_tumor,axial,0.0,0.0,0.0,0.0,0.0,0.0,0.0,0.0,0.0
no_tumor,axial,0.0,0.0,0.0,0.0,0.0,0.0,0.0,0.0,0.0
no_tumor,axial,0.0,0.0,0.0,0.0,0.0,0.0,0.0,0.0,0.0
no_tumor,axial,0.0,0.0,0.0,0.0,0.0,0.0,0.0,0.0,0.0
no_tumor,axial,0.0,0.0,0.0,0.0,0.0,0.0,0.0,0.0,0.0
no_tumor,axial,0.0,0.0,0.0,0.0,0.0,0.0,0.0,0.0,0.0
no_tumor,axial,0.0,0.0,0.0,0.0,0.0,0.0,0.0,0.0,0.0
no_tumor,axial,0.0,0.0,0.0,0.0,0.0,0.0,0.0,0.0,0.0
no_tumor,axial,0.0,0.0,0.0,0.0,0.0,0.0,0.0,0.0,0.0
no_tumor,axial,0.0,0.0,0.0,0.0,0.0,0.0,0.0,0.0,0.0
no_tumor,axial,0.0,0.0,0.0,0.0,0.0,0.0,0.0,0.0,0.0
no_tumor,axial,0.0,0.0,0.0,0.0,0.0,0.0,0.0,0.0,0.0
no_tumor,axial,0.0,0.0,0.0,0.0,0.0,0.0,0.0,0.0,0.0
no_tumor,axial,0.0,0.0,0.0,0.0,0.0,0.0,0.0,0.0,0.0
no_tumor,axial,0.0,0.0,0.0,0.0,0.0,0.0,0.0,0.0,0.0
no_tumor,axial,0.0,0.0,0.0,0.0,0.0,0.0,0.0,0.0,0.0
no_tumor,axial,0.0,0.0,0.0,0.0,0.0,0.0,0.0,0.0,0.0
no_tumor,axial,0.0,0.0,0.0,0.0,0.0,0.0,0.0,0.0,0.0
no_tumor,axial,0.0,0.0,0.0,0.0,0.0,0.0,0.0,0.0,0.0
no_tumor,axial,0.0,0.0,0.0,0.0,0.0,0.0,0.0,0.0,0.0
no_tumor,axial,0.0,0.0,0.0,0.0,0.0,0.0,0.0,0.0,0.0
no_tumor,axial,0.0,0.0,0.0,0.0,0.0,0.0,0.0,0.0,0.0
no_tumor,axial,0.0,0.0,0.0,0.0,0.0,0.0,0.0,0.0,0.0
no_tumor,axial,0.0,0.0,0.0,0.0,0.0,0.0,0.0,0.0,0.0
no_tumor,axial,0.0,0.0,0.0,0.0,0.0,0.0,0.0,0.0,0.0
no_tumor,axial,0.0,0.0,0.0,0.0,0.0,0.0,0.0,0.0,0.0
no_tumor,axial,0.0,0.0,0.0,0.0,0.0,0.0,0.0,0.0,0.0
no_tumor,axial,0.0,0.0,0.0,0.0,0.0,0.0,0.0,0.0,0.0
no_tumor,axial,0.0,0.0,0.0,0.0,0.0,0.0,0.0,0.0,0.0
no_tumor,axial,0.0,0.0,0.0,0.0,0.0,0.0,0.0,0.0,0.0
no_tumor,axial,0.0,0.0,0.0,0.0,0.0,0.0,0.0,0.0,0.0
no_tumor,axial,0.0,0.0,0.0,0.0,0.0,0.0,0.0,0.0,0.0
no_tumor,axial,0.0,0.0,0.0,0.0,0.0,0.0,0.0,0.0,0.0
no_tumor,axial,0.0,0.0,0.0,0.0,0.0,0.0,0.0,0.0,0.0
no_tumor,axial,0.0,0.0,0.0,0.0,0.0,0.0,0.0,0.0,0.0
no_tumor,axial,0.0,0.0,0.0,0.0,0.0,0.0,0.0,0.0,0.0
no_tumor,axial,0.0,0.0,0.0,0.0,0.0,0.0,0.0,0.0,0.0
no_tumor,axial,0.0,0.0,0.0,0.0,0.0,0.0,0.0,0.0,0.0
no_tumor,axial,0.0,0.0,0.0,0.0,0.0,0.0,0.0,0.0,0.0
no_tumor,axial,0.0,0.0,0.0,0.0,0.0,0.0,0.0,0.0,0.0
no_tumor,axial,0.0,0.0,0.0,0.0,0.0,0.0,0.0,0.0,0.0
no_tumor,axial,0.0,0.0,0.0,0.0,0.0,0.0,0.0,0.0,0.0
no_tumor,axial,0.0,0.0,0.0,0.0,0.0,0.0,0.0,0.0,0.0
no_tumor,axial,0.0,0.0,0.0,0.0,0.0,0.0,0.0,0.0,0.0
no_tumor,axial,0.0,0.0,0.0,0.0,0.0,0.0,0.0,0.0,0.0
no_tumor,axial,0.0,0.0,0.0,0.0,0.0,0.0,0.0,0.0,0.0
no_tumor,axial,0.0,0.0,0.0,0.0,0.0,0.0,0.0,0.0,0.0
no_tumor,axial,0.0,0.0,0.0,0.0,0.0,0.0,0.0,0.0,0.0
no_tumor,axial,0.0,0.0,0.0,0.0,0.0,0.0,0.0,0.0,0.0
no_tumor,axial,0.0,0.0,0.0,0.0,0.0,0.0,0.0,0.0,0.0
no_tumor,axial,0.0,0.0,0.0,0.0,0.0,0.0,0.0,0.0,0.0
no_tumor,axial,0.0,0.0,0.0,0.0,0.0,0.0,0.0,0.0,0.0
no_tumor,axial,0.0,0.0,0.0,0.0,0.0,0.0,0.0,0.0,0.0
no_tumor,axial,0.0,0.0,0.0,0.0,0.0,0.0,0.0,0.0,0.0
no_tumor,axial,0.0,0.0,0.0,0.0,0.0,0.0,0.0,0.0,0.0
no_tumor,axial,0.0,0.0,0.0,0.0,0.0,0.0,0.0,0.0,0.0
no_tumor,axial,0.0,0.0,0.0,0.0,0.0,0.0,0.0,0.0,0.0
no_tumor,axial,0.0,0.0,0.0,0.0,0.0,0.0,0.0,0.0,0.0
no_tumor,axial,0.0,0.0,0.0,0.0,0.0,0.0,0.0,0.0,0.0
no_tumor,axial,0.0,0.0,0.0,0.0,0.0,0.0,0.0,0.0,0.0
no_tumor,axial,0.0,0.0,0.0,0.0,0.0,0.0,0.0,0.0,0.0
no_tumor,axial,0.0,0.0,0.0,0.0,0.0,0.0,0.0,0.0,0.0
no_tumor,axial,0.0,0.0,0.0,0.0,0.0,0.0,0.0,0.0,0.0
no_tumor,axial,0.0,0.0,0.0,0.0,0.0,0.0,0.0,0.0,0.0
no_tumor,axial,0.0,0.0,0.0,0.0,0.0,0.0,0.0,0.0,0.0
no_tumor,axial,0.0,0.0,0.0,0.0,0.0,0.0,0.0,0.0,0.0
no_tumor,axial,0.0,0.0,0.0,0.0,0.0,0.0,0.0,0.0,0.0
no_tumor,axial,0.0,0.0,0.0,0.0,0.0,0.0,0.0,0.0,0.0
no_tumor,axial,0.0,0.0,0.0,0.0,0.0,0.0,0.0,0.0,0.0
no_tumor,axial,0.0,0.0,0.0,0.0,0.0,0.0,0.0,0.0,0.0
no_tumor,axial,0.0,0.0,0.0,0.0,0.0,0.0,0.0,0.0,0.0
no_tumor,axial,0.0,0.0,0.0,0.0,0.0,0.0,0.0,0.0,0.0
no_tumor,axial,0.0,0.0,0.0,0.0,0.0,0.0,0.0,0.0,0.0
no_tumor,axial,0.0,0.0,0.0,0.0,0.0,0.0,0.0,0.0,0.0
no_tumor,axial,0.0,0.0,0.0,0.0,0.0,0.0,0.0,0.0,0.0
no_tumor,axial,0.0,0.0,0.0,0.0,0.0,0.0,0.0,0.0,0.0
no_tumor,axial,0.0,0.0,0.0,0.0,0.0,0.0,0.0,0.0,0.0
no_tumor,axial,0.0,0.0,0.0,0.0,0.0,0.0,0.0,0.0,0.0
no_tumor,axial,0.0,0.0,0.0,0.0,0.0,0.0,0.0,0.0,0.0
no_tumor,axial,0.0,0.0,0.0,0.0,0.0,0.0,0.0,0.0,0.0
no_tumor,axial,0.0,0.0,0.0,0.0,0.0,0.0,0.0,0.0,0.0
no_tumor,axial,0.0,0.0,0.0,0.0,0.0,0.0,0.0,0.0,0.0
no_tumor,axial,0.0,0.0,0.0,0.0,0.0,0.0,0.0,0.0,0.0
no_tumor,axial,0.0,0.0,0.0,0.0,0.0,0.0,0.0,0.0,0.0
no_tumor,axial,0.0,0.0,0.0,0.0,0.0,0.0,0.0,0.0,0.0
no_tumor,axial,0.0,0.0,0.0,0.0,0.0,0.0,0.0,0.0,0.0
no_tumor,axial,0.0,0.0,0.0,0.0,0.0,0.0,0.0,0.0,0.0
no_tumor,axial,0.0,0.0,0.0,0.0,0.0,0.0,0.0,0.0,0.0
no_tumor,axial,0.0,0.0,0.0,0.0,0.0,0.0,0.0,0.0,0.0
no_tumor,axial,0.0,0.0,0.0,0.0,0.0,0.0,0.0,0.0,0.0
no_tumor,axial,0.0,0.0,0.0,0.0,0.0,0.0,0.0,0.0,0.0
no_tumor,axial,0.0,0.0,0.0,0.0,0.0,0.0,0.0,0.0,0.0
no_tumor,axial,0.0,0.0,0.0,0.0,0.0,0.0,0.0,0.0,0.0
no_tumor,axial,0.0,0.0,0.0,0.0,0.0,0.0,0.0,0.0,0.0
no_tumor,axial,0.0,0.0,0.0,0.0,0.0,0.0,0.0,0.0,0.0
no_tumor,axial,0.0,0.0,0.0,0.0,0.0,0.0,0.0,0.0,0.0
no_tumor,axial,0.0,0.0,0.0,0.0,0.0,0.0,0.0,0.0,0.0
no_tumor,axial,0.0,0.0,0.0,0.0,0.0,0.0,0.0,0.0,0.0
no_tumor,axial,0.0,0.0,0.0,0.0,0.0,0.0,0.0,0.0,0.0
no_tumor,axial,0.0,0.0,0.0,0.0,0.0,0.0,0.0,0.0,0.0
no_tumor,axial,0.0,0.0,0.0,0.0,0.0,0.0,0.0,0.0,0.0
no_tumor,axial,0.0,0.0,0.0,0.0,0.0,0.0,0.0,0.0,0.0
no_tumor,axial,0.0,0.0,0.0,0.0,0.0,0.0,0.0,0.0,0.0
no_tumor,axial,0.0,0.0,0.0,0.0,0.0,0.0,0.0,0.0,0.0
no_tumor,axial,0.0,0.0,0.0,0.0,0.0,0.0,0.0,0.0,0.0
no_tumor,axial,0.0,0.0,0.0,0.0,0.0,0.0,0.0,0.0,0.0
no_tumor,axial,0.0,0.0,0.0,0.0,0.0,0.0,0.0,0.0,0.0
no_tumor,axial,0.0,0.0,0.0,0.0,0.0,0.0,0.0,0.0,0.0
no_tumor,axial,0.0,0.0,0.0,0.0,0.0,0.0,0.0,0.0,0.0
no_tumor,axial,0.0,0.0,0.0,0.0,0.0,0.0,0.0,0.0,0.0
no_tumor,axial,0.0,0.0,0.0,0.0,0.0,0.0,0.0,0.0,0.0
no_tumor,axial,0.0,0.0,0.0,0.0,0.0,0.0,0.0,0.0,0.0
no_tumor,axial,0.0,0.0,0.0,0.0,0.0,0.0,0.0,0.0,0.0
no_tumor,axial,0.0,0.0,0.0,0.0,0.0,0.0,0.0,0.0,0.0
no_tumor,axial,0.0,0.0,0.0,0.0,0.0,0.0,0.0,0.0,0.0
no_tumor,axial,0.0,0.0,0.0,0.0,0.0,0.0,0.0,0.0,0.0
no_tumor,axial,0.0,0.0,0.0,0.0,0.0,0.0,0.0,0.0,0.0
no_tumor,axial,0.0,0.0,0.0,0.0,0.0,0.0,0.0,0.0,0.0
no_tumor,axial,0.0,0.0,0.0,0.0,0.0,0.0,0.0,0.0,0.0
no_tumor,axial,0.0,0.0,0.0,0.0,0.0,0.0,0.0,0.0,0.0
no_tumor,axial,0.0,0.0,0.0,0.0,0.0,0.0,0.0,0.0,0.0
no_tumor,axial,0.0,0.0,0.0,0.0,0.0,0.0,0.0,0.0,0.0
no_tumor,axial,0.0,0.0,0.0,0.0,0.0,0.0,0.0,0.0,0.0
no_tumor,axial,0.0,0.0,0.0,0.0,0.0,0.0,0.0,0.0,0.0
no_tumor,axial,0.0,0.0,0.0,0.0,0.0,0.0,0.0,0.0,0.0
no_tumor,axial,0.0,0.0,0.0,0.0,0.0,0.0,0.0,0.0,0.0
no_tumor,axial,0.0,0.0,0.0,0.0,0.0,0.0,0.0,0.0,0.0
no_tumor,axial,0.0,0.0,0.0,0.0,0.0,0.0,0.0,0.0,0.0
no_tumor,axial,0.0,0.0,0.0,0.0,0.0,0.0,0.0,0.0,0.0
no_tumor,axial,0.0,0.0,0.0,0.0,0.0,0.0,0.0,0.0,0.0
no_tumor,axial,0.0,0.0,0.0,0.0,0.0,0.0,0.0,0.0,0.0
no_tumor,axial,0.0,0.0,0.0,0.0,0.0,0.0,0.0,0.0,0.0
no_tumor,axial,0.0,0.0,0.0,0.0,0.0,0.0,0.0,0.0,0.0
no_tumor,axial,0.0,0.0,0.0,0.0,0.0,0.0,0.0,0.0,0.0
no_tumor,axial,0.0,0.0,0.0,0.0,0.0,0.0,0.0,0.0,0.0
no_tumor,axial,0.0,0.0,0.0,0.0,0.0,0.0,0.0,0.0,0.0
no_tumor,axial,0.0,0.0,0.0,0.0,0.0,0.0,0.0,0.0,0.0
no_tumor,axial,0.0,0.0,0.0,0.0,0.0,0.0,0.0,0.0,0.0
no_tumor,axial,0.0,0.0,0.0,0.0,0.0,0.0,0.0,0.0,0.0
no_tumor,axial,0.0,0.0,0.0,0.0,0.0,0.0,0.0,0.0,0.0
no_tumor,axial,0.0,0.0,0.0,0.0,0.0,0.0,0.0,0.0,0.0
no_tumor,axial,0.0,0.0,0.0,0.0,0.0,0.0,0.0,0.0,0.0
no_tumor,axial,0.0,0.0,0.0,0.0,0.0,0.0,0.0,0.0,0.0
no_tumor,axial,0.0,0.0,0.0,0.0,0.0,0.0,0.0,0.0,0.0
no_tumor,axial,0.0,0.0,0.0,0.0,0.0,0.0,0.0,0.0,0.0
no_tumor,axial,0.0,0.0,0.0,0.0,0.0,0.0,0.0,0.0,0.0
no_tumor,axial,0.0,0.0,0.0,0.0,0.0,0.0,0.0,0.0,0.0
no_tumor,axial,0.0,0.0,0.0,0.0,0.0,0.0,0.0,0.0,0.0
no_tumor,axial,0.0,0.0,0.0,0.0,0.0,0.0,0.0,0.0,0.0
no_tumor,axial,0.0,0.0,0.0,0.0,0.0,0.0,0.0,0.0,0.0
no_tumor,axial,0.0,0.0,0.0,0.0,0.0,0.0,0.0,0.0,0.0
no_tumor,axial,0.0,0.0,0.0,0.0,0.0,0.0,0.0,0.0,0.0
no_tumor,axial,0.0,0.0,0.0,0.0,0.0,0.0,0.0,0.0,0.0
no_tumor,axial,0.0,0.0,0.0,0.0,0.0,0.0,0.0,0.0,0.0
no_tumor,axial,0.0,0.0,0.0,0.0,0.0,0.0,0.0,0.0,0.0
no_tumor,axial,0.0,0.0,0.0,0.0,0.0,0.0,0.0,0.0,0.0
no_tumor,axial,0.0,0.0,0.0,0.0,0.0,0.0,0.0,0.0,0.0
no_tumor,axial,0.0,0.0,0.0,0.0,0.0,0.0,0.0,0.0,0.0
no_tumor,axial,0.0,0.0,0.0,0.0,0.0,0.0,0.0,0.0,0.0
no_tumor,axial,0.0,0.0,0.0,0.0,0.0,0.0,0.0,0.0,0.0
no_tumor,axial,0.0,0.0,0.0,0.0,0.0,0.0,0.0,0.0,0.0
no_tumor,axial,0.0,0.0,0.0,0.0,0.0,0.0,0.0,0.0,0.0
no_tumor,axial,0.0,0.0,0.0,0.0,0.0,0.0,0.0,0.0,0.0
no_tumor,axial,0.0,0.0,0.0,0.0,0.0,0.0,0.0,0.0,0.0
no_tumor,axial,0.0,0.0,0.0,0.0,0.0,0.0,0.0,0.0,0.0
no_tumor,axial,0.0,0.0,0.0,0.0,0.0,0.0,0.0,0.0,0.0
no_tumor,axial,0.0,0.0,0.0,0.0,0.0,0.0,0.0,0.0,0.0
no_tumor,axial,0.0,0.0,0.0,0.0,0.0,0.0,0.0,0.0,0.0
no_tumor,axial,0.0,0.0,0.0,0.0,0.0,0.0,0.0,0.0,0.0
no_tumor,axial,0.0,0.0,0.0,0.0,0.0,0.0,0.0,0.0,0.0
no_tumor,axial,0.0,0.0,0.0,0.0,0.0,0.0,0.0,0.0,0.0
no_tumor,axial,0.0,0.0,0.0,0.0,0.0,0.0,0.0,0.0,0.0
no_tumor,axial,0.0,0.0,0.0,0.0,0.0,0.0,0.0,0.0,0.0
no_tumor,axial,0.0,0.0,0.0,0.0,0.0,0.0,0.0,0.0,0.0
no_tumor,axial,0.0,0.0,0.0,0.0,0.0,0.0,0.0,0.0,0.0
no_tumor,axial,0.0,0.0,0.0,0.0,0.0,0.0,0.0,0.0,0.0
no_tumor,axial,0.0,0.0,0.0,0.0,0.0,0.0,0.0,0.0,0.0
no_tumor,axial,0.0,0.0,0.0,0.0,0.0,0.0,0.0,0.0,0.0
no_tumor,axial,0.0,0.0,0.0,0.0,0.0,0.0,0.0,0.0,0.0
no_tumor,axial,0.0,0.0,0.0,0.0,0.0,0.0,0.0,0.0,0.0
no_tumor,axial,0.0,0.0,0.0,0.0,0.0,0.0,0.0,0.0,0.0
no_tumor,axial,0.0,0.0,0.0,0.0,0.0,0.0,0.0,0.0,0.0
no_tumor,axial,0.0,0.0,0.0,0.0,0.0,0.0,0.0,0.0,0.0
no_tumor,axial,0.0,0.0,0.0,0.0,0.0,0.0,0.0,0.0,0.0
no_tumor,axial,0.0,0.0,0.0,0.0,0.0,0.0,0.0,0.0,0.0
no_tumor,axial,0.0,0.0,0.0,0.0,0.0,0.0,0.0,0.0,0.0
no_tumor,axial,0.0,0.0,0.0,0.0,0.0,0.0,0.0,0.0,0.0
no_tumor,axial,0.0,0.0,0.0,0.0,0.0,0.0,0.0,0.0,0.0
no_tumor,axial,0.0,0.0,0.0,0.0,0.0,0.0,0.0,0.0,0.0
no_tumor,axial,0.0,0.0,0.0,0.0,0.0,0.0,0.0,0.0,0.0
no_tumor,axial,0.0,0.0,0.0,0.0,0.0,0.0,0.0,0.0,0.0
no_tumor,axial,0.0,0.0,0.0,0.0,0.0,0.0,0.0,0.0,0.0
no_tumor,axial,0.0,0.0,0.0,0.0,0.0,0.0,0.0,0.0,0.0
no_tumor,axial,0.0,0.0,0.0,0.0,0.0,0.0,0.0,0.0,0.0
no_tumor,axial,0.0,0.0,0.0,0.0,0.0,0.0,0.0,0.0,0.0
no_tumor,axial,0.0,0.0,0.0,0.0,0.0,0.0,0.0,0.0,0.0
no_tumor,axial,0.0,0.0,0.0,0.0,0.0,0.0,0.0,0.0,0.0
no_tumor,axial,0.0,0.0,0.0,0.0,0.0,0.0,0.0,0.0,0.0
no_tumor,axial,0.0,0.0,0.0,0.0,0.0,0.0,0.0,0.0,0.0
no_tumor,axial,0.0,0.0,0.0,0.0,0.0,0.0,0.0,0.0,0.0
no_tumor,axial,0.0,0.0,0.0,0.0,0.0,0.0,0.0,0.0,0.0
no_tumor,axial,0.0,0.0,0.0,0.0,0.0,0.0,0.0,0.0,0.0
no_tumor,axial,0.0,0.0,0.0,0.0,0.0,0.0,0.0,0.0,0.0
no_tumor,axial,0.0,0.0,0.0,0.0,0.0,0.0,0.0,0.0,0.0
no_tumor,axial,0.0,0.0,0.0,0.0,0.0,0.0,0.0,0.0,0.0
no_tumor,axial,0.0,0.0,0.0,0.0,0.0,0.0,0.0,0.0,0.0
no_tumor,axial,0.0,0.0,0.0,0.0,0.0,0.0,0.0,0.0,0.0
no_tumor,axial,0.0,0.0,0.0,0.0,0.0,0.0,0.0,0.0,0.0
no_tumor,axial,0.0,0.0,0.0,0.0,0.0,0.0,0.0,0.0,0.0
no_tumor,axial,0.0,0.0,0.0,0.0,0.0,0.0,0.0,0.0,0.0
no_tumor,axial,0.0,0.0,0.0,0.0,0.0,0.0,0.0,0.0,0.0
no_tumor,axial,0.0,0.0,0.0,0.0,0.0,0.0,0.0,0.0,0.0
no_tumor,axial,0.0,0.0,0.0,0.0,0.0,0.0,0.0,0.0,0.0
no_tumor,axial,0.0,0.0,0.0,0.0,0.0,0.0,0.0,0.0,0.0
no_tumor,axial,0.0,0.0,0.0,0.0,0.0,0.0,0.0,0.0,0.0
no_tumor,axial,0.0,0.0,0.0,0.0,0.0,0.0,0.0,0.0,0.0
no_tumor,axial,0.0,0.0,0.0,0.0,0.0,0.0,0.0,0.0,0.0
no_tumor,axial,0.0,0.0,0.0,0.0,0.0,0.0,0.0,0.0,0.0
no_tumor,axial,0.0,0.0,0.0,0.0,0.0,0.0,0.0,0.0,0.0
no_tumor,axial,0.0,0.0,0.0,0.0,0.0,0.0,0.0,0.0,0.0
no_tumor,axial,0.0,0.0,0.0,0.0,0.0,0.0,0.0,0.0,0.0
no_tumor,axial,0.0,0.0,0.0,0.0,0.0,0.0,0.0,0.0,0.0
no_tumor,axial,0.0,0.0,0.0,0.0,0.0,0.0,0.0,0.0,0.0
no_tumor,axial,0.0,0.0,0.0,0.0,0.0,0.0,0.0,0.0,0.0
no_tumor,axial,0.0,0.0,0.0,0.0,0.0,0.0,0.0,0.0,0.0
no_tumor,axial,0.0,0.0,0.0,0.0,0.0,0.0,0.0,0.0,0.0
no_tumor,axial,0.0,0.0,0.0,0.0,0.0,0.0,0.0,0.0,0.0
no_tumor,axial,0.0,0.0,0.0,0.0,0.0,0.0,0.0,0.0,0.0
no_tumor,axial,0.0,0.0,0.0,0.0,0.0,0.0,0.0,0.0,0.0
no_tumor,axial,0.0,0.0,0.0,0.0,0.0,0.0,0.0,0.0,0.0
no_tumor,axial,0.0,0.0,0.0,0.0,0.0,0.0,0.0,0.0,0.0
no_tumor,axial,0.0,0.0,0.0,0.0,0.0,0.0,0.0,0.0,0.0
no_tumor,axial,0.0,0.0,0.0,0.0,0.0,0.0,0.0,0.0,0.0
no_tumor,axial,0.0,0.0,0.0,0.0,0.0,0.0,0.0,0.0,0.0
no_tumor,axial,0.0,0.0,0.0,0.0,0.0,0.0,0.0,0.0,0.0
no_tumor,axial,0.0,0.0,0.0,0.0,0.0,0.0,0.0,0.0,0.0
no_tumor,axial,0.0,0.0,0.0,0.0,0.0,0.0,0.0,0.0,0.0
no_tumor,axial,0.0,0.0,0.0,0.0,0.0,0.0,0.0,0.0,0.0
no_tumor,axial,0.0,0.0,0.0,0.0,0.0,0.0,0.0,0.0,0.0
no_tumor,axial,0.0,0.0,0.0,0.0,0.0,0.0,0.0,0.0,0.0
no_tumor,axial,0.0,0.0,0.0,0.0,0.0,0.0,0.0,0.0,0.0
no_tumor,axial,0.0,0.0,0.0,0.0,0.0,0.0,0.0,0.0,0.0
no_tumor,axial,0.0,0.0,0.0,0.0,0.0,0.0,0.0,0.0,0.0
no_tumor,axial,0.0,0.0,0.0,0.0,0.0,0.0,0.0,0.0,0.0
no_tumor,axial,0.0,0.0,0.0,0.0,0.0,0.0,0.0,0.0,0.0
no_tumor,axial,0.0,0.0,0.0,0.0,0.0,0.0,0.0,0.0,0.0
no_tumor,axial,0.0,0.0,0.0,0.0,0.0,0.0,0.0,0.0,0.0
no_tumor,axial,0.0,0.0,0.0,0.0,0.0,0.0,0.0,0.0,0.0
no_tumor,axial,0.0,0.0,0.0,0.0,0.0,0.0,0.0,0.0,0.0
no_tumor,axial,0.0,0.0,0.0,0.0,0.0,0.0,0.0,0.0,0.0
no_tumor,axial,0.0,0.0,0.0,0.0,0.0,0.0,0.0,0.0,0.0
no_tumor,axial,0.0,0.0,0.0,0.0,0.0,0.0,0.0,0.0,0.0
no_tumor,axial,0.0,0.0,0.0,0.0,0.0,0.0,0.0,0.0,0.0
no_tumor,axial,0.0,0.0,0.0,0.0,0.0,0.0,0.0,0.0,0.0
no_tumor,axial,0.0,0.0,0.0,0.0,0.0,0.0,0.0,0.0,0.0
no_tumor,axial,0.0,0.0,0.0,0.0,0.0,0.0,0.0,0.0,0.0
no_tumor,axial,0.0,0.0,0.0,0.0,0.0,0.0,0.0,0.0,0.0
no_tumor,axial,0.0,0.0,0.0,0.0,0.0,0.0,0.0,0.0,0.0
no_tumor,axial,0.0,0.0,0.0,0.0,0.0,0.0,0.0,0.0,0.0
no_tumor,axial,0.0,0.0,0.0,0.0,0.0,0.0,0.0,0.0,0.0
no_tumor,axial,0.0,0.0,0.0,0.0,0.0,0.0,0.0,0.0,0.0
no_tumor,axial,0.0,0.0,0.0,0.0,0.0,0.0,0.0,0.0,0.0
no_tumor,axial,0.0,0.0,0.0,0.0,0.0,0.0,0.0,0.0,0.0
no_tumor,axial,0.0,0.0,0.0,0.0,0.0,0.0,0.0,0.0,0.0
no_tumor,axial,0.0,0.0,0.0,0.0,0.0,0.0,0.0,0.0,0.0
no_tumor,axial,0.0,0.0,0.0,0.0,0.0,0.0,0.0,0.0,0.0
no_tumor,axial,0.0,0.0,0.0,0.0,0.0,0.0,0.0,0.0,0.0
no_tumor,axial,0.0,0.0,0.0,0.0,0.0,0.0,0.0,0.0,0.0
no_tumor,axial,0.0,0.0,0.0,0.0,0.0,0.0,0.0,0.0,0.0
no_tumor,axial,0.0,0.0,0.0,0.0,0.0,0.0,0.0,0.0,0.0
no_tumor,axial,0.0,0.0,0.0,0.0,0.0,0.0,0.0,0.0,0.0
no_tumor,axial,0.0,0.0,0.0,0.0,0.0,0.0,0.0,0.0,0.0
no_tumor,axial,0.0,0.0,0.0,0.0,0.0,0.0,0.0,0.0,0.0
no_tumor,axial,0.0,0.0,0.0,0.0,0.0,0.0,0.0,0.0,0.0
no_tumor,axial,0.0,0.0,0.0,0.0,0.0,0.0,0.0,0.0,0.0
no_tumor,axial,0.0,0.0,0.0,0.0,0.0,0.0,0.0,0.0,0.0
no_tumor,axial,0.0,0.0,0.0,0.0,0.0,0.0,0.0,0.0,0.0
no_tumor,axial,0.0,0.0,0.0,0.0,0.0,0.0,0.0,0.0,0.0
no_tumor,axial,0.0,0.0,0.0,0.0,0.0,0.0,0.0,0.0,0.0
no_tumor,axial,0.0,0.0,0.0,0.0,0.0,0.0,0.0,0.0,0.0
no_tumor,axial,0.0,0.0,0.0,0.0,0.0,0.0,0.0,0.0,0.0
no_tumor,axial,0.0,0.0,0.0,0.0,0.0,0.0,0.0,0.0,0.0
no_tumor,axial,0.0,0.0,0.0,0.0,0.0,0.0,0.0,0.0,0.0
no_tumor,axial,0.0,0.0,0.0,0.0,0.0,0.0,0.0,0.0,0.0
no_tumor,axial,0.0,0.0,0.0,0.0,0.0,0.0,0.0,0.0,0.0
no_tumor,axial,0.0,0.0,0.0,0.0,0.0,0.0,0.0,0.0,0.0
no_tumor,axial,0.0,0.0,0.0,0.0,0.0,0.0,0.0,0.0,0.0
no_tumor,axial,0.0,0.0,0.0,0.0,0.0,0.0,0.0,0.0,0.0
no_tumor,axial,0.0,0.0,0.0,0.0,0.0,0.0,0.0,0.0,0.0
no_tumor,axial,0.0,0.0,0.0,0.0,0.0,0.0,0.0,0.0,0.0
no_tumor,axial,0.0,0.0,0.0,0.0,0.0,0.0,0.0,0.0,0.0
no_tumor,axial,0.0,0.0,0.0,0.0,0.0,0.0,0.0,0.0,0.0
no_tumor,axial,0.0,0.0,0.0,0.0,0.0,0.0,0.0,0.0,0.0
no_tumor,axial,0.0,0.0,0.0,0.0,0.0,0.0,0.0,0.0,0.0
no_tumor,axial,0.0,0.0,0.0,0.0,0.0,0.0,0.0,0.0,0.0
no_tumor,axial,0.0,0.0,0.0,0.0,0.0,0.0,0.0,0.0,0.0
no_tumor,axial,0.0,0.0,0.0,0.0,0.0,0.0,0.0,0.0,0.0
no_tumor,axial,0.0,0.0,0.0,0.0,0.0,0.0,0.0,0.0,0.0
no_tumor,axial,0.0,0.0,0.0,0.0,0.0,0.0,0.0,0.0,0.0
no_tumor,axial,0.0,0.0,0.0,0.0,0.0,0.0,0.0,0.0,0.0
no_tumor,axial,0.0,0.0,0.0,0.0,0.0,0.0,0.0,0.0,0.0
no_tumor,axial,0.0,0.0,0.0,0.0,0.0,0.0,0.0,0.0,0.0
no_tumor,axial,0.0,0.0,0.0,0.0,0.0,0.0,0.0,0.0,0.0
no_tumor,axial,0.0,0.0,0.0,0.0,0.0,0.0,0.0,0.0,0.0
no_tumor,axial,0.0,0.0,0.0,0.0,0.0,0.0,0.0,0.0,0.0
no_tumor,axial,0.0,0.0,0.0,0.0,0.0,0.0,0.0,0.0,0.0
no_tumor,axial,0.0,0.0,0.0,0.0,0.0,0.0,0.0,0.0,0.0
no_tumor,axial,0.0,0.0,0.0,0.0,0.0,0.0,0.0,0.0,0.0
no_tumor,axial,0.0,0.0,0.0,0.0,0.0,0.0,0.0,0.0,0.0
no_tumor,axial,0.0,0.0,0.0,0.0,0.0,0.0,0.0,0.0,0.0
no_tumor,axial,0.0,0.0,0.0,0.0,0.0,0.0,0.0,0.0,0.0
no_tumor,axial,0.0,0.0,0.0,0.0,0.0,0.0,0.0,0.0,0.0
no_tumor,axial,0.0,0.0,0.0,0.0,0.0,0.0,0.0,0.0,0.0
no_tumor,axial,0.0,0.0,0.0,0.0,0.0,0.0,0.0,0.0,0.0
no_tumor,axial,0.0,0.0,0.0,0.0,0.0,0.0,0.0,0.0,0.0
no_tumor,axial,0.0,0.0,0.0,0.0,0.0,0.0,0.0,0.0,0.0
no_tumor,axial,0.0,0.0,0.0,0.0,0.0,0.0,0.0,0.0,0.0
no_tumor,axial,0.0,0.0,0.0,0.0,0.0,0.0,0.0,0.0,0.0
no_tumor,axial,0.0,0.0,0.0,0.0,0.0,0.0,0.0,0.0,0.0
no_tumor,axial,0.0,0.0,0.0,0.0,0.0,0.0,0.0,0.0,0.0
no_tumor,axial,0.0,0.0,0.0,0.0,0.0,0.0,0.0,0.0,0.0
no_tumor,axial,0.0,0.0,0.0,0.0,0.0,0.0,0.0,0.0,0.0
no_tumor,axial,0.0,0.0,0.0,0.0,0.0,0.0,0.0,0.0,0.0
no_tumor,axial,0.0,0.0,0.0,0.0,0.0,0.0,0.0,0.0,0.0
no_tumor,axial,0.0,0.0,0.0,0.0,0.0,0.0,0.0,0.0,0.0
no_tumor,axial,0.0,0.0,0.0,0.0,0.0,0.0,0.0,0.0,0.0
no_tumor,axial,0.0,0.0,0.0,0.0,0.0,0.0,0.0,0.0,0.0
no_tumor,axial,0.0,0.0,0.0,0.0,0.0,0.0,0.0,0.0,0.0
no_tumor,axial,0.0,0.0,0.0,0.0,0.0,0.0,0.0,0.0,0.0
no_tumor,axial,0.0,0.0,0.0,0.0,0.0,0.0,0.0,0.0,0.0
no_tumor,axial,0.0,0.0,0.0,0.0,0.0,0.0,0.0,0.0,0.0
no_tumor,axial,0.0,0.0,0.0,0.0,0.0,0.0,0.0,0.0,0.0
no_tumor,axial,0.0,0.0,0.0,0.0,0.0,0.0,0.0,0.0,0.0
no_tumor,axial,0.0,0.0,0.0,0.0,0.0,0.0,0.0,0.0,0.0
no_tumor,axial,0.0,0.0,0.0,0.0,0.0,0.0,0.0,0.0,0.0
no_tumor,axial,0.0,0.0,0.0,0.0,0.0,0.0,0.0,0.0,0.0
no_tumor,axial,0.0,0.0,0.0,0.0,0.0,0.0,0.0,0.0,0.0
no_tumor,axial,0.0,0.0,0.0,0.0,0.0,0.0,0.0,0.0,0.0
no_tumor,axial,0.0,0.0,0.0,0.0,0.0,0.0,0.0,0.0,0.0
no_tumor,axial,0.0,0.0,0.0,0.0,0.0,0.0,0.0,0.0,0.0
no_tumor,axial,0.0,0.0,0.0,0.0,0.0,0.0,0.0,0.0,0.0
no_tumor,axial,0.0,0.0,0.0,0.0,0.0,0.0,0.0,0.0,0.0
no_tumor,axial,0.0,0.0,0.0,0.0,0.0,0.0,0.0,0.0,0.0
no_tumor,axial,0.0,0.0,0.0,0.0,0.0,0.0,0.0,0.0,0.0
no_tumor,axial,0.0,0.0,0.0,0.0,0.0,0.0,0.0,0.0,0.0
no_tumor,axial,0.0,0.0,0.0,0.0,0.0,0.0,0.0,0.0,0.0
no_tumor,axial,0.0,0.0,0.0,0.0,0.0,0.0,0.0,0.0,0.0
no_tumor,axial,0.0,0.0,0.0,0.0,0.0,0.0,0.0,0.0,0.0
no_tumor,axial,0.0,0.0,0.0,0.0,0.0,0.0,0.0,0.0,0.0
no_tumor,axial,0.0,0.0,0.0,0.0,0.0,0.0,0.0,0.0,0.0
no_tumor,axial,0.0,0.0,0.0,0.0,0.0,0.0,0.0,0.0,0.0
no_tumor,coronal,0.0,0.0,0.0,0.0,0.0,0.0,0.0,0.0,0.0
no_tumor,coronal,0.0,0.0,0.0,0.0,0.0,0.0,0.0,0.0,0.0
no_tumor,coronal,0.0,0.0,0.0,0.0,0.0,0.0,0.0,0.0,0.0
no_tumor,coronal,0.0,0.0,0.0,0.0,0.0,0.0,0.0,0.0,0.0
no_tumor,coronal,0.0,0.0,0.0,0.0,0.0,0.0,0.0,0.0,0.0
no_tumor,coronal,0.0,0.0,0.0,0.0,0.0,0.0,0.0,0.0,0.0
no_tumor,coronal,0.0,0.0,0.0,0.0,0.0,0.0,0.0,0.0,0.0
no_tumor,coronal,0.0,0.0,0.0,0.0,0.0,0.0,0.0,0.0,0.0
no_tumor,coronal,0.0,0.0,0.0,0.0,0.0,0.0,0.0,0.0,0.0
no_tumor,coronal,0.0,0.0,0.0,0.0,0.0,0.0,0.0,0.0,0.0
no_tumor,coronal,0.0,0.0,0.0,0.0,0.0,0.0,0.0,0.0,0.0
no_tumor,coronal,0.0,0.0,0.0,0.0,0.0,0.0,0.0,0.0,0.0
no_tumor,coronal,0.0,0.0,0.0,0.0,0.0,0.0,0.0,0.0,0.0
no_tumor,coronal,0.0,0.0,0.0,0.0,0.0,0.0,0.0,0.0,0.0
no_tumor,coronal,0.0,0.0,0.0,0.0,0.0,0.0,0.0,0.0,0.0
no_tumor,coronal,0.0,0.0,0.0,0.0,0.0,0.0,0.0,0.0,0.0
no_tumor,coronal,0.0,0.0,0.0,0.0,0.0,0.0,0.0,0.0,0.0
no_tumor,coronal,0.0,0.0,0.0,0.0,0.0,0.0,0.0,0.0,0.0
no_tumor,coronal,0.0,0.0,0.0,0.0,0.0,0.0,0.0,0.0,0.0
no_tumor,coronal,0.0,0.0,0.0,0.0,0.0,0.0,0.0,0.0,0.0
no_tumor,coronal,0.0,0.0,0.0,0.0,0.0,0.0,0.0,0.0,0.0
no_tumor,coronal,0.0,0.0,0.0,0.0,0.0,0.0,0.0,0.0,0.0
no_tumor,coronal,0.0,0.0,0.0,0.0,0.0,0.0,0.0,0.0,0.0
no_tumor,coronal,0.0,0.0,0.0,0.0,0.0,0.0,0.0,0.0,0.0
no_tumor,coronal,0.0,0.0,0.0,0.0,0.0,0.0,0.0,0.0,0.0
no_tumor,coronal,0.0,0.0,0.0,0.0,0.0,0.0,0.0,0.0,0.0
no_tumor,coronal,0.0,0.0,0.0,0.0,0.0,0.0,0.0,0.0,0.0
no_tumor,coronal,0.0,0.0,0.0,0.0,0.0,0.0,0.0,0.0,0.0
no_tumor,coronal,0.0,0.0,0.0,0.0,0.0,0.0,0.0,0.0,0.0
no_tumor,coronal,0.0,0.0,0.0,0.0,0.0,0.0,0.0,0.0,0.0
no_tumor,coronal,0.0,0.0,0.0,0.0,0.0,0.0,0.0,0.0,0.0
no_tumor,coronal,0.0,0.0,0.0,0.0,0.0,0.0,0.0,0.0,0.0
no_tumor,coronal,0.0,0.0,0.0,0.0,0.0,0.0,0.0,0.0,0.0
no_tumor,coronal,0.0,0.0,0.0,0.0,0.0,0.0,0.0,0.0,0.0
no_tumor,coronal,0.0,0.0,0.0,0.0,0.0,0.0,0.0,0.0,0.0
no_tumor,coronal,0.0,0.0,0.0,0.0,0.0,0.0,0.0,0.0,0.0
no_tumor,coronal,0.0,0.0,0.0,0.0,0.0,0.0,0.0,0.0,0.0
no_tumor,coronal,0.0,0.0,0.0,0.0,0.0,0.0,0.0,0.0,0.0
no_tumor,coronal,0.0,0.0,0.0,0.0,0.0,0.0,0.0,0.0,0.0
no_tumor,coronal,0.0,0.0,0.0,0.0,0.0,0.0,0.0,0.0,0.0
no_tumor,coronal,0.0,0.0,0.0,0.0,0.0,0.0,0.0,0.0,0.0
no_tumor,coronal,0.0,0.0,0.0,0.0,0.0,0.0,0.0,0.0,0.0
no_tumor,coronal,0.0,0.0,0.0,0.0,0.0,0.0,0.0,0.0,0.0
no_tumor,coronal,0.0,0.0,0.0,0.0,0.0,0.0,0.0,0.0,0.0
no_tumor,coronal,0.0,0.0,0.0,0.0,0.0,0.0,0.0,0.0,0.0
no_tumor,coronal,0.0,0.0,0.0,0.0,0.0,0.0,0.0,0.0,0.0
no_tumor,coronal,0.0,0.0,0.0,0.0,0.0,0.0,0.0,0.0,0.0
no_tumor,coronal,0.0,0.0,0.0,0.0,0.0,0.0,0.0,0.0,0.0
no_tumor,coronal,0.0,0.0,0.0,0.0,0.0,0.0,0.0,0.0,0.0
no_tumor,coronal,0.0,0.0,0.0,0.0,0.0,0.0,0.0,0.0,0.0
no_tumor,coronal,0.0,0.0,0.0,0.0,0.0,0.0,0.0,0.0,0.0
no_tumor,coronal,0.0,0.0,0.0,0.0,0.0,0.0,0.0,0.0,0.0
no_tumor,coronal,0.0,0.0,0.0,0.0,0.0,0.0,0.0,0.0,0.0
no_tumor,coronal,0.0,0.0,0.0,0.0,0.0,0.0,0.0,0.0,0.0
no_tumor,coronal,0.0,0.0,0.0,0.0,0.0,0.0,0.0,0.0,0.0
no_tumor,coronal,0.0,0.0,0.0,0.0,0.0,0.0,0.0,0.0,0.0
no_tumor,coronal,0.0,0.0,0.0,0.0,0.0,0.0,0.0,0.0,0.0
no_tumor,coronal,0.0,0.0,0.0,0.0,0.0,0.0,0.0,0.0,0.0
no_tumor,coronal,0.0,0.0,0.0,0.0,0.0,0.0,0.0,0.0,0.0
no_tumor,coronal,0.0,0.0,0.0,0.0,0.0,0.0,0.0,0.0,0.0
no_tumor,coronal,0.0,0.0,0.0,0.0,0.0,0.0,0.0,0.0,0.0
no_tumor,coronal,0.0,0.0,0.0,0.0,0.0,0.0,0.0,0.0,0.0
no_tumor,coronal,0.0,0.0,0.0,0.0,0.0,0.0,0.0,0.0,0.0
no_tumor,coronal,0.0,0.0,0.0,0.0,0.0,0.0,0.0,0.0,0.0
no_tumor,coronal,0.0,0.0,0.0,0.0,0.0,0.0,0.0,0.0,0.0
no_tumor,coronal,0.0,0.0,0.0,0.0,0.0,0.0,0.0,0.0,0.0
no_tumor,coronal,0.0,0.0,0.0,0.0,0.0,0.0,0.0,0.0,0.0
no_tumor,coronal,0.0,0.0,0.0,0.0,0.0,0.0,0.0,0.0,0.0
no_tumor,coronal,0.0,0.0,0.0,0.0,0.0,0.0,0.0,0.0,0.0
no_tumor,coronal,0.0,0.0,0.0,0.0,0.0,0.0,0.0,0.0,0.0
no_tumor,coronal,0.0,0.0,0.0,0.0,0.0,0.0,0.0,0.0,0.0
no_tumor,coronal,0.0,0.0,0.0,0.0,0.0,0.0,0.0,0.0,0.0
no_tumor,coronal,0.0,0.0,0.0,0.0,0.0,0.0,0.0,0.0,0.0
no_tumor,coronal,0.0,0.0,0.0,0.0,0.0,0.0,0.0,0.0,0.0
no_tumor,coronal,0.0,0.0,0.0,0.0,0.0,0.0,0.0,0.0,0.0
no_tumor,coronal,0.0,0.0,0.0,0.0,0.0,0.0,0.0,0.0,0.0
no_tumor,coronal,0.0,0.0,0.0,0.0,0.0,0.0,0.0,0.0,0.0
no_tumor,coronal,0.0,0.0,0.0,0.0,0.0,0.0,0.0,0.0,0.0
no_tumor,coronal,0.0,0.0,0.0,0.0,0.0,0.0,0.0,0.0,0.0
no_tumor,coronal,0.0,0.0,0.0,0.0,0.0,0.0,0.0,0.0,0.0
no_tumor,coronal,0.0,0.0,0.0,0.0,0.0,0.0,0.0,0.0,0.0
no_tumor,coronal,0.0,0.0,0.0,0.0,0.0,0.0,0.0,0.0,0.0
no_tumor,coronal,0.0,0.0,0.0,0.0,0.0,0.0,0.0,0.0,0.0
no_tumor,coronal,0.0,0.0,0.0,0.0,0.0,0.0,0.0,0.0,0.0
no_tumor,coronal,0.0,0.0,0.0,0.0,0.0,0.0,0.0,0.0,0.0
no_tumor,coronal,0.0,0.0,0.0,0.0,0.0,0.0,0.0,0.0,0.0
no_tumor,coronal,0.0,0.0,0.0,0.0,0.0,0.0,0.0,0.0,0.0
no_tumor,coronal,0.0,0.0,0.0,0.0,0.0,0.0,0.0,0.0,0.0
no_tumor,coronal,0.0,0.0,0.0,0.0,0.0,0.0,0.0,0.0,0.0
no_tumor,coronal,0.0,0.0,0.0,0.0,0.0,0.0,0.0,0.0,0.0
no_tumor,coronal,0.0,0.0,0.0,0.0,0.0,0.0,0.0,0.0,0.0
no_tumor,coronal,0.0,0.0,0.0,0.0,0.0,0.0,0.0,0.0,0.0
no_tumor,coronal,0.0,0.0,0.0,0.0,0.0,0.0,0.0,0.0,0.0
no_tumor,coronal,0.0,0.0,0.0,0.0,0.0,0.0,0.0,0.0,0.0
no_tumor,coronal,0.0,0.0,0.0,0.0,0.0,0.0,0.0,0.0,0.0
no_tumor,coronal,0.0,0.0,0.0,0.0,0.0,0.0,0.0,0.0,0.0
no_tumor,coronal,0.0,0.0,0.0,0.0,0.0,0.0,0.0,0.0,0.0
no_tumor,coronal,0.0,0.0,0.0,0.0,0.0,0.0,0.0,0.0,0.0
no_tumor,coronal,0.0,0.0,0.0,0.0,0.0,0.0,0.0,0.0,0.0
no_tumor,coronal,0.0,0.0,0.0,0.0,0.0,0.0,0.0,0.0,0.0
no_tumor,coronal,0.0,0.0,0.0,0.0,0.0,0.0,0.0,0.0,0.0
no_tumor,coronal,0.0,0.0,0.0,0.0,0.0,0.0,0.0,0.0,0.0
no_tumor,coronal,0.0,0.0,0.0,0.0,0.0,0.0,0.0,0.0,0.0
no_tumor,coronal,0.0,0.0,0.0,0.0,0.0,0.0,0.0,0.0,0.0
no_tumor,coronal,0.0,0.0,0.0,0.0,0.0,0.0,0.0,0.0,0.0
no_tumor,coronal,0.0,0.0,0.0,0.0,0.0,0.0,0.0,0.0,0.0
no_tumor,coronal,0.0,0.0,0.0,0.0,0.0,0.0,0.0,0.0,0.0
no_tumor,coronal,0.0,0.0,0.0,0.0,0.0,0.0,0.0,0.0,0.0
no_tumor,coronal,0.0,0.0,0.0,0.0,0.0,0.0,0.0,0.0,0.0
no_tumor,coronal,0.0,0.0,0.0,0.0,0.0,0.0,0.0,0.0,0.0
no_tumor,coronal,0.0,0.0,0.0,0.0,0.0,0.0,0.0,0.0,0.0
no_tumor,coronal,0.0,0.0,0.0,0.0,0.0,0.0,0.0,0.0,0.0
no_tumor,coronal,0.0,0.0,0.0,0.0,0.0,0.0,0.0,0.0,0.0
no_tumor,coronal,0.0,0.0,0.0,0.0,0.0,0.0,0.0,0.0,0.0
no_tumor,coronal,0.0,0.0,0.0,0.0,0.0,0.0,0.0,0.0,0.0
no_tumor,coronal,0.0,0.0,0.0,0.0,0.0,0.0,0.0,0.0,0.0
no_tumor,coronal,0.0,0.0,0.0,0.0,0.0,0.0,0.0,0.0,0.0
no_tumor,coronal,0.0,0.0,0.0,0.0,0.0,0.0,0.0,0.0,0.0
no_tumor,coronal,0.0,0.0,0.0,0.0,0.0,0.0,0.0,0.0,0.0
no_tumor,coronal,0.0,0.0,0.0,0.0,0.0,0.0,0.0,0.0,0.0
no_tumor,coronal,0.0,0.0,0.0,0.0,0.0,0.0,0.0,0.0,0.0
no_tumor,coronal,0.0,0.0,0.0,0.0,0.0,0.0,0.0,0.0,0.0
no_tumor,coronal,0.0,0.0,0.0,0.0,0.0,0.0,0.0,0.0,0.0
no_tumor,coronal,0.0,0.0,0.0,0.0,0.0,0.0,0.0,0.0,0.0
no_tumor,coronal,0.0,0.0,0.0,0.0,0.0,0.0,0.0,0.0,0.0
no_tumor,coronal,0.0,0.0,0.0,0.0,0.0,0.0,0.0,0.0,0.0
no_tumor,coronal,0.0,0.0,0.0,0.0,0.0,0.0,0.0,0.0,0.0
no_tumor,coronal,0.0,0.0,0.0,0.0,0.0,0.0,0.0,0.0,0.0
no_tumor,coronal,0.0,0.0,0.0,0.0,0.0,0.0,0.0,0.0,0.0
no_tumor,coronal,0.0,0.0,0.0,0.0,0.0,0.0,0.0,0.0,0.0
no_tumor,coronal,0.0,0.0,0.0,0.0,0.0,0.0,0.0,0.0,0.0
no_tumor,coronal,0.0,0.0,0.0,0.0,0.0,0.0,0.0,0.0,0.0
no_tumor,coronal,0.0,0.0,0.0,0.0,0.0,0.0,0.0,0.0,0.0
no_tumor,coronal,0.0,0.0,0.0,0.0,0.0,0.0,0.0,0.0,0.0
no_tumor,coronal,0.0,0.0,0.0,0.0,0.0,0.0,0.0,0.0,0.0
no_tumor,coronal,0.0,0.0,0.0,0.0,0.0,0.0,0.0,0.0,0.0
no_tumor,coronal,0.0,0.0,0.0,0.0,0.0,0.0,0.0,0.0,0.0
no_tumor,coronal,0.0,0.0,0.0,0.0,0.0,0.0,0.0,0.0,0.0
no_tumor,coronal,0.0,0.0,0.0,0.0,0.0,0.0,0.0,0.0,0.0
no_tumor,coronal,0.0,0.0,0.0,0.0,0.0,0.0,0.0,0.0,0.0
no_tumor,coronal,0.0,0.0,0.0,0.0,0.0,0.0,0.0,0.0,0.0
no_tumor,coronal,0.0,0.0,0.0,0.0,0.0,0.0,0.0,0.0,0.0
no_tumor,coronal,0.0,0.0,0.0,0.0,0.0,0.0,0.0,0.0,0.0
no_tumor,coronal,0.0,0.0,0.0,0.0,0.0,0.0,0.0,0.0,0.0
no_tumor,coronal,0.0,0.0,0.0,0.0,0.0,0.0,0.0,0.0,0.0
no_tumor,coronal,0.0,0.0,0.0,0.0,0.0,0.0,0.0,0.0,0.0
no_tumor,coronal,0.0,0.0,0.0,0.0,0.0,0.0,0.0,0.0,0.0
no_tumor,coronal,0.0,0.0,0.0,0.0,0.0,0.0,0.0,0.0,0.0
no_tumor,coronal,0.0,0.0,0.0,0.0,0.0,0.0,0.0,0.0,0.0
no_tumor,coronal,0.0,0.0,0.0,0.0,0.0,0.0,0.0,0.0,0.0
no_tumor,coronal,0.0,0.0,0.0,0.0,0.0,0.0,0.0,0.0,0.0
no_tumor,coronal,0.0,0.0,0.0,0.0,0.0,0.0,0.0,0.0,0.0
no_tumor,coronal,0.0,0.0,0.0,0.0,0.0,0.0,0.0,0.0,0.0
no_tumor,coronal,0.0,0.0,0.0,0.0,0.0,0.0,0.0,0.0,0.0
no_tumor,coronal,0.0,0.0,0.0,0.0,0.0,0.0,0.0,0.0,0.0
no_tumor,coronal,0.0,0.0,0.0,0.0,0.0,0.0,0.0,0.0,0.0
no_tumor,coronal,0.0,0.0,0.0,0.0,0.0,0.0,0.0,0.0,0.0
no_tumor,coronal,0.0,0.0,0.0,0.0,0.0,0.0,0.0,0.0,0.0
no_tumor,coronal,0.0,0.0,0.0,0.0,0.0,0.0,0.0,0.0,0.0
no_tumor,coronal,0.0,0.0,0.0,0.0,0.0,0.0,0.0,0.0,0.0
no_tumor,coronal,0.0,0.0,0.0,0.0,0.0,0.0,0.0,0.0,0.0
no_tumor,coronal,0.0,0.0,0.0,0.0,0.0,0.0,0.0,0.0,0.0
no_tumor,coronal,0.0,0.0,0.0,0.0,0.0,0.0,0.0,0.0,0.0
no_tumor,coronal,0.0,0.0,0.0,0.0,0.0,0.0,0.0,0.0,0.0
no_tumor,coronal,0.0,0.0,0.0,0.0,0.0,0.0,0.0,0.0,0.0
no_tumor,coronal,0.0,0.0,0.0,0.0,0.0,0.0,0.0,0.0,0.0
no_tumor,coronal,0.0,0.0,0.0,0.0,0.0,0.0,0.0,0.0,0.0
no_tumor,coronal,0.0,0.0,0.0,0.0,0.0,0.0,0.0,0.0,0.0
no_tumor,coronal,0.0,0.0,0.0,0.0,0.0,0.0,0.0,0.0,0.0
no_tumor,coronal,0.0,0.0,0.0,0.0,0.0,0.0,0.0,0.0,0.0
no_tumor,coronal,0.0,0.0,0.0,0.0,0.0,0.0,0.0,0.0,0.0
no_tumor,coronal,0.0,0.0,0.0,0.0,0.0,0.0,0.0,0.0,0.0
no_tumor,coronal,0.0,0.0,0.0,0.0,0.0,0.0,0.0,0.0,0.0
no_tumor,coronal,0.0,0.0,0.0,0.0,0.0,0.0,0.0,0.0,0.0
no_tumor,coronal,0.0,0.0,0.0,0.0,0.0,0.0,0.0,0.0,0.0
no_tumor,coronal,0.0,0.0,0.0,0.0,0.0,0.0,0.0,0.0,0.0
no_tumor,coronal,0.0,0.0,0.0,0.0,0.0,0.0,0.0,0.0,0.0
no_tumor,coronal,0.0,0.0,0.0,0.0,0.0,0.0,0.0,0.0,0.0
no_tumor,coronal,0.0,0.0,0.0,0.0,0.0,0.0,0.0,0.0,0.0
no_tumor,coronal,0.0,0.0,0.0,0.0,0.0,0.0,0.0,0.0,0.0
no_tumor,coronal,0.0,0.0,0.0,0.0,0.0,0.0,0.0,0.0,0.0
no_tumor,coronal,0.0,0.0,0.0,0.0,0.0,0.0,0.0,0.0,0.0
no_tumor,coronal,0.0,0.0,0.0,0.0,0.0,0.0,0.0,0.0,0.0
no_tumor,coronal,0.0,0.0,0.0,0.0,0.0,0.0,0.0,0.0,0.0
no_tumor,coronal,0.0,0.0,0.0,0.0,0.0,0.0,0.0,0.0,0.0
no_tumor,coronal,0.0,0.0,0.0,0.0,0.0,0.0,0.0,0.0,0.0
no_tumor,coronal,0.0,0.0,0.0,0.0,0.0,0.0,0.0,0.0,0.0
no_tumor,coronal,0.0,0.0,0.0,0.0,0.0,0.0,0.0,0.0,0.0
no_tumor,coronal,0.0,0.0,0.0,0.0,0.0,0.0,0.0,0.0,0.0
no_tumor,coronal,0.0,0.0,0.0,0.0,0.0,0.0,0.0,0.0,0.0
no_tumor,coronal,0.0,0.0,0.0,0.0,0.0,0.0,0.0,0.0,0.0
no_tumor,coronal,0.0,0.0,0.0,0.0,0.0,0.0,0.0,0.0,0.0
no_tumor,coronal,0.0,0.0,0.0,0.0,0.0,0.0,0.0,0.0,0.0
no_tumor,coronal,0.0,0.0,0.0,0.0,0.0,0.0,0.0,0.0,0.0
no_tumor,coronal,0.0,0.0,0.0,0.0,0.0,0.0,0.0,0.0,0.0
no_tumor,coronal,0.0,0.0,0.0,0.0,0.0,0.0,0.0,0.0,0.0
no_tumor,coronal,0.0,0.0,0.0,0.0,0.0,0.0,0.0,0.0,0.0
no_tumor,coronal,0.0,0.0,0.0,0.0,0.0,0.0,0.0,0.0,0.0
no_tumor,coronal,0.0,0.0,0.0,0.0,0.0,0.0,0.0,0.0,0.0
no_tumor,coronal,0.0,0.0,0.0,0.0,0.0,0.0,0.0,0.0,0.0
no_tumor,coronal,0.0,0.0,0.0,0.0,0.0,0.0,0.0,0.0,0.0
no_tumor,coronal,0.0,0.0,0.0,0.0,0.0,0.0,0.0,0.0,0.0
no_tumor,coronal,0.0,0.0,0.0,0.0,0.0,0.0,0.0,0.0,0.0
no_tumor,coronal,0.0,0.0,0.0,0.0,0.0,0.0,0.0,0.0,0.0
no_tumor,coronal,0.0,0.0,0.0,0.0,0.0,0.0,0.0,0.0,0.0
no_tumor,coronal,0.0,0.0,0.0,0.0,0.0,0.0,0.0,0.0,0.0
no_tumor,coronal,0.0,0.0,0.0,0.0,0.0,0.0,0.0,0.0,0.0
no_tumor,coronal,0.0,0.0,0.0,0.0,0.0,0.0,0.0,0.0,0.0
no_tumor,coronal,0.0,0.0,0.0,0.0,0.0,0.0,0.0,0.0,0.0
no_tumor,coronal,0.0,0.0,0.0,0.0,0.0,0.0,0.0,0.0,0.0
no_tumor,coronal,0.0,0.0,0.0,0.0,0.0,0.0,0.0,0.0,0.0
no_tumor,coronal,0.0,0.0,0.0,0.0,0.0,0.0,0.0,0.0,0.0
no_tumor,coronal,0.0,0.0,0.0,0.0,0.0,0.0,0.0,0.0,0.0
no_tumor,coronal,0.0,0.0,0.0,0.0,0.0,0.0,0.0,0.0,0.0
no_tumor,coronal,0.0,0.0,0.0,0.0,0.0,0.0,0.0,0.0,0.0
no_tumor,coronal,0.0,0.0,0.0,0.0,0.0,0.0,0.0,0.0,0.0
no_tumor,coronal,0.0,0.0,0.0,0.0,0.0,0.0,0.0,0.0,0.0
no_tumor,coronal,0.0,0.0,0.0,0.0,0.0,0.0,0.0,0.0,0.0
no_tumor,coronal,0.0,0.0,0.0,0.0,0.0,0.0,0.0,0.0,0.0
no_tumor,coronal,0.0,0.0,0.0,0.0,0.0,0.0,0.0,0.0,0.0
no_tumor,coronal,0.0,0.0,0.0,0.0,0.0,0.0,0.0,0.0,0.0
no_tumor,coronal,0.0,0.0,0.0,0.0,0.0,0.0,0.0,0.0,0.0
no_tumor,coronal,0.0,0.0,0.0,0.0,0.0,0.0,0.0,0.0,0.0
no_tumor,coronal,0.0,0.0,0.0,0.0,0.0,0.0,0.0,0.0,0.0
no_tumor,coronal,0.0,0.0,0.0,0.0,0.0,0.0,0.0,0.0,0.0
no_tumor,coronal,0.0,0.0,0.0,0.0,0.0,0.0,0.0,0.0,0.0
no_tumor,coronal,0.0,0.0,0.0,0.0,0.0,0.0,0.0,0.0,0.0
no_tumor,coronal,0.0,0.0,0.0,0.0,0.0,0.0,0.0,0.0,0.0
no_tumor,coronal,0.0,0.0,0.0,0.0,0.0,0.0,0.0,0.0,0.0
no_tumor,coronal,0.0,0.0,0.0,0.0,0.0,0.0,0.0,0.0,0.0
no_tumor,coronal,0.0,0.0,0.0,0.0,0.0,0.0,0.0,0.0,0.0
no_tumor,coronal,0.0,0.0,0.0,0.0,0.0,0.0,0.0,0.0,0.0
no_tumor,coronal,0.0,0.0,0.0,0.0,0.0,0.0,0.0,0.0,0.0
no_tumor,coronal,0.0,0.0,0.0,0.0,0.0,0.0,0.0,0.0,0.0
no_tumor,coronal,0.0,0.0,0.0,0.0,0.0,0.0,0.0,0.0,0.0
no_tumor,coronal,0.0,0.0,0.0,0.0,0.0,0.0,0.0,0.0,0.0
no_tumor,coronal,0.0,0.0,0.0,0.0,0.0,0.0,0.0,0.0,0.0
no_tumor,coronal,0.0,0.0,0.0,0.0,0.0,0.0,0.0,0.0,0.0
no_tumor,coronal,0.0,0.0,0.0,0.0,0.0,0.0,0.0,0.0,0.0
no_tumor,coronal,0.0,0.0,0.0,0.0,0.0,0.0,0.0,0.0,0.0
no_tumor,coronal,0.0,0.0,0.0,0.0,0.0,0.0,0.0,0.0,0.0
no_tumor,coronal,0.0,0.0,0.0,0.0,0.0,0.0,0.0,0.0,0.0
no_tumor,coronal,0.0,0.0,0.0,0.0,0.0,0.0,0.0,0.0,0.0
no_tumor,coronal,0.0,0.0,0.0,0.0,0.0,0.0,0.0,0.0,0.0
no_tumor,coronal,0.0,0.0,0.0,0.0,0.0,0.0,0.0,0.0,0.0
no_tumor,coronal,0.0,0.0,0.0,0.0,0.0,0.0,0.0,0.0,0.0
no_tumor,coronal,0.0,0.0,0.0,0.0,0.0,0.0,0.0,0.0,0.0
no_tumor,coronal,0.0,0.0,0.0,0.0,0.0,0.0,0.0,0.0,0.0
no_tumor,coronal,0.0,0.0,0.0,0.0,0.0,0.0,0.0,0.0,0.0
no_tumor,coronal,0.0,0.0,0.0,0.0,0.0,0.0,0.0,0.0,0.0
no_tumor,coronal,0.0,0.0,0.0,0.0,0.0,0.0,0.0,0.0,0.0
no_tumor,coronal,0.0,0.0,0.0,0.0,0.0,0.0,0.0,0.0,0.0
no_tumor,coronal,0.0,0.0,0.0,0.0,0.0,0.0,0.0,0.0,0.0
no_tumor,coronal,0.0,0.0,0.0,0.0,0.0,0.0,0.0,0.0,0.0
no_tumor,coronal,0.0,0.0,0.0,0.0,0.0,0.0,0.0,0.0,0.0
no_tumor,coronal,0.0,0.0,0.0,0.0,0.0,0.0,0.0,0.0,0.0
no_tumor,coronal,0.0,0.0,0.0,0.0,0.0,0.0,0.0,0.0,0.0
no_tumor,coronal,0.0,0.0,0.0,0.0,0.0,0.0,0.0,0.0,0.0
no_tumor,coronal,0.0,0.0,0.0,0.0,0.0,0.0,0.0,0.0,0.0
no_tumor,coronal,0.0,0.0,0.0,0.0,0.0,0.0,0.0,0.0,0.0
no_tumor,coronal,0.0,0.0,0.0,0.0,0.0,0.0,0.0,0.0,0.0
no_tumor,coronal,0.0,0.0,0.0,0.0,0.0,0.0,0.0,0.0,0.0
no_tumor,coronal,0.0,0.0,0.0,0.0,0.0,0.0,0.0,0.0,0.0
no_tumor,coronal,0.0,0.0,0.0,0.0,0.0,0.0,0.0,0.0,0.0
no_tumor,coronal,0.0,0.0,0.0,0.0,0.0,0.0,0.0,0.0,0.0
no_tumor,coronal,0.0,0.0,0.0,0.0,0.0,0.0,0.0,0.0,0.0
no_tumor,coronal,0.0,0.0,0.0,0.0,0.0,0.0,0.0,0.0,0.0
no_tumor,coronal,0.0,0.0,0.0,0.0,0.0,0.0,0.0,0.0,0.0
no_tumor,coronal,0.0,0.0,0.0,0.0,0.0,0.0,0.0,0.0,0.0
no_tumor,coronal,0.0,0.0,0.0,0.0,0.0,0.0,0.0,0.0,0.0
no_tumor,coronal,0.0,0.0,0.0,0.0,0.0,0.0,0.0,0.0,0.0
no_tumor,coronal,0.0,0.0,0.0,0.0,0.0,0.0,0.0,0.0,0.0
no_tumor,coronal,0.0,0.0,0.0,0.0,0.0,0.0,0.0,0.0,0.0
no_tumor,coronal,0.0,0.0,0.0,0.0,0.0,0.0,0.0,0.0,0.0
no_tumor,coronal,0.0,0.0,0.0,0.0,0.0,0.0,0.0,0.0,0.0
no_tumor,coronal,0.0,0.0,0.0,0.0,0.0,0.0,0.0,0.0,0.0
no_tumor,coronal,0.0,0.0,0.0,0.0,0.0,0.0,0.0,0.0,0.0
no_tumor,coronal,0.0,0.0,0.0,0.0,0.0,0.0,0.0,0.0,0.0
no_tumor,coronal,0.0,0.0,0.0,0.0,0.0,0.0,0.0,0.0,0.0
no_tumor,coronal,0.0,0.0,0.0,0.0,0.0,0.0,0.0,0.0,0.0
no_tumor,coronal,0.0,0.0,0.0,0.0,0.0,0.0,0.0,0.0,0.0
no_tumor,coronal,0.0,0.0,0.0,0.0,0.0,0.0,0.0,0.0,0.0
no_tumor,coronal,0.0,0.0,0.0,0.0,0.0,0.0,0.0,0.0,0.0
no_tumor,coronal,0.0,0.0,0.0,0.0,0.0,0.0,0.0,0.0,0.0
no_tumor,coronal,0.0,0.0,0.0,0.0,0.0,0.0,0.0,0.0,0.0
no_tumor,coronal,0.0,0.0,0.0,0.0,0.0,0.0,0.0,0.0,0.0
no_tumor,coronal,0.0,0.0,0.0,0.0,0.0,0.0,0.0,0.0,0.0
no_tumor,coronal,0.0,0.0,0.0,0.0,0.0,0.0,0.0,0.0,0.0
no_tumor,coronal,0.0,0.0,0.0,0.0,0.0,0.0,0.0,0.0,0.0
no_tumor,coronal,0.0,0.0,0.0,0.0,0.0,0.0,0.0,0.0,0.0
no_tumor,coronal,0.0,0.0,0.0,0.0,0.0,0.0,0.0,0.0,0.0
no_tumor,coronal,0.0,0.0,0.0,0.0,0.0,0.0,0.0,0.0,0.0
no_tumor,coronal,0.0,0.0,0.0,0.0,0.0,0.0,0.0,0.0,0.0
no_tumor,coronal,0.0,0.0,0.0,0.0,0.0,0.0,0.0,0.0,0.0
no_tumor,coronal,0.0,0.0,0.0,0.0,0.0,0.0,0.0,0.0,0.0
no_tumor,coronal,0.0,0.0,0.0,0.0,0.0,0.0,0.0,0.0,0.0
no_tumor,coronal,0.0,0.0,0.0,0.0,0.0,0.0,0.0,0.0,0.0
no_tumor,coronal,0.0,0.0,0.0,0.0,0.0,0.0,0.0,0.0,0.0
no_tumor,coronal,0.0,0.0,0.0,0.0,0.0,0.0,0.0,0.0,0.0
no_tumor,coronal,0.0,0.0,0.0,0.0,0.0,0.0,0.0,0.0,0.0
no_tumor,coronal,0.0,0.0,0.0,0.0,0.0,0.0,0.0,0.0,0.0
no_tumor,coronal,0.0,0.0,0.0,0.0,0.0,0.0,0.0,0.0,0.0
no_tumor,coronal,0.0,0.0,0.0,0.0,0.0,0.0,0.0,0.0,0.0
no_tumor,coronal,0.0,0.0,0.0,0.0,0.0,0.0,0.0,0.0,0.0
no_tumor,coronal,0.0,0.0,0.0,0.0,0.0,0.0,0.0,0.0,0.0
no_tumor,coronal,0.0,0.0,0.0,0.0,0.0,0.0,0.0,0.0,0.0
no_tumor,coronal,0.0,0.0,0.0,0.0,0.0,0.0,0.0,0.0,0.0
no_tumor,coronal,0.0,0.0,0.0,0.0,0.0,0.0,0.0,0.0,0.0
no_tumor,coronal,0.0,0.0,0.0,0.0,0.0,0.0,0.0,0.0,0.0
no_tumor,coronal,0.0,0.0,0.0,0.0,0.0,0.0,0.0,0.0,0.0
no_tumor,sagittal,0.0,0.0,0.0,0.0,0.0,0.0,0.0,0.0,0.0
no_tumor,sagittal,0.0,0.0,0.0,0.0,0.0,0.0,0.0,0.0,0.0
no_tumor,sagittal,0.0,0.0,0.0,0.0,0.0,0.0,0.0,0.0,0.0
no_tumor,sagittal,0.0,0.0,0.0,0.0,0.0,0.0,0.0,0.0,0.0
no_tumor,sagittal,0.0,0.0,0.0,0.0,0.0,0.0,0.0,0.0,0.0
no_tumor,sagittal,0.0,0.0,0.0,0.0,0.0,0.0,0.0,0.0,0.0
no_tumor,sagittal,0.0,0.0,0.0,0.0,0.0,0.0,0.0,0.0,0.0
no_tumor,sagittal,0.0,0.0,0.0,0.0,0.0,0.0,0.0,0.0,0.0
no_tumor,sagittal,0.0,0.0,0.0,0.0,0.0,0.0,0.0,0.0,0.0
no_tumor,sagittal,0.0,0.0,0.0,0.0,0.0,0.0,0.0,0.0,0.0
no_tumor,sagittal,0.0,0.0,0.0,0.0,0.0,0.0,0.0,0.0,0.0
no_tumor,sagittal,0.0,0.0,0.0,0.0,0.0,0.0,0.0,0.0,0.0
no_tumor,sagittal,0.0,0.0,0.0,0.0,0.0,0.0,0.0,0.0,0.0
no_tumor,sagittal,0.0,0.0,0.0,0.0,0.0,0.0,0.0,0.0,0.0
no_tumor,sagittal,0.0,0.0,0.0,0.0,0.0,0.0,0.0,0.0,0.0
no_tumor,sagittal,0.0,0.0,0.0,0.0,0.0,0.0,0.0,0.0,0.0
no_tumor,sagittal,0.0,0.0,0.0,0.0,0.0,0.0,0.0,0.0,0.0
no_tumor,sagittal,0.0,0.0,0.0,0.0,0.0,0.0,0.0,0.0,0.0
no_tumor,sagittal,0.0,0.0,0.0,0.0,0.0,0.0,0.0,0.0,0.0
no_tumor,sagittal,0.0,0.0,0.0,0.0,0.0,0.0,0.0,0.0,0.0
no_tumor,sagittal,0.0,0.0,0.0,0.0,0.0,0.0,0.0,0.0,0.0
no_tumor,sagittal,0.0,0.0,0.0,0.0,0.0,0.0,0.0,0.0,0.0
no_tumor,sagittal,0.0,0.0,0.0,0.0,0.0,0.0,0.0,0.0,0.0
no_tumor,sagittal,0.0,0.0,0.0,0.0,0.0,0.0,0.0,0.0,0.0
no_tumor,sagittal,0.0,0.0,0.0,0.0,0.0,0.0,0.0,0.0,0.0
no_tumor,sagittal,0.0,0.0,0.0,0.0,0.0,0.0,0.0,0.0,0.0
no_tumor,sagittal,0.0,0.0,0.0,0.0,0.0,0.0,0.0,0.0,0.0
no_tumor,sagittal,0.0,0.0,0.0,0.0,0.0,0.0,0.0,0.0,0.0
no_tumor,sagittal,0.0,0.0,0.0,0.0,0.0,0.0,0.0,0.0,0.0
no_tumor,sagittal,0.0,0.0,0.0,0.0,0.0,0.0,0.0,0.0,0.0
no_tumor,sagittal,0.0,0.0,0.0,0.0,0.0,0.0,0.0,0.0,0.0
no_tumor,sagittal,0.0,0.0,0.0,0.0,0.0,0.0,0.0,0.0,0.0
no_tumor,sagittal,0.0,0.0,0.0,0.0,0.0,0.0,0.0,0.0,0.0
no_tumor,sagittal,0.0,0.0,0.0,0.0,0.0,0.0,0.0,0.0,0.0
no_tumor,sagittal,0.0,0.0,0.0,0.0,0.0,0.0,0.0,0.0,0.0
no_tumor,sagittal,0.0,0.0,0.0,0.0,0.0,0.0,0.0,0.0,0.0
no_tumor,sagittal,0.0,0.0,0.0,0.0,0.0,0.0,0.0,0.0,0.0
no_tumor,sagittal,0.0,0.0,0.0,0.0,0.0,0.0,0.0,0.0,0.0
no_tumor,sagittal,0.0,0.0,0.0,0.0,0.0,0.0,0.0,0.0,0.0
no_tumor,sagittal,0.0,0.0,0.0,0.0,0.0,0.0,0.0,0.0,0.0
no_tumor,sagittal,0.0,0.0,0.0,0.0,0.0,0.0,0.0,0.0,0.0
no_tumor,sagittal,0.0,0.0,0.0,0.0,0.0,0.0,0.0,0.0,0.0
no_tumor,sagittal,0.0,0.0,0.0,0.0,0.0,0.0,0.0,0.0,0.0
no_tumor,sagittal,0.0,0.0,0.0,0.0,0.0,0.0,0.0,0.0,0.0
no_tumor,sagittal,0.0,0.0,0.0,0.0,0.0,0.0,0.0,0.0,0.0
no_tumor,sagittal,0.0,0.0,0.0,0.0,0.0,0.0,0.0,0.0,0.0
no_tumor,sagittal,0.0,0.0,0.0,0.0,0.0,0.0,0.0,0.0,0.0
no_tumor,sagittal,0.0,0.0,0.0,0.0,0.0,0.0,0.0,0.0,0.0
no_tumor,sagittal,0.0,0.0,0.0,0.0,0.0,0.0,0.0,0.0,0.0
no_tumor,sagittal,0.0,0.0,0.0,0.0,0.0,0.0,0.0,0.0,0.0
no_tumor,sagittal,0.0,0.0,0.0,0.0,0.0,0.0,0.0,0.0,0.0
no_tumor,sagittal,0.0,0.0,0.0,0.0,0.0,0.0,0.0,0.0,0.0
no_tumor,sagittal,0.0,0.0,0.0,0.0,0.0,0.0,0.0,0.0,0.0
no_tumor,sagittal,0.0,0.0,0.0,0.0,0.0,0.0,0.0,0.0,0.0
no_tumor,sagittal,0.0,0.0,0.0,0.0,0.0,0.0,0.0,0.0,0.0
no_tumor,sagittal,0.0,0.0,0.0,0.0,0.0,0.0,0.0,0.0,0.0
no_tumor,sagittal,0.0,0.0,0.0,0.0,0.0,0.0,0.0,0.0,0.0
no_tumor,sagittal,0.0,0.0,0.0,0.0,0.0,0.0,0.0,0.0,0.0
no_tumor,sagittal,0.0,0.0,0.0,0.0,0.0,0.0,0.0,0.0,0.0
no_tumor,sagittal,0.0,0.0,0.0,0.0,0.0,0.0,0.0,0.0,0.0
no_tumor,sagittal,0.0,0.0,0.0,0.0,0.0,0.0,0.0,0.0,0.0
no_tumor,sagittal,0.0,0.0,0.0,0.0,0.0,0.0,0.0,0.0,0.0
no_tumor,sagittal,0.0,0.0,0.0,0.0,0.0,0.0,0.0,0.0,0.0
no_tumor,sagittal,0.0,0.0,0.0,0.0,0.0,0.0,0.0,0.0,0.0
no_tumor,sagittal,0.0,0.0,0.0,0.0,0.0,0.0,0.0,0.0,0.0
no_tumor,sagittal,0.0,0.0,0.0,0.0,0.0,0.0,0.0,0.0,0.0
no_tumor,sagittal,0.0,0.0,0.0,0.0,0.0,0.0,0.0,0.0,0.0
no_tumor,sagittal,0.0,0.0,0.0,0.0,0.0,0.0,0.0,0.0,0.0
no_tumor,sagittal,0.0,0.0,0.0,0.0,0.0,0.0,0.0,0.0,0.0
no_tumor,sagittal,0.0,0.0,0.0,0.0,0.0,0.0,0.0,0.0,0.0
no_tumor,sagittal,0.0,0.0,0.0,0.0,0.0,0.0,0.0,0.0,0.0
no_tumor,sagittal,0.0,0.0,0.0,0.0,0.0,0.0,0.0,0.0,0.0
no_tumor,sagittal,0.0,0.0,0.0,0.0,0.0,0.0,0.0,0.0,0.0
no_tumor,sagittal,0.0,0.0,0.0,0.0,0.0,0.0,0.0,0.0,0.0
no_tumor,sagittal,0.0,0.0,0.0,0.0,0.0,0.0,0.0,0.0,0.0
no_tumor,sagittal,0.0,0.0,0.0,0.0,0.0,0.0,0.0,0.0,0.0
no_tumor,sagittal,0.0,0.0,0.0,0.0,0.0,0.0,0.0,0.0,0.0
no_tumor,sagittal,0.0,0.0,0.0,0.0,0.0,0.0,0.0,0.0,0.0
no_tumor,sagittal,0.0,0.0,0.0,0.0,0.0,0.0,0.0,0.0,0.0
no_tumor,sagittal,0.0,0.0,0.0,0.0,0.0,0.0,0.0,0.0,0.0
no_tumor,sagittal,0.0,0.0,0.0,0.0,0.0,0.0,0.0,0.0,0.0
no_tumor,sagittal,0.0,0.0,0.0,0.0,0.0,0.0,0.0,0.0,0.0
no_tumor,sagittal,0.0,0.0,0.0,0.0,0.0,0.0,0.0,0.0,0.0
no_tumor,sagittal,0.0,0.0,0.0,0.0,0.0,0.0,0.0,0.0,0.0
no_tumor,sagittal,0.0,0.0,0.0,0.0,0.0,0.0,0.0,0.0,0.0
no_tumor,sagittal,0.0,0.0,0.0,0.0,0.0,0.0,0.0,0.0,0.0
no_tumor,sagittal,0.0,0.0,0.0,0.0,0.0,0.0,0.0,0.0,0.0
no_tumor,sagittal,0.0,0.0,0.0,0.0,0.0,0.0,0.0,0.0,0.0
no_tumor,sagittal,0.0,0.0,0.0,0.0,0.0,0.0,0.0,0.0,0.0
no_tumor,sagittal,0.0,0.0,0.0,0.0,0.0,0.0,0.0,0.0,0.0
no_tumor,sagittal,0.0,0.0,0.0,0.0,0.0,0.0,0.0,0.0,0.0
no_tumor,sagittal,0.0,0.0,0.0,0.0,0.0,0.0,0.0,0.0,0.0
no_tumor,sagittal,0.0,0.0,0.0,0.0,0.0,0.0,0.0,0.0,0.0
no_tumor,sagittal,0.0,0.0,0.0,0.0,0.0,0.0,0.0,0.0,0.0
no_tumor,sagittal,0.0,0.0,0.0,0.0,0.0,0.0,0.0,0.0,0.0
no_tumor,sagittal,0.0,0.0,0.0,0.0,0.0,0.0,0.0,0.0,0.0
no_tumor,sagittal,0.0,0.0,0.0,0.0,0.0,0.0,0.0,0.0,0.0
no_tumor,sagittal,0.0,0.0,0.0,0.0,0.0,0.0,0.0,0.0,0.0
no_tumor,sagittal,0.0,0.0,0.0,0.0,0.0,0.0,0.0,0.0,0.0
no_tumor,sagittal,0.0,0.0,0.0,0.0,0.0,0.0,0.0,0.0,0.0
no_tumor,sagittal,0.0,0.0,0.0,0.0,0.0,0.0,0.0,0.0,0.0
no_tumor,sagittal,0.0,0.0,0.0,0.0,0.0,0.0,0.0,0.0,0.0
no_tumor,sagittal,0.0,0.0,0.0,0.0,0.0,0.0,0.0,0.0,0.0
no_tumor,sagittal,0.0,0.0,0.0,0.0,0.0,0.0,0.0,0.0,0.0
no_tumor,sagittal,0.0,0.0,0.0,0.0,0.0,0.0,0.0,0.0,0.0
no_tumor,sagittal,0.0,0.0,0.0,0.0,0.0,0.0,0.0,0.0,0.0
no_tumor,sagittal,0.0,0.0,0.0,0.0,0.0,0.0,0.0,0.0,0.0
no_tumor,sagittal,0.0,0.0,0.0,0.0,0.0,0.0,0.0,0.0,0.0
no_tumor,sagittal,0.0,0.0,0.0,0.0,0.0,0.0,0.0,0.0,0.0
no_tumor,sagittal,0.0,0.0,0.0,0.0,0.0,0.0,0.0,0.0,0.0
no_tumor,sagittal,0.0,0.0,0.0,0.0,0.0,0.0,0.0,0.0,0.0
no_tumor,sagittal,0.0,0.0,0.0,0.0,0.0,0.0,0.0,0.0,0.0
no_tumor,sagittal,0.0,0.0,0.0,0.0,0.0,0.0,0.0,0.0,0.0
no_tumor,sagittal,0.0,0.0,0.0,0.0,0.0,0.0,0.0,0.0,0.0
no_tumor,sagittal,0.0,0.0,0.0,0.0,0.0,0.0,0.0,0.0,0.0
no_tumor,sagittal,0.0,0.0,0.0,0.0,0.0,0.0,0.0,0.0,0.0
no_tumor,sagittal,0.0,0.0,0.0,0.0,0.0,0.0,0.0,0.0,0.0
no_tumor,sagittal,0.0,0.0,0.0,0.0,0.0,0.0,0.0,0.0,0.0
no_tumor,sagittal,0.0,0.0,0.0,0.0,0.0,0.0,0.0,0.0,0.0
no_tumor,sagittal,0.0,0.0,0.0,0.0,0.0,0.0,0.0,0.0,0.0
no_tumor,sagittal,0.0,0.0,0.0,0.0,0.0,0.0,0.0,0.0,0.0
no_tumor,sagittal,0.0,0.0,0.0,0.0,0.0,0.0,0.0,0.0,0.0
no_tumor,sagittal,0.0,0.0,0.0,0.0,0.0,0.0,0.0,0.0,0.0
no_tumor,sagittal,0.0,0.0,0.0,0.0,0.0,0.0,0.0,0.0,0.0
no_tumor,sagittal,0.0,0.0,0.0,0.0,0.0,0.0,0.0,0.0,0.0
no_tumor,sagittal,0.0,0.0,0.0,0.0,0.0,0.0,0.0,0.0,0.0
no_tumor,sagittal,0.0,0.0,0.0,0.0,0.0,0.0,0.0,0.0,0.0
no_tumor,sagittal,0.0,0.0,0.0,0.0,0.0,0.0,0.0,0.0,0.0
no_tumor,sagittal,0.0,0.0,0.0,0.0,0.0,0.0,0.0,0.0,0.0
no_tumor,sagittal,0.0,0.0,0.0,0.0,0.0,0.0,0.0,0.0,0.0
no_tumor,sagittal,0.0,0.0,0.0,0.0,0.0,0.0,0.0,0.0,0.0
no_tumor,sagittal,0.0,0.0,0.0,0.0,0.0,0.0,0.0,0.0,0.0
no_tumor,sagittal,0.0,0.0,0.0,0.0,0.0,0.0,0.0,0.0,0.0
no_tumor,sagittal,0.0,0.0,0.0,0.0,0.0,0.0,0.0,0.0,0.0
no_tumor,sagittal,0.0,0.0,0.0,0.0,0.0,0.0,0.0,0.0,0.0
no_tumor,sagittal,0.0,0.0,0.0,0.0,0.0,0.0,0.0,0.0,0.0
no_tumor,sagittal,0.0,0.0,0.0,0.0,0.0,0.0,0.0,0.0,0.0
no_tumor,sagittal,0.0,0.0,0.0,0.0,0.0,0.0,0.0,0.0,0.0
no_tumor,sagittal,0.0,0.0,0.0,0.0,0.0,0.0,0.0,0.0,0.0
no_tumor,sagittal,0.0,0.0,0.0,0.0,0.0,0.0,0.0,0.0,0.0
no_tumor,sagittal,0.0,0.0,0.0,0.0,0.0,0.0,0.0,0.0,0.0
no_tumor,sagittal,0.0,0.0,0.0,0.0,0.0,0.0,0.0,0.0,0.0
no_tumor,sagittal,0.0,0.0,0.0,0.0,0.0,0.0,0.0,0.0,0.0
no_tumor,sagittal,0.0,0.0,0.0,0.0,0.0,0.0,0.0,0.0,0.0
no_tumor,sagittal,0.0,0.0,0.0,0.0,0.0,0.0,0.0,0.0,0.0
no_tumor,sagittal,0.0,0.0,0.0,0.0,0.0,0.0,0.0,0.0,0.0
no_tumor,sagittal,0.0,0.0,0.0,0.0,0.0,0.0,0.0,0.0,0.0
no_tumor,sagittal,0.0,0.0,0.0,0.0,0.0,0.0,0.0,0.0,0.0
no_tumor,sagittal,0.0,0.0,0.0,0.0,0.0,0.0,0.0,0.0,0.0
no_tumor,sagittal,0.0,0.0,0.0,0.0,0.0,0.0,0.0,0.0,0.0
no_tumor,sagittal,0.0,0.0,0.0,0.0,0.0,0.0,0.0,0.0,0.0
no_tumor,sagittal,0.0,0.0,0.0,0.0,0.0,0.0,0.0,0.0,0.0
no_tumor,sagittal,0.0,0.0,0.0,0.0,0.0,0.0,0.0,0.0,0.0
no_tumor,sagittal,0.0,0.0,0.0,0.0,0.0,0.0,0.0,0.0,0.0
no_tumor,sagittal,0.0,0.0,0.0,0.0,0.0,0.0,0.0,0.0,0.0
no_tumor,sagittal,0.0,0.0,0.0,0.0,0.0,0.0,0.0,0.0,0.0
no_tumor,sagittal,0.0,0.0,0.0,0.0,0.0,0.0,0.0,0.0,0.0
no_tumor,sagittal,0.0,0.0,0.0,0.0,0.0,0.0,0.0,0.0,0.0
no_tumor,sagittal,0.0,0.0,0.0,0.0,0.0,0.0,0.0,0.0,0.0
no_tumor,sagittal,0.0,0.0,0.0,0.0,0.0,0.0,0.0,0.0,0.0
no_tumor,sagittal,0.0,0.0,0.0,0.0,0.0,0.0,0.0,0.0,0.0
no_tumor,sagittal,0.0,0.0,0.0,0.0,0.0,0.0,0.0,0.0,0.0
no_tumor,sagittal,0.0,0.0,0.0,0.0,0.0,0.0,0.0,0.0,0.0
no_tumor,sagittal,0.0,0.0,0.0,0.0,0.0,0.0,0.0,0.0,0.0
no_tumor,sagittal,0.0,0.0,0.0,0.0,0.0,0.0,0.0,0.0,0.0
no_tumor,sagittal,0.0,0.0,0.0,0.0,0.0,0.0,0.0,0.0,0.0
no_tumor,sagittal,0.0,0.0,0.0,0.0,0.0,0.0,0.0,0.0,0.0
no_tumor,sagittal,0.0,0.0,0.0,0.0,0.0,0.0,0.0,0.0,0.0
no_tumor,sagittal,0.0,0.0,0.0,0.0,0.0,0.0,0.0,0.0,0.0
no_tumor,sagittal,0.0,0.0,0.0,0.0,0.0,0.0,0.0,0.0,0.0
no_tumor,sagittal,0.0,0.0,0.0,0.0,0.0,0.0,0.0,0.0,0.0
no_tumor,sagittal,0.0,0.0,0.0,0.0,0.0,0.0,0.0,0.0,0.0
no_tumor,sagittal,0.0,0.0,0.0,0.0,0.0,0.0,0.0,0.0,0.0
no_tumor,sagittal,0.0,0.0,0.0,0.0,0.0,0.0,0.0,0.0,0.0
no_tumor,sagittal,0.0,0.0,0.0,0.0,0.0,0.0,0.0,0.0,0.0
no_tumor,sagittal,0.0,0.0,0.0,0.0,0.0,0.0,0.0,0.0,0.0
no_tumor,sagittal,0.0,0.0,0.0,0.0,0.0,0.0,0.0,0.0,0.0
no_tumor,sagittal,0.0,0.0,0.0,0.0,0.0,0.0,0.0,0.0,0.0
no_tumor,sagittal,0.0,0.0,0.0,0.0,0.0,0.0,0.0,0.0,0.0
no_tumor,sagittal,0.0,0.0,0.0,0.0,0.0,0.0,0.0,0.0,0.0
no_tumor,sagittal,0.0,0.0,0.0,0.0,0.0,0.0,0.0,0.0,0.0
no_tumor,sagittal,0.0,0.0,0.0,0.0,0.0,0.0,0.0,0.0,0.0
no_tumor,sagittal,0.0,0.0,0.0,0.0,0.0,0.0,0.0,0.0,0.0
no_tumor,sagittal,0.0,0.0,0.0,0.0,0.0,0.0,0.0,0.0,0.0
no_tumor,sagittal,0.0,0.0,0.0,0.0,0.0,0.0,0.0,0.0,0.0
no_tumor,sagittal,0.0,0.0,0.0,0.0,0.0,0.0,0.0,0.0,0.0
no_tumor,sagittal,0.0,0.0,0.0,0.0,0.0,0.0,0.0,0.0,0.0
no_tumor,sagittal,0.0,0.0,0.0,0.0,0.0,0.0,0.0,0.0,0.0
no_tumor,sagittal,0.0,0.0,0.0,0.0,0.0,0.0,0.0,0.0,0.0
no_tumor,sagittal,0.0,0.0,0.0,0.0,0.0,0.0,0.0,0.0,0.0
no_tumor,sagittal,0.0,0.0,0.0,0.0,0.0,0.0,0.0,0.0,0.0
no_tumor,sagittal,0.0,0.0,0.0,0.0,0.0,0.0,0.0,0.0,0.0
no_tumor,sagittal,0.0,0.0,0.0,0.0,0.0,0.0,0.0,0.0,0.0
no_tumor,sagittal,0.0,0.0,0.0,0.0,0.0,0.0,0.0,0.0,0.0
no_tumor,sagittal,0.0,0.0,0.0,0.0,0.0,0.0,0.0,0.0,0.0
no_tumor,sagittal,0.0,0.0,0.0,0.0,0.0,0.0,0.0,0.0,0.0
no_tumor,sagittal,0.0,0.0,0.0,0.0,0.0,0.0,0.0,0.0,0.0
no_tumor,sagittal,0.0,0.0,0.0,0.0,0.0,0.0,0.0,0.0,0.0
no_tumor,sagittal,0.0,0.0,0.0,0.0,0.0,0.0,0.0,0.0,0.0
no_tumor,sagittal,0.0,0.0,0.0,0.0,0.0,0.0,0.0,0.0,0.0
no_tumor,sagittal,0.0,0.0,0.0,0.0,0.0,0.0,0.0,0.0,0.0
no_tumor,sagittal,0.0,0.0,0.0,0.0,0.0,0.0,0.0,0.0,0.0
no_tumor,sagittal,0.0,0.0,0.0,0.0,0.0,0.0,0.0,0.0,0.0
no_tumor,sagittal,0.0,0.0,0.0,0.0,0.0,0.0,0.0,0.0,0.0
no_tumor,sagittal,0.0,0.0,0.0,0.0,0.0,0.0,0.0,0.0,0.0
no_tumor,sagittal,0.0,0.0,0.0,0.0,0.0,0.0,0.0,0.0,0.0
no_tumor,sagittal,0.0,0.0,0.0,0.0,0.0,0.0,0.0,0.0,0.0
no_tumor,sagittal,0.0,0.0,0.0,0.0,0.0,0.0,0.0,0.0,0.0
no_tumor,sagittal,0.0,0.0,0.0,0.0,0.0,0.0,0.0,0.0,0.0
no_tumor,sagittal,0.0,0.0,0.0,0.0,0.0,0.0,0.0,0.0,0.0
no_tumor,sagittal,0.0,0.0,0.0,0.0,0.0,0.0,0.0,0.0,0.0
no_tumor,sagittal,0.0,0.0,0.0,0.0,0.0,0.0,0.0,0.0,0.0
no_tumor,sagittal,0.0,0.0,0.0,0.0,0.0,0.0,0.0,0.0,0.0
no_tumor,sagittal,0.0,0.0,0.0,0.0,0.0,0.0,0.0,0.0,0.0
no_tumor,sagittal,0.0,0.0,0.0,0.0,0.0,0.0,0.0,0.0,0.0
no_tumor,sagittal,0.0,0.0,0.0,0.0,0.0,0.0,0.0,0.0,0.0
no_tumor,sagittal,0.0,0.0,0.0,0.0,0.0,0.0,0.0,0.0,0.0
no_tumor,sagittal,0.0,0.0,0.0,0.0,0.0,0.0,0.0,0.0,0.0
no_tumor,sagittal,0.0,0.0,0.0,0.0,0.0,0.0,0.0,0.0,0.0
no_tumor,sagittal,0.0,0.0,0.0,0.0,0.0,0.0,0.0,0.0,0.0
no_tumor,sagittal,0.0,0.0,0.0,0.0,0.0,0.0,0.0,0.0,0.0
no_tumor,sagittal,0.0,0.0,0.0,0.0,0.0,0.0,0.0,0.0,0.0
no_tumor,sagittal,0.0,0.0,0.0,0.0,0.0,0.0,0.0,0.0,0.0
no_tumor,sagittal,0.0,0.0,0.0,0.0,0.0,0.0,0.0,0.0,0.0
no_tumor,sagittal,0.0,0.0,0.0,0.0,0.0,0.0,0.0,0.0,0.0
no_tumor,sagittal,0.0,0.0,0.0,0.0,0.0,0.0,0.0,0.0,0.0
no_tumor,sagittal,0.0,0.0,0.0,0.0,0.0,0.0,0.0,0.0,0.0
no_tumor,sagittal,0.0,0.0,0.0,0.0,0.0,0.0,0.0,0.0,0.0
no_tumor,sagittal,0.0,0.0,0.0,0.0,0.0,0.0,0.0,0.0,0.0
no_tumor,sagittal,0.0,0.0,0.0,0.0,0.0,0.0,0.0,0.0,0.0
no_tumor,sagittal,0.0,0.0,0.0,0.0,0.0,0.0,0.0,0.0,0.0
no_tumor,sagittal,0.0,0.0,0.0,0.0,0.0,0.0,0.0,0.0,0.0
no_tumor,sagittal,0.0,0.0,0.0,0.0,0.0,0.0,0.0,0.0,0.0
no_tumor,sagittal,0.0,0.0,0.0,0.0,0.0,0.0,0.0,0.0,0.0
no_tumor,sagittal,0.0,0.0,0.0,0.0,0.0,0.0,0.0,0.0,0.0
no_tumor,sagittal,0.0,0.0,0.0,0.0,0.0,0.0,0.0,0.0,0.0
no_tumor,sagittal,0.0,0.0,0.0,0.0,0.0,0.0,0.0,0.0,0.0
no_tumor,sagittal,0.0,0.0,0.0,0.0,0.0,0.0,0.0,0.0,0.0
no_tumor,sagittal,0.0,0.0,0.0,0.0,0.0,0.0,0.0,0.0,0.0
no_tumor,sagittal,0.0,0.0,0.0,0.0,0.0,0.0,0.0,0.0,0.0
no_tumor,sagittal,0.0,0.0,0.0,0.0,0.0,0.0,0.0,0.0,0.0
no_tumor,sagittal,0.0,0.0,0.0,0.0,0.0,0.0,0.0,0.0,0.0
no_tumor,sagittal,0.0,0.0,0.0,0.0,0.0,0.0,0.0,0.0,0.0
no_tumor,sagittal,0.0,0.0,0.0,0.0,0.0,0.0,0.0,0.0,0.0
no_tumor,sagittal,0.0,0.0,0.0,0.0,0.0,0.0,0.0,0.0,0.0
no_tumor,sagittal,0.0,0.0,0.0,0.0,0.0,0.0,0.0,0.0,0.0
no_tumor,sagittal,0.0,0.0,0.0,0.0,0.0,0.0,0.0,0.0,0.0
no_tumor,sagittal,0.0,0.0,0.0,0.0,0.0,0.0,0.0,0.0,0.0
no_tumor,sagittal,0.0,0.0,0.0,0.0,0.0,0.0,0.0,0.0,0.0
no_tumor,sagittal,0.0,0.0,0.0,0.0,0.0,0.0,0.0,0.0,0.0
no_tumor,sagittal,0.0,0.0,0.0,0.0,0.0,0.0,0.0,0.0,0.0
no_tumor,sagittal,0.0,0.0,0.0,0.0,0.0,0.0,0.0,0.0,0.0
no_tumor,sagittal,0.0,0.0,0.0,0.0,0.0,0.0,0.0,0.0,0.0
no_tumor,sagittal,0.0,0.0,0.0,0.0,0.0,0.0,0.0,0.0,0.0
no_tumor,sagittal,0.0,0.0,0.0,0.0,0.0,0.0,0.0,0.0,0.0
no_tumor,sagittal,0.0,0.0,0.0,0.0,0.0,0.0,0.0,0.0,0.0
no_tumor,sagittal,0.0,0.0,0.0,0.0,0.0,0.0,0.0,0.0,0.0
no_tumor,sagittal,0.0,0.0,0.0,0.0,0.0,0.0,0.0,0.0,0.0
no_tumor,sagittal,0.0,0.0,0.0,0.0,0.0,0.0,0.0,0.0,0.0
no_tumor,sagittal,0.0,0.0,0.0,0.0,0.0,0.0,0.0,0.0,0.0
no_tumor,sagittal,0.0,0.0,0.0,0.0,0.0,0.0,0.0,0.0,0.0
no_tumor,sagittal,0.0,0.0,0.0,0.0,0.0,0.0,0.0,0.0,0.0
no_tumor,sagittal,0.0,0.0,0.0,0.0,0.0,0.0,0.0,0.0,0.0
no_tumor,sagittal,0.0,0.0,0.0,0.0,0.0,0.0,0.0,0.0,0.0
no_tumor,sagittal,0.0,0.0,0.0,0.0,0.0,0.0,0.0,0.0,0.0
no_tumor,sagittal,0.0,0.0,0.0,0.0,0.0,0.0,0.0,0.0,0.0
no_tumor,sagittal,0.0,0.0,0.0,0.0,0.0,0.0,0.0,0.0,0.0
no_tumor,sagittal,0.0,0.0,0.0,0.0,0.0,0.0,0.0,0.0,0.0
no_tumor,sagittal,0.0,0.0,0.0,0.0,0.0,0.0,0.0,0.0,0.0
no_tumor,sagittal,0.0,0.0,0.0,0.0,0.0,0.0,0.0,0.0,0.0
no_tumor,sagittal,0.0,0.0,0.0,0.0,0.0,0.0,0.0,0.0,0.0
no_tumor,sagittal,0.0,0.0,0.0,0.0,0.0,0.0,0.0,0.0,0.0
no_tumor,sagittal,0.0,0.0,0.0,0.0,0.0,0.0,0.0,0.0,0.0
no_tumor,sagittal,0.0,0.0,0.0,0.0,0.0,0.0,0.0,0.0,0.0
no_tumor,sagittal,0.0,0.0,0.0,0.0,0.0,0.0,0.0,0.0,0.0
no_tumor,sagittal,0.0,0.0,0.0,0.0,0.0,0.0,0.0,0.0,0.0
no_tumor,sagittal,0.0,0.0,0.0,0.0,0.0,0.0,0.0,0.0,0.0
no_tumor,sagittal,0.0,0.0,0.0,0.0,0.0,0.0,0.0,0.0,0.0
no_tumor,sagittal,0.0,0.0,0.0,0.0,0.0,0.0,0.0,0.0,0.0
no_tumor,sagittal,0.0,0.0,0.0,0.0,0.0,0.0,0.0,0.0,0.0
no_tumor,sagittal,0.0,0.0,0.0,0.0,0.0,0.0,0.0,0.0,0.0
no_tumor,sagittal,0.0,0.0,0.0,0.0,0.0,0.0,0.0,0.0,0.0
no_tumor,sagittal,0.0,0.0,0.0,0.0,0.0,0.0,0.0,0.0,0.0
no_tumor,sagittal,0.0,0.0,0.0,0.0,0.0,0.0,0.0,0.0,0.0
no_tumor,sagittal,0.0,0.0,0.0,0.0,0.0,0.0,0.0,0.0,0.0
no_tumor,sagittal,0.0,0.0,0.0,0.0,0.0,0.0,0.0,0.0,0.0
no_tumor,sagittal,0.0,0.0,0.0,0.0,0.0,0.0,0.0,0.0,0.0
no_tumor,sagittal,0.0,0.0,0.0,0.0,0.0,0.0,0.0,0.0,0.0
no_tumor,sagittal,0.0,0.0,0.0,0.0,0.0,0.0,0.0,0.0,0.0
no_tumor,sagittal,0.0,0.0,0.0,0.0,0.0,0.0,0.0,0.0,0.0
no_tumor,sagittal,0.0,0.0,0.0,0.0,0.0,0.0,0.0,0.0,0.0
no_tumor,sagittal,0.0,0.0,0.0,0.0,0.0,0.0,0.0,0.0,0.0
no_tumor,sagittal,0.0,0.0,0.0,0.0,0.0,0.0,0.0,0.0,0.0
no_tumor,sagittal,0.0,0.0,0.0,0.0,0.0,0.0,0.0,0.0,0.0
no_tumor,sagittal,0.0,0.0,0.0,0.0,0.0,0.0,0.0,0.0,0.0
no_tumor,sagittal,0.0,0.0,0.0,0.0,0.0,0.0,0.0,0.0,0.0
no_tumor,sagittal,0.0,0.0,0.0,0.0,0.0,0.0,0.0,0.0,0.0
no_tumor,sagittal,0.0,0.0,0.0,0.0,0.0,0.0,0.0,0.0,0.0
no_tumor,sagittal,0.0,0.0,0.0,0.0,0.0,0.0,0.0,0.0,0.0
no_tumor,sagittal,0.0,0.0,0.0,0.0,0.0,0.0,0.0,0.0,0.0
no_tumor,sagittal,0.0,0.0,0.0,0.0,0.0,0.0,0.0,0.0,0.0
no_tumor,sagittal,0.0,0.0,0.0,0.0,0.0,0.0,0.0,0.0,0.0
no_tumor,sagittal,0.0,0.0,0.0,0.0,0.0,0.0,0.0,0.0,0.0
no_tumor,sagittal,0.0,0.0,0.0,0.0,0.0,0.0,0.0,0.0,0.0
no_tumor,sagittal,0.0,0.0,0.0,0.0,0.0,0.0,0.0,0.0,0.0
no_tumor,sagittal,0.0,0.0,0.0,0.0,0.0,0.0,0.0,0.0,0.0
no_tumor,sagittal,0.0,0.0,0.0,0.0,0.0,0.0,0.0,0.0,0.0
no_tumor,sagittal,0.0,0.0,0.0,0.0,0.0,0.0,0.0,0.0,0.0
no_tumor,sagittal,0.0,0.0,0.0,0.0,0.0,0.0,0.0,0.0,0.0
no_tumor,sagittal,0.0,0.0,0.0,0.0,0.0,0.0,0.0,0.0,0.0
no_tumor,sagittal,0.0,0.0,0.0,0.0,0.0,0.0,0.0,0.0,0.0
no_tumor,sagittal,0.0,0.0,0.0,0.0,0.0,0.0,0.0,0.0,0.0
no_tumor,sagittal,0.0,0.0,0.0,0.0,0.0,0.0,0.0,0.0,0.0
no_tumor,sagittal,0.0,0.0,0.0,0.0,0.0,0.0,0.0,0.0,0.0
no_tumor,sagittal,0.0,0.0,0.0,0.0,0.0,0.0,0.0,0.0,0.0
no_tumor,sagittal,0.0,0.0,0.0,0.0,0.0,0.0,0.0,0.0,0.0
no_tumor,sagittal,0.0,0.0,0.0,0.0,0.0,0.0,0.0,0.0,0.0
no_tumor,sagittal,0.0,0.0,0.0,0.0,0.0,0.0,0.0,0.0,0.0
no_tumor,sagittal,0.0,0.0,0.0,0.0,0.0,0.0,0.0,0.0,0.0
no_tumor,sagittal,0.0,0.0,0.0,0.0,0.0,0.0,0.0,0.0,0.0
no_tumor,sagittal,0.0,0.0,0.0,0.0,0.0,0.0,0.0,0.0,0.0
no_tumor,sagittal,0.0,0.0,0.0,0.0,0.0,0.0,0.0,0.0,0.0
no_tumor,sagittal,0.0,0.0,0.0,0.0,0.0,0.0,0.0,0.0,0.0
no_tumor,sagittal,0.0,0.0,0.0,0.0,0.0,0.0,0.0,0.0,0.0
no_tumor,sagittal,0.0,0.0,0.0,0.0,0.0,0.0,0.0,0.0,0.0
no_tumor,sagittal,0.0,0.0,0.0,0.0,0.0,0.0,0.0,0.0,0.0
no_tumor,sagittal,0.0,0.0,0.0,0.0,0.0,0.0,0.0,0.0,0.0
no_tumor,sagittal,0.0,0.0,0.0,0.0,0.0,0.0,0.0,0.0,0.0
no_tumor,sagittal,0.0,0.0,0.0,0.0,0.0,0.0,0.0,0.0,0.0
no_tumor,sagittal,0.0,0.0,0.0,0.0,0.0,0.0,0.0,0.0,0.0
no_tumor,sagittal,0.0,0.0,0.0,0.0,0.0,0.0,0.0,0.0,0.0
no_tumor,sagittal,0.0,0.0,0.0,0.0,0.0,0.0,0.0,0.0,0.0
no_tumor,sagittal,0.0,0.0,0.0,0.0,0.0,0.0,0.0,0.0,0.0
no_tumor,sagittal,0.0,0.0,0.0,0.0,0.0,0.0,0.0,0.0,0.0
no_tumor,sagittal,0.0,0.0,0.0,0.0,0.0,0.0,0.0,0.0,0.0
no_tumor,sagittal,0.0,0.0,0.0,0.0,0.0,0.0,0.0,0.0,0.0
no_tumor,sagittal,0.0,0.0,0.0,0.0,0.0,0.0,0.0,0.0,0.0
no_tumor,sagittal,0.0,0.0,0.0,0.0,0.0,0.0,0.0,0.0,0.0
no_tumor,sagittal,0.0,0.0,0.0,0.0,0.0,0.0,0.0,0.0,0.0
no_tumor,sagittal,0.0,0.0,0.0,0.0,0.0,0.0,0.0,0.0,0.0
no_tumor,sagittal,0.0,0.0,0.0,0.0,0.0,0.0,0.0,0.0,0.0
no_tumor,sagittal,0.0,0.0,0.0,0.0,0.0,0.0,0.0,0.0,0.0
no_tumor,sagittal,0.0,0.0,0.0,0.0,0.0,0.0,0.0,0.0,0.0
no_tumor,sagittal,0.0,0.0,0.0,0.0,0.0,0.0,0.0,0.0,0.0
no_tumor,sagittal,0.0,0.0,0.0,0.0,0.0,0.0,0.0,0.0,0.0
no_tumor,sagittal,0.0,0.0,0.0,0.0,0.0,0.0,0.0,0.0,0.0
no_tumor,sagittal,0.0,0.0,0.0,0.0,0.0,0.0,0.0,0.0,0.0
no_tumor,sagittal,0.0,0.0,0.0,0.0,0.0,0.0,0.0,0.0,0.0
no_tumor,sagittal,0.0,0.0,0.0,0.0,0.0,0.0,0.0,0.0,0.0
no_tumor,sagittal,0.0,0.0,0.0,0.0,0.0,0.0,0.0,0.0,0.0
no_tumor,sagittal,0.0,0.0,0.0,0.0,0.0,0.0,0.0,0.0,0.0
no_tumor,sagittal,0.0,0.0,0.0,0.0,0.0,0.0,0.0,0.0,0.0
no_tumor,sagittal,0.0,0.0,0.0,0.0,0.0,0.0,0.0,0.0,0.0
no_tumor,sagittal,0.0,0.0,0.0,0.0,0.0,0.0,0.0,0.0,0.0
no_tumor,sagittal,0.0,0.0,0.0,0.0,0.0,0.0,0.0,0.0,0.0
no_tumor,sagittal,0.0,0.0,0.0,0.0,0.0,0.0,0.0,0.0,0.0
no_tumor,sagittal,0.0,0.0,0.0,0.0,0.0,0.0,0.0,0.0,0.0
no_tumor,sagittal,0.0,0.0,0.0,0.0,0.0,0.0,0.0,0.0,0.0
no_tumor,sagittal,0.0,0.0,0.0,0.0,0.0,0.0,0.0,0.0,0.0
no_tumor,sagittal,0.0,0.0,0.0,0.0,0.0,0.0,0.0,0.0,0.0
no_tumor,sagittal,0.0,0.0,0.0,0.0,0.0,0.0,0.0,0.0,0.0
no_tumor,sagittal,0.0,0.0,0.0,0.0,0.0,0.0,0.0,0.0,0.0
no_tumor,sagittal,0.0,0.0,0.0,0.0,0.0,0.0,0.0,0.0,0.0
no_tumor,sagittal,0.0,0.0,0.0,0.0,0.0,0.0,0.0,0.0,0.0
no_tumor,sagittal,0.0,0.0,0.0,0.0,0.0,0.0,0.0,0.0,0.0
no_tumor,sagittal,0.0,0.0,0.0,0.0,0.0,0.0,0.0,0.0,0.0
no_tumor,sagittal,0.0,0.0,0.0,0.0,0.0,0.0,0.0,0.0,0.0
no_tumor,sagittal,0.0,0.0,0.0,0.0,0.0,0.0,0.0,0.0,0.0
no_tumor,sagittal,0.0,0.0,0.0,0.0,0.0,0.0,0.0,0.0,0.0
no_tumor,sagittal,0.0,0.0,0.0,0.0,0.0,0.0,0.0,0.0,0.0
no_tumor,sagittal,0.0,0.0,0.0,0.0,0.0,0.0,0.0,0.0,0.0
no_tumor,sagittal,0.0,0.0,0.0,0.0,0.0,0.0,0.0,0.0,0.0
no_tumor,sagittal,0.0,0.0,0.0,0.0,0.0,0.0,0.0,0.0,0.0
no_tumor,sagittal,0.0,0.0,0.0,0.0,0.0,0.0,0.0,0.0,0.0
no_tumor,sagittal,0.0,0.0,0.0,0.0,0.0,0.0,0.0,0.0,0.0
no_tumor,sagittal,0.0,0.0,0.0,0.0,0.0,0.0,0.0,0.0,0.0
no_tumor,sagittal,0.0,0.0,0.0,0.0,0.0,0.0,0.0,0.0,0.0
no_tumor,sagittal,0.0,0.0,0.0,0.0,0.0,0.0,0.0,0.0,0.0
no_tumor,sagittal,0.0,0.0,0.0,0.0,0.0,0.0,0.0,0.0,0.0
no_tumor,sagittal,0.0,0.0,0.0,0.0,0.0,0.0,0.0,0.0,0.0
no_tumor,sagittal,0.0,0.0,0.0,0.0,0.0,0.0,0.0,0.0,0.0
no_tumor,sagittal,0.0,0.0,0.0,0.0,0.0,0.0,0.0,0.0,0.0
no_tumor,sagittal,0.0,0.0,0.0,0.0,0.0,0.0,0.0,0.0,0.0
no_tumor,sagittal,0.0,0.0,0.0,0.0,0.0,0.0,0.0,0.0,0.0
no_tumor,sagittal,0.0,0.0,0.0,0.0,0.0,0.0,0.0,0.0,0.0
no_tumor,sagittal,0.0,0.0,0.0,0.0,0.0,0.0,0.0,0.0,0.0
no_tumor,sagittal,0.0,0.0,0.0,0.0,0.0,0.0,0.0,0.0,0.0
no_tumor,sagittal,0.0,0.0,0.0,0.0,0.0,0.0,0.0,0.0,0.0
no_tumor,sagittal,0.0,0.0,0.0,0.0,0.0,0.0,0.0,0.0,0.0
no_tumor,sagittal,0.0,0.0,0.0,0.0,0.0,0.0,0.0,0.0,0.0
no_tumor,sagittal,0.0,0.0,0.0,0.0,0.0,0.0,0.0,0.0,0.0
no_tumor,sagittal,0.0,0.0,0.0,0.0,0.0,0.0,0.0,0.0,0.0
no_tumor,sagittal,0.0,0.0,0.0,0.0,0.0,0.0,0.0,0.0,0.0
no_tumor,sagittal,0.0,0.0,0.0,0.0,0.0,0.0,0.0,0.0,0.0
no_tumor,sagittal,0.0,0.0,0.0,0.0,0.0,0.0,0.0,0.0,0.0
no_tumor,sagittal,0.0,0.0,0.0,0.0,0.0,0.0,0.0,0.0,0.0
no_tumor,sagittal,0.0,0.0,0.0,0.0,0.0,0.0,0.0,0.0,0.0
no_tumor,sagittal,0.0,0.0,0.0,0.0,0.0,0.0,0.0,0.0,0.0
no_tumor,sagittal,0.0,0.0,0.0,0.0,0.0,0.0,0.0,0.0,0.0
no_tumor,sagittal,0.0,0.0,0.0,0.0,0.0,0.0,0.0,0.0,0.0
no_tumor,sagittal,0.0,0.0,0.0,0.0,0.0,0.0,0.0,0.0,0.0
no_tumor,sagittal,0.0,0.0,0.0,0.0,0.0,0.0,0.0,0.0,0.0
no_tumor,sagittal,0.0,0.0,0.0,0.0,0.0,0.0,0.0,0.0,0.0
no_tumor,sagittal,0.0,0.0,0.0,0.0,0.0,0.0,0.0,0.0,0.0
no_tumor,sagittal,0.0,0.0,0.0,0.0,0.0,0.0,0.0,0.0,0.0
